sim_time,train_id,event,reason,pos_m,speed_kmh,distance_to_eoa_m,collision_partner_id,collision_overlap_m,collision_gap_m,atp_state,ato_state,ato_profile_phase
212.99999999999218,SRC_1,STATION_EVENT,STOP_TARGET_ASSIGNED,1810.081691884752,26.713276238600873,189.0687138691219,,,,,,
212.99999999999218,SRC_1,STATION_EVENT,RECEIVE_ROUTE_ASSIGNED,1810.081691884752,26.713276238600873,189.0687138691219,,,,,,
213.09999999999218,SRC_1,STATION_EVENT,STOP_TARGET_ASSIGNED,1810.8275363520738,26.987525408569798,188.3670427166171,,,,,,
213.09999999999218,SRC_1,STATION_EVENT,RECEIVE_ROUTE_ASSIGNED,1810.8275363520738,26.987525408569798,188.3670427166171,,,,,,
213.19999999999217,SRC_1,STATION_EVENT,STOP_TARGET_ASSIGNED,1811.5813736049417,27.28875679792873,187.65849047266124,,,,,,
213.19999999999217,SRC_1,STATION_EVENT,RECEIVE_ROUTE_ASSIGNED,1811.5813736049417,27.28875679792873,187.65849047266124,,,,,,
213.29999999999217,SRC_1,STATION_EVENT,STOP_TARGET_ASSIGNED,1812.343953123816,27.616968561011312,186.94234508243676,,,,,,
213.29999999999217,SRC_1,STATION_EVENT,RECEIVE_ROUTE_ASSIGNED,1812.343953123816,27.616968561011312,186.94234508243676,,,,,,
213.39999999999216,SRC_1,STATION_EVENT,STOP_TARGET_ASSIGNED,1813.116024337513,27.972158825179452,186.21789453950623,,,,,,
213.39999999999216,SRC_1,STATION_EVENT,RECEIVE_ROUTE_ASSIGNED,1813.116024337513,27.972158825179452,186.21789453950623,,,,,,
213.49999999999216,SRC_1,STATION_EVENT,STOP_TARGET_ASSIGNED,1813.89799661214,28.329844947982387,185.48442688649425,,,,,,
213.49999999999216,SRC_1,STATION_EVENT,RECEIVE_ROUTE_ASSIGNED,1813.89799661214,28.329844947982387,185.48442688649425,,,,,,
213.59999999999215,SRC_1,STATION_EVENT,STOP_TARGET_ASSIGNED,1814.6898992215401,28.687142928828212,184.7415532255984,,,,,,
213.59999999999215,SRC_1,STATION_EVENT,RECEIVE_ROUTE_ASSIGNED,1814.6898992215401,28.687142928828212,184.7415532255984,,,,,,
213.69999999999214,SRC_1,STATION_EVENT,STOP_TARGET_ASSIGNED,1815.491721387871,29.044053046984388,183.9892457466683,,,,,,
213.69999999999214,SRC_1,STATION_EVENT,RECEIVE_ROUTE_ASSIGNED,1815.491721387871,29.044053046984388,183.9892457466683,,,,,,
213.79999999999214,SRC_1,STATION_EVENT,STOP_TARGET_ASSIGNED,1816.3034523410495,29.400575581877334,183.22751468865408,,,,,,
213.79999999999214,SRC_1,STATION_EVENT,RECEIVE_ROUTE_ASSIGNED,1816.3034523410495,29.400575581877334,183.22751468865408,,,,,,
213.89999999999213,SRC_1,STATION_EVENT,STOP_TARGET_ASSIGNED,1817.1250813187573,29.756710813091303,182.44654765895052,,,,,,
213.89999999999213,SRC_1,STATION_EVENT,RECEIVE_ROUTE_ASSIGNED,1817.1250813187573,29.756710813091303,182.44654765895052,,,,,,
213.99999999999213,SRC_1,STATION_EVENT,STOP_TARGET_ASSIGNED,1817.9565975664443,30.112459020367265,181.62491868124266,,,,,,
213.99999999999213,SRC_1,STATION_EVENT,RECEIVE_ROUTE_ASSIGNED,1817.9565975664443,30.112459020367265,181.62491868124266,,,,,,
214.09999999999212,SRC_1,STATION_EVENT,STOP_TARGET_ASSIGNED,1818.7979903373327,30.46782048360179,180.79340243355568,,,,,,
214.09999999999212,SRC_1,STATION_EVENT,RECEIVE_ROUTE_ASSIGNED,1818.7979903373327,30.46782048360179,180.79340243355568,,,,,,
214.19999999999212,SRC_1,STATION_EVENT,STOP_TARGET_ASSIGNED,1819.6492488924223,30.822795482845954,179.95200966266725,,,,,,
214.19999999999212,SRC_1,STATION_EVENT,RECEIVE_ROUTE_ASSIGNED,1819.6492488924223,30.822795482845954,179.95200966266725,,,,,,
214.2999999999921,SRC_1,STATION_EVENT,STOP_TARGET_ASSIGNED,1820.5103625004938,31.177384298304204,179.1007511075777,,,,,,
214.2999999999921,SRC_1,STATION_EVENT,RECEIVE_ROUTE_ASSIGNED,1820.5103625004938,31.177384298304204,179.1007511075777,,,,,,
214.3999999999921,SRC_1,STATION_EVENT,STOP_TARGET_ASSIGNED,1821.3813204381138,31.531587210333274,178.23963749950622,,,,,,
214.3999999999921,SRC_1,STATION_EVENT,RECEIVE_ROUTE_ASSIGNED,1821.3813204381138,31.531587210333274,178.23963749950622,,,,,,
214.4999999999921,SRC_1,STATION_EVENT,STOP_TARGET_ASSIGNED,1822.2621119896385,31.88540449944108,177.3686795618862,,,,,,
214.4999999999921,SRC_1,STATION_EVENT,RECEIVE_ROUTE_ASSIGNED,1822.2621119896385,31.88540449944108,177.3686795618862,,,,,,
214.5999999999921,SRC_1,STATION_EVENT,STOP_TARGET_ASSIGNED,1823.152726447218,32.23883644628559,176.48788801036153,,,,,,
214.5999999999921,SRC_1,STATION_EVENT,RECEIVE_ROUTE_ASSIGNED,1823.152726447218,32.23883644628559,176.48788801036153,,,,,,
214.6999999999921,SRC_1,STATION_EVENT,STOP_TARGET_ASSIGNED,1824.0531531108006,32.59188333167374,175.5972735527821,,,,,,
214.6999999999921,SRC_1,STATION_EVENT,RECEIVE_ROUTE_ASSIGNED,1824.0531531108006,32.59188333167374,175.5972735527821,,,,,,
214.79999999999208,SRC_1,STATION_EVENT,STOP_TARGET_ASSIGNED,1824.9633812881373,32.94454543656037,174.69684688919938,,,,,,
214.79999999999208,SRC_1,STATION_EVENT,RECEIVE_ROUTE_ASSIGNED,1824.9633812881373,32.94454543656037,174.69684688919938,,,,,,
214.89999999999208,SRC_1,STATION_EVENT,STOP_TARGET_ASSIGNED,1825.8834002947847,33.29682304204706,173.78661871186273,,,,,,
214.89999999999208,SRC_1,STATION_EVENT,RECEIVE_ROUTE_ASSIGNED,1825.8834002947847,33.29682304204706,173.78661871186273,,,,,,
214.99999999999207,SRC_1,STATION_EVENT,STOP_TARGET_ASSIGNED,1826.81319945411,33.64871642938109,172.86659970521532,,,,,,
214.99999999999207,SRC_1,STATION_EVENT,RECEIVE_ROUTE_ASSIGNED,1826.81319945411,33.64871642938109,172.86659970521532,,,,,,
215.09999999999206,SRC_1,STATION_EVENT,STOP_TARGET_ASSIGNED,1827.752768097295,34.000225879954336,171.93680054589004,,,,,,
215.09999999999206,SRC_1,STATION_EVENT,RECEIVE_ROUTE_ASSIGNED,1827.752768097295,34.000225879954336,171.93680054589004,,,,,,
215.19999999999206,SRC_1,STATION_EVENT,STOP_TARGET_ASSIGNED,1828.7020955633402,34.35135167530214,170.99723190270493,,,,,,
215.19999999999206,SRC_1,STATION_EVENT,RECEIVE_ROUTE_ASSIGNED,1828.7020955633402,34.35135167530214,170.99723190270493,,,,,,
215.29999999999205,SRC_1,STATION_EVENT,STOP_TARGET_ASSIGNED,1829.6611711990681,34.7020940971023,170.0479044366598,,,,,,
215.29999999999205,SRC_1,STATION_EVENT,RECEIVE_ROUTE_ASSIGNED,1829.6611711990681,34.7020940971023,170.0479044366598,,,,,,
215.39999999999205,SRC_1,STATION_EVENT,STOP_TARGET_ASSIGNED,1830.6296464868976,35.02812662662127,169.08882880093188,,,,,,
215.39999999999205,SRC_1,STATION_EVENT,RECEIVE_ROUTE_ASSIGNED,1830.6296464868976,35.02812662662127,169.08882880093188,,,,,,
215.49999999999204,SRC_1,STATION_EVENT,STOP_TARGET_ASSIGNED,1831.6068028999732,35.327135114823804,168.12035351310237,,,,,,
215.49999999999204,SRC_1,STATION_EVENT,RECEIVE_ROUTE_ASSIGNED,1831.6068028999732,35.327135114823804,168.12035351310237,,,,,,
215.59999999999204,SRC_1,STATION_EVENT,STOP_TARGET_ASSIGNED,1832.5926397967153,35.65312145060677,167.14319710002678,,,,,,
215.59999999999204,SRC_1,STATION_EVENT,RECEIVE_ROUTE_ASSIGNED,1832.5926397967153,35.65312145060677,167.14319710002678,,,,,,
215.69999999999203,SRC_1,STATION_EVENT,STOP_TARGET_ASSIGNED,1833.5871565324471,35.95208352209367,166.15736020328472,,,,,,
215.69999999999203,SRC_1,STATION_EVENT,RECEIVE_ROUTE_ASSIGNED,1833.5871565324471,35.95208352209367,166.15736020328472,,,,,,
215.79999999999202,SRC_1,STATION_EVENT,STOP_TARGET_ASSIGNED,1834.5896024596568,36.22402323699675,165.16284346755288,,,,,,
215.79999999999202,SRC_1,STATION_EVENT,RECEIVE_ROUTE_ASSIGNED,1834.5896024596568,36.22402323699675,165.16284346755288,,,,,,
215.89999999999202,SRC_1,STATION_EVENT,STOP_TARGET_ASSIGNED,1835.599419769894,36.482823100082776,164.16039754034318,,,,,,
215.89999999999202,SRC_1,STATION_EVENT,RECEIVE_ROUTE_ASSIGNED,1835.599419769894,36.482823100082776,164.16039754034318,,,,,,
215.999999999992,SRC_1,STATION_EVENT,STOP_TARGET_ASSIGNED,1836.6160506942222,36.714603451550325,163.15058023010602,,,,,,
215.999999999992,SRC_1,STATION_EVENT,RECEIVE_ROUTE_ASSIGNED,1836.6160506942222,36.714603451550325,163.15058023010602,,,,,,
216.099999999992,SRC_1,STATION_EVENT,STOP_TARGET_ASSIGNED,1837.6387841968863,36.922208740259684,162.13394930577783,,,,,,
216.099999999992,SRC_1,STATION_EVENT,RECEIVE_ROUTE_ASSIGNED,1837.6387841968863,36.922208740259684,162.13394930577783,,,,,,
216.199999999992,SRC_1,STATION_EVENT,STOP_TARGET_ASSIGNED,1838.666909294248,37.10279826978858,161.11121580311374,,,,,,
216.199999999992,SRC_1,STATION_EVENT,RECEIVE_ROUTE_ASSIGNED,1838.666909294248,37.10279826978858,161.11121580311374,,,,,,
216.299999999992,SRC_1,STATION_EVENT,STOP_TARGET_ASSIGNED,1839.7000088175023,37.28036740451825,160.08309070575206,,,,,,
216.299999999992,SRC_1,STATION_EVENT,RECEIVE_ROUTE_ASSIGNED,1839.7000088175023,37.28036740451825,160.08309070575206,,,,,,
216.399999999992,SRC_1,STATION_EVENT,STOP_TARGET_ASSIGNED,1840.7376656284882,37.43092298646466,159.0499911824977,,,,,,
216.399999999992,SRC_1,STATION_EVENT,RECEIVE_ROUTE_ASSIGNED,1840.7376656284882,37.43092298646466,159.0499911824977,,,,,,
216.49999999999199,SRC_1,STATION_EVENT,STOP_TARGET_ASSIGNED,1841.7791600165397,37.55667295324341,158.01233437151177,,,,,,
216.49999999999199,SRC_1,STATION_EVENT,RECEIVE_ROUTE_ASSIGNED,1841.7791600165397,37.55667295324341,158.01233437151177,,,,,,
216.59999999999198,SRC_1,STATION_EVENT,STOP_TARGET_ASSIGNED,1842.8237723253355,37.655413280057935,156.97083998346034,,,,,,
216.59999999999198,SRC_1,STATION_EVENT,RECEIVE_ROUTE_ASSIGNED,1842.8237723253355,37.655413280057935,156.97083998346034,,,,,,
216.69999999999197,SRC_1,STATION_EVENT,STOP_TARGET_ASSIGNED,1843.8710733780563,37.75026251583789,155.92622767466446,,,,,,
216.69999999999197,SRC_1,STATION_EVENT,RECEIVE_ROUTE_ASSIGNED,1843.8710733780563,37.75026251583789,155.92622767466446,,,,,,
216.79999999999197,SRC_1,STATION_EVENT,STOP_TARGET_ASSIGNED,1844.9210158694762,37.845596866391816,154.87892662194372,,,,,,
216.79999999999197,SRC_1,STATION_EVENT,RECEIVE_ROUTE_ASSIGNED,1844.9210158694762,37.845596866391816,154.87892662194372,,,,,,
216.89999999999196,SRC_1,STATION_EVENT,STOP_TARGET_ASSIGNED,1845.9732314353485,37.91392387642006,153.82898413052385,,,,,,
216.89999999999196,SRC_1,STATION_EVENT,RECEIVE_ROUTE_ASSIGNED,1845.9732314353485,37.91392387642006,153.82898413052385,,,,,,
216.99999999999196,SRC_1,STATION_EVENT,STOP_TARGET_ASSIGNED,1847.0271877501434,37.97093078880893,152.77676856465155,,,,,,
216.99999999999196,SRC_1,STATION_EVENT,RECEIVE_ROUTE_ASSIGNED,1847.0271877501434,37.97093078880893,152.77676856465155,,,,,,
217.09999999999195,SRC_1,STATION_EVENT,STOP_TARGET_ASSIGNED,1848.0825349430536,38.01406710072098,151.7228122498566,,,,,,
217.09999999999195,SRC_1,STATION_EVENT,RECEIVE_ROUTE_ASSIGNED,1848.0825349430536,38.01406710072098,151.7228122498566,,,,,,
217.19999999999195,SRC_1,STATION_EVENT,STOP_TARGET_ASSIGNED,1849.139179401119,38.0643338799876,150.6674650569464,,,,,,
217.19999999999195,SRC_1,STATION_EVENT,RECEIVE_ROUTE_ASSIGNED,1849.139179401119,38.0643338799876,150.6674650569464,,,,,,
217.29999999999194,SRC_1,STATION_EVENT,STOP_TARGET_ASSIGNED,1850.1968451046655,38.08759677535241,149.610820598881,,,,,,
217.29999999999194,SRC_1,STATION_EVENT,RECEIVE_ROUTE_ASSIGNED,1850.1968451046655,38.08759677535241,149.610820598881,,,,,,
217.39999999999193,SRC_1,STATION_EVENT,STOP_TARGET_ASSIGNED,1851.2549944442267,38.09915567305582,148.5531548953345,,,,,,
217.39999999999193,SRC_1,STATION_EVENT,RECEIVE_ROUTE_ASSIGNED,1851.2549944442267,38.09915567305582,148.5531548953345,,,,,,
217.49999999999193,SRC_1,STATION_EVENT,STOP_TARGET_ASSIGNED,1852.3134625684547,38.110549271361805,147.49500555577333,,,,,,
217.49999999999193,SRC_1,STATION_EVENT,RECEIVE_ROUTE_ASSIGNED,1852.3134625684547,38.110549271361805,147.49500555577333,,,,,,
217.59999999999192,SRC_1,STATION_EVENT,STOP_TARGET_ASSIGNED,1853.372244885875,38.12177758290702,146.43653743154528,,,,,,
217.59999999999192,SRC_1,STATION_EVENT,RECEIVE_ROUTE_ASSIGNED,1853.372244885875,38.12177758290702,146.43653743154528,,,,,,
217.69999999999192,SRC_1,STATION_EVENT,STOP_TARGET_ASSIGNED,1854.4313368053645,38.13284062033341,145.37775511412497,,,,,,
217.69999999999192,SRC_1,STATION_EVENT,RECEIVE_ROUTE_ASSIGNED,1854.4313368053645,38.13284062033341,145.37775511412497,,,,,,
217.7999999999919,SRC_1,STATION_EVENT,STOP_TARGET_ASSIGNED,1855.4907337361508,38.14373839628815,144.31866319463552,,,,,,
217.7999999999919,SRC_1,STATION_EVENT,RECEIVE_ROUTE_ASSIGNED,1855.4907337361508,38.14373839628815,144.31866319463552,,,,,,
217.8999999999919,SRC_1,STATION_EVENT,STOP_TARGET_ASSIGNED,1856.5504310878134,38.15447092342351,143.2592662638492,,,,,,
217.8999999999919,SRC_1,STATION_EVENT,RECEIVE_ROUTE_ASSIGNED,1856.5504310878134,38.15447092342351,143.2592662638492,,,,,,
217.9999999999919,SRC_1,STATION_EVENT,STOP_TARGET_ASSIGNED,1857.6104242702831,38.16503821439679,142.19956891218658,,,,,,
217.9999999999919,SRC_1,STATION_EVENT,RECEIVE_ROUTE_ASSIGNED,1857.6104242702831,38.16503821439679,142.19956891218658,,,,,,
218.0999999999919,SRC_1,STATION_EVENT,STOP_TARGET_ASSIGNED,1858.6707086938425,38.17544028187022,141.13957572971685,,,,,,
218.0999999999919,SRC_1,STATION_EVENT,RECEIVE_ROUTE_ASSIGNED,1858.6707086938425,38.17544028187022,141.13957572971685,,,,,,
218.1999999999919,SRC_1,STATION_EVENT,STOP_TARGET_ASSIGNED,1859.7312797691256,38.18567713851089,140.07929130615753,,,,,,
218.1999999999919,SRC_1,STATION_EVENT,RECEIVE_ROUTE_ASSIGNED,1859.7312797691256,38.18567713851089,140.07929130615753,,,,,,
218.29999999999188,SRC_1,STATION_EVENT,STOP_TARGET_ASSIGNED,1860.7921329071187,38.19574879699061,139.01872023087435,,,,,,
218.29999999999188,SRC_1,STATION_EVENT,RECEIVE_ROUTE_ASSIGNED,1860.7921329071187,38.19574879699061,139.01872023087435,,,,,,
218.39999999999188,SRC_1,STATION_EVENT,STOP_TARGET_ASSIGNED,1861.85326351916,38.20565526998585,137.95786709288132,,,,,,
218.39999999999188,SRC_1,STATION_EVENT,RECEIVE_ROUTE_ASSIGNED,1861.85326351916,38.20565526998585,137.95786709288132,,,,,,
218.49999999999187,SRC_1,STATION_EVENT,STOP_TARGET_ASSIGNED,1862.91466701694,38.21539657017765,136.89673648084,,,,,,
218.49999999999187,SRC_1,STATION_EVENT,RECEIVE_ROUTE_ASSIGNED,1862.91466701694,38.21539657017765,136.89673648084,,,,,,
218.59999999999187,SRC_1,STATION_EVENT,STOP_TARGET_ASSIGNED,1863.9763388125016,38.22497271025155,135.83533298305997,,,,,,
218.59999999999187,SRC_1,STATION_EVENT,RECEIVE_ROUTE_ASSIGNED,1863.9763388125016,38.22497271025155,135.83533298305997,,,,,,
218.69999999999186,SRC_1,STATION_EVENT,STOP_TARGET_ASSIGNED,1865.0382743182397,38.234383702897425,134.77366118749842,,,,,,
218.69999999999186,SRC_1,STATION_EVENT,RECEIVE_ROUTE_ASSIGNED,1865.0382743182397,38.234383702897425,134.77366118749842,,,,,,
218.79999999999185,SRC_1,STATION_EVENT,STOP_TARGET_ASSIGNED,1866.1004689469023,38.24362956080946,133.7117256817603,,,,,,
218.79999999999185,SRC_1,STATION_EVENT,RECEIVE_ROUTE_ASSIGNED,1866.1004689469023,38.24362956080946,133.7117256817603,,,,,,
218.89999999999185,SRC_1,STATION_EVENT,STOP_TARGET_ASSIGNED,1867.1629181115898,38.25271029668604,132.6495310530977,,,,,,
218.89999999999185,SRC_1,STATION_EVENT,RECEIVE_ROUTE_ASSIGNED,1867.1629181115898,38.25271029668604,132.6495310530977,,,,,,
218.99999999999184,SRC_1,STATION_EVENT,STOP_TARGET_ASSIGNED,1868.2256172257553,38.261625923229644,131.58708188841024,,,,,,
218.99999999999184,SRC_1,STATION_EVENT,RECEIVE_ROUTE_ASSIGNED,1868.2256172257553,38.261625923229644,131.58708188841024,,,,,,
219.09999999999184,SRC_1,STATION_EVENT,STOP_TARGET_ASSIGNED,1869.288561703205,38.27037645314678,130.5243827742447,,,,,,
219.09999999999184,SRC_1,STATION_EVENT,RECEIVE_ROUTE_ASSIGNED,1869.288561703205,38.27037645314678,130.5243827742447,,,,,,
219.19999999999183,SRC_1,STATION_EVENT,STOP_TARGET_ASSIGNED,1870.351746958098,38.278961899147866,129.461438296795,,,,,,
219.19999999999183,SRC_1,STATION_EVENT,RECEIVE_ROUTE_ASSIGNED,1870.351746958098,38.278961899147866,129.461438296795,,,,,,
219.29999999999183,SRC_1,STATION_EVENT,STOP_TARGET_ASSIGNED,1871.4151684049464,38.28738227394715,128.39825304190208,,,,,,
219.29999999999183,SRC_1,STATION_EVENT,RECEIVE_ROUTE_ASSIGNED,1871.4151684049464,38.28738227394715,128.39825304190208,,,,,,
219.39999999999182,SRC_1,STATION_EVENT,STOP_TARGET_ASSIGNED,1872.478448742027,38.26880199585703,127.33483159505363,,,,,,
219.39999999999182,SRC_1,STATION_EVENT,RECEIVE_ROUTE_ASSIGNED,1872.478448742027,38.26880199585703,127.33483159505363,,,,,,
219.49999999999181,SRC_1,STATION_EVENT,STOP_TARGET_ASSIGNED,1873.5410468298005,38.23826032383489,126.27155125797299,,,,,,
219.49999999999181,SRC_1,STATION_EVENT,RECEIVE_ROUTE_ASSIGNED,1873.5410468298005,38.23826032383489,126.27155125797299,,,,,,
219.5999999999918,SRC_1,STATION_EVENT,STOP_TARGET_ASSIGNED,1874.602790214316,38.20726336127813,125.20895317019949,,,,,,
219.5999999999918,SRC_1,STATION_EVENT,RECEIVE_ROUTE_ASSIGNED,1874.602790214316,38.20726336127813,125.20895317019949,,,,,,
219.6999999999918,SRC_1,STATION_EVENT,STOP_TARGET_ASSIGNED,1875.6640476054456,38.20326880004786,124.14720978568403,,,,,,
219.6999999999918,SRC_1,STATION_EVENT,RECEIVE_ROUTE_ASSIGNED,1875.6640476054456,38.20326880004786,124.14720978568403,,,,,,
219.7999999999918,SRC_1,STATION_EVENT,STOP_TARGET_ASSIGNED,1876.7253427515384,38.20998171863677,123.0859523945544,,,,,,
219.7999999999918,SRC_1,STATION_EVENT,RECEIVE_ROUTE_ASSIGNED,1876.7253427515384,38.20998171863677,123.0859523945544,,,,,,
219.8999999999918,SRC_1,STATION_EVENT,STOP_TARGET_ASSIGNED,1877.7868220769599,38.21652971170361,122.02465724846161,,,,,,
219.8999999999918,SRC_1,STATION_EVENT,RECEIVE_ROUTE_ASSIGNED,1877.7868220769599,38.21652971170361,122.02465724846161,,,,,,
219.9999999999918,SRC_1,STATION_EVENT,STOP_TARGET_ASSIGNED,1878.848481000622,38.22291279197392,120.96317792304012,,,,,,
219.9999999999918,SRC_1,STATION_EVENT,RECEIVE_ROUTE_ASSIGNED,1878.848481000622,38.22291279197392,120.96317792304012,,,,,,
220.09999999999178,SRC_1,STATION_EVENT,STOP_TARGET_ASSIGNED,1879.9100203701566,38.20792181451515,119.90151899937791,,,,,,
220.09999999999178,SRC_1,STATION_EVENT,RECEIVE_ROUTE_ASSIGNED,1879.9100203701566,38.20792181451515,119.90151899937791,,,,,,
220.19999999999177,SRC_1,STATION_EVENT,STOP_TARGET_ASSIGNED,1880.9708338069283,38.17064563305209,118.83997962984336,,,,,,
220.19999999999177,SRC_1,STATION_EVENT,RECEIVE_ROUTE_ASSIGNED,1880.9708338069283,38.17064563305209,118.83997962984336,,,,,,
220.29999999999177,SRC_1,STATION_EVENT,STOP_TARGET_ASSIGNED,1882.0304412058456,38.121087088982186,117.62916619307157,,,,,,
220.29999999999177,SRC_1,STATION_EVENT,RECEIVE_ROUTE_ASSIGNED,1882.0304412058456,38.121087088982186,117.62916619307157,,,,,,
220.39999999999176,SRC_1,STATION_EVENT,STOP_TARGET_ASSIGNED,1883.0884027351858,38.05214302350994,116.56955879415432,,,,,,
220.39999999999176,SRC_1,STATION_EVENT,RECEIVE_ROUTE_ASSIGNED,1883.0884027351858,38.05214302350994,116.56955879415432,,,,,,
220.49999999999176,SRC_1,STATION_EVENT,STOP_TARGET_ASSIGNED,1884.1442090838643,37.96591408135062,115.5115972648141,,,,,,
220.49999999999176,SRC_1,STATION_EVENT,RECEIVE_ROUTE_ASSIGNED,1884.1442090838643,37.96591408135062,115.5115972648141,,,,,,
220.59999999999175,SRC_1,STATION_EVENT,STOP_TARGET_ASSIGNED,1885.1973775295235,37.862214006099585,114.45579091613558,,,,,,
220.59999999999175,SRC_1,STATION_EVENT,RECEIVE_ROUTE_ASSIGNED,1885.1973775295235,37.862214006099585,114.45579091613558,,,,,,
220.69999999999175,SRC_1,STATION_EVENT,STOP_TARGET_ASSIGNED,1886.2474202558076,37.74086228635283,113.40262247047644,,,,,,
220.69999999999175,SRC_1,STATION_EVENT,RECEIVE_ROUTE_ASSIGNED,1886.2474202558076,37.74086228635283,113.40262247047644,,,,,,
220.79999999999174,SRC_1,STATION_EVENT,STOP_TARGET_ASSIGNED,1887.293844522795,37.60168493675511,112.35257974419233,,,,,,
220.79999999999174,SRC_1,STATION_EVENT,RECEIVE_ROUTE_ASSIGNED,1887.293844522795,37.60168493675511,112.35257974419233,,,,,,
220.89999999999173,SRC_1,STATION_EVENT,STOP_TARGET_ASSIGNED,1888.3361528524306,37.44451479699955,111.30615547720481,,,,,,
220.89999999999173,SRC_1,STATION_EVENT,RECEIVE_ROUTE_ASSIGNED,1888.3361528524306,37.44451479699955,111.30615547720481,,,,,,
220.99999999999173,SRC_1,STATION_EVENT,STOP_TARGET_ASSIGNED,1889.3738432223652,37.269191838297246,110.26384714756932,,,,,,
220.99999999999173,SRC_1,STATION_EVENT,RECEIVE_ROUTE_ASSIGNED,1889.3738432223652,37.269191838297246,110.26384714756932,,,,,,
221.09999999999172,SRC_1,STATION_EVENT,STOP_TARGET_ASSIGNED,1890.4070386964129,37.12088229313633,109.22615677763474,,,,,,
221.09999999999172,SRC_1,STATION_EVENT,RECEIVE_ROUTE_ASSIGNED,1890.4070386964129,37.12088229313633,109.22615677763474,,,,,,
221.19999999999172,SRC_1,STATION_EVENT,STOP_TARGET_ASSIGNED,1891.4357556120194,36.94673563053092,108.19296130358703,,,,,,
221.19999999999172,SRC_1,STATION_EVENT,RECEIVE_ROUTE_ASSIGNED,1891.4357556120194,36.94673563053092,108.19296130358703,,,,,,
221.2999999999917,SRC_1,STATION_EVENT,STOP_TARGET_ASSIGNED,1892.4596977164447,36.7770958880818,107.16424438798049,,,,,,
221.2999999999917,SRC_1,STATION_EVENT,RECEIVE_ROUTE_ASSIGNED,1892.4596977164447,36.7770958880818,107.16424438798049,,,,,,
221.3999999999917,SRC_1,STATION_EVENT,STOP_TARGET_ASSIGNED,1893.4785527847664,36.58046903107467,106.14030228355523,,,,,,
221.3999999999917,SRC_1,STATION_EVENT,RECEIVE_ROUTE_ASSIGNED,1893.4785527847664,36.58046903107467,106.14030228355523,,,,,,
221.4999999999917,SRC_1,STATION_EVENT,STOP_TARGET_ASSIGNED,1894.4923212028282,36.41085706937833,105.1214472152335,,,,,,
221.4999999999917,SRC_1,STATION_EVENT,RECEIVE_ROUTE_ASSIGNED,1894.4923212028282,36.41085706937833,105.1214472152335,,,,,,
221.5999999999917,SRC_1,STATION_EVENT,STOP_TARGET_ASSIGNED,1895.501003355486,36.21425792199065,104.10767879717173,,,,,,
221.5999999999917,SRC_1,STATION_EVENT,RECEIVE_ROUTE_ASSIGNED,1895.501003355486,36.21425792199065,104.10767879717173,,,,,,
221.6999999999917,SRC_1,STATION_EVENT,STOP_TARGET_ASSIGNED,1896.5039361255622,35.99690152349134,103.09899664451382,,,,,,
221.6999999999917,SRC_1,STATION_EVENT,RECEIVE_ROUTE_ASSIGNED,1896.5039361255622,35.99690152349134,103.09899664451382,,,,,,
221.79999999999168,SRC_1,STATION_EVENT,STOP_TARGET_ASSIGNED,1897.5012064446694,35.80656145222017,102.09606387443773,,,,,,
221.79999999999168,SRC_1,STATION_EVENT,RECEIVE_ROUTE_ASSIGNED,1897.5012064446694,35.80656145222017,102.09606387443773,,,,,,
221.89999999999168,SRC_1,STATION_EVENT,STOP_TARGET_ASSIGNED,1898.4931520788693,35.61352421018251,101.09879355533053,,,,,,
221.89999999999168,SRC_1,STATION_EVENT,RECEIVE_ROUTE_ASSIGNED,1898.4931520788693,35.61352421018251,101.09879355533053,,,,,,
221.99999999999167,SRC_1,STATION_EVENT,STOP_TARGET_ASSIGNED,1899.4793607676738,35.393501383746305,100.10684792113057,,,,,,
221.99999999999167,SRC_1,STATION_EVENT,RECEIVE_ROUTE_ASSIGNED,1899.4793607676738,35.393501383746305,100.10684792113057,,,,,,
222.09999999999167,SRC_1,STATION_EVENT,STOP_TARGET_ASSIGNED,1900.4598329388043,35.20049493764594,99.12063923232608,,,,,,
222.09999999999167,SRC_1,STATION_EVENT,RECEIVE_ROUTE_ASSIGNED,1900.4598329388043,35.20049493764594,99.12063923232608,,,,,,
222.19999999999166,SRC_1,STATION_EVENT,STOP_TARGET_ASSIGNED,1901.4345690187197,34.980502816269166,98.1401670611956,,,,,,
222.19999999999166,SRC_1,STATION_EVENT,RECEIVE_ROUTE_ASSIGNED,1901.4345690187197,34.980502816269166,98.1401670611956,,,,,,
222.29999999999166,SRC_1,STATION_EVENT,STOP_TARGET_ASSIGNED,1902.4035694324455,34.78752697198696,97.16543098128022,,,,,,
222.29999999999166,SRC_1,STATION_EVENT,RECEIVE_ROUTE_ASSIGNED,1902.4035694324455,34.78752697198696,97.16543098128022,,,,,,
222.39999999999165,SRC_1,STATION_EVENT,STOP_TARGET_ASSIGNED,1903.36713844536,34.589441957867564,96.19643056755444,,,,,,
222.39999999999165,SRC_1,STATION_EVENT,RECEIVE_ROUTE_ASSIGNED,1903.36713844536,34.589441957867564,96.19643056755444,,,,,,
222.49999999999164,SRC_1,STATION_EVENT,STOP_TARGET_ASSIGNED,1904.3248302991008,34.36437151146692,95.23286155463984,,,,,,
222.49999999999164,SRC_1,STATION_EVENT,RECEIVE_ROUTE_ASSIGNED,1904.3248302991008,34.36437151146692,95.23286155463984,,,,,,
222.59999999999164,SRC_1,STATION_EVENT,STOP_TARGET_ASSIGNED,1905.2766454251553,34.16631756445723,94.27516970089914,,,,,,
222.59999999999164,SRC_1,STATION_EVENT,RECEIVE_ROUTE_ASSIGNED,1905.2766454251553,34.16631756445723,94.27516970089914,,,,,,
222.69999999999163,SRC_1,STATION_EVENT,STOP_TARGET_ASSIGNED,1906.2225842536861,33.94127808976538,93.32335457484464,,,,,,
222.69999999999163,SRC_1,STATION_EVENT,RECEIVE_ROUTE_ASSIGNED,1906.2225842536861,33.94127808976538,93.32335457484464,,,,,,
222.79999999999163,SRC_1,STATION_EVENT,STOP_TARGET_ASSIGNED,1907.162647213355,33.74325500639823,92.37741574631377,,,,,,
222.79999999999163,SRC_1,STATION_EVENT,RECEIVE_ROUTE_ASSIGNED,1907.162647213355,33.74325500639823,92.37741574631377,,,,,,
222.89999999999162,SRC_1,STATION_EVENT,STOP_TARGET_ASSIGNED,1908.097100182628,33.537358781266526,91.43735278664485,,,,,,
222.89999999999162,SRC_1,STATION_EVENT,RECEIVE_ROUTE_ASSIGNED,1908.097100182628,33.537358781266526,91.43735278664485,,,,,,
222.99999999999162,SRC_1,STATION_EVENT,STOP_TARGET_ASSIGNED,1909.0254590192917,33.304477458516274,90.50289981737183,,,,,,
222.99999999999162,SRC_1,STATION_EVENT,RECEIVE_ROUTE_ASSIGNED,1909.0254590192917,33.304477458516274,90.50289981737183,,,,,,
223.0999999999916,SRC_1,STATION_EVENT,STOP_TARGET_ASSIGNED,1909.9477241636394,33.09861293450966,89.5745409807082,,,,,,
223.0999999999916,SRC_1,STATION_EVENT,RECEIVE_ROUTE_ASSIGNED,1909.9477241636394,33.09861293450966,89.5745409807082,,,,,,
223.1999999999916,SRC_1,STATION_EVENT,STOP_TARGET_ASSIGNED,1910.8638960545386,32.86576321022839,88.65227583636056,,,,,,
223.1999999999916,SRC_1,STATION_EVENT,RECEIVE_ROUTE_ASSIGNED,1910.8638960545386,32.86576321022839,88.65227583636056,,,,,,
223.2999999999916,SRC_1,STATION_EVENT,STOP_TARGET_ASSIGNED,1911.7739751292488,32.65993016890235,87.73610394546131,,,,,,
223.2999999999916,SRC_1,STATION_EVENT,RECEIVE_ROUTE_ASSIGNED,1911.7739751292488,32.65993016890235,87.73610394546131,,,,,,
223.3999999999916,SRC_1,STATION_EVENT,STOP_TARGET_ASSIGNED,1912.6781877590972,32.44337918017903,86.8260248707511,,,,,,
223.3999999999916,SRC_1,STATION_EVENT,RECEIVE_ROUTE_ASSIGNED,1912.6781877590972,32.44337918017903,86.8260248707511,,,,,,
223.4999999999916,SRC_1,STATION_EVENT,STOP_TARGET_ASSIGNED,1913.5767602977535,32.253843603065874,85.92181224090268,,,,,,
223.4999999999916,SRC_1,STATION_EVENT,RECEIVE_ROUTE_ASSIGNED,1913.5767602977535,32.253843603065874,85.92181224090268,,,,,,
223.59999999999158,SRC_1,STATION_EVENT,STOP_TARGET_ASSIGNED,1914.4696931460205,32.037321472156506,85.02323970224643,,,,,,
223.59999999999158,SRC_1,STATION_EVENT,RECEIVE_ROUTE_ASSIGNED,1914.4696931460205,32.037321472156506,85.02323970224643,,,,,,
223.69999999999158,SRC_1,STATION_EVENT,STOP_TARGET_ASSIGNED,1915.356236703316,31.793814653110644,84.13030685397939,,,,,,
223.69999999999158,SRC_1,STATION_EVENT,RECEIVE_ROUTE_ASSIGNED,1915.356236703316,31.793814653110644,84.13030685397939,,,,,,
223.79999999999157,SRC_1,STATION_EVENT,STOP_TARGET_ASSIGNED,1916.236391420609,31.577324991979513,83.24376329668394,,,,,,
223.79999999999157,SRC_1,STATION_EVENT,RECEIVE_ROUTE_ASSIGNED,1916.236391420609,31.577324991979513,83.24376329668394,,,,,,
223.89999999999156,SRC_1,STATION_EVENT,STOP_TARGET_ASSIGNED,1917.1103925272205,31.35075468405089,82.36360857939098,,,,,,
223.89999999999156,SRC_1,STATION_EVENT,RECEIVE_ROUTE_ASSIGNED,1917.1103925272205,31.35075468405089,82.36360857939098,,,,,,
223.99999999999156,SRC_1,STATION_EVENT,STOP_TARGET_ASSIGNED,1917.9784752343182,31.151200226991033,81.48960747277943,,,,,,
223.99999999999156,SRC_1,STATION_EVENT,RECEIVE_ROUTE_ASSIGNED,1917.9784752343182,31.151200226991033,81.48960747277943,,,,,,
224.09999999999155,SRC_1,STATION_EVENT,STOP_TARGET_ASSIGNED,1918.8406399552978,30.924659683528105,80.62152476568167,,,,,,
224.09999999999155,SRC_1,STATION_EVENT,RECEIVE_ROUTE_ASSIGNED,1918.8406399552978,30.924659683528105,80.62152476568167,,,,,,
224.19999999999155,SRC_1,STATION_EVENT,STOP_TARGET_ASSIGNED,1919.6968871020356,30.72513488159478,79.75936004470213,,,,,,
224.19999999999155,SRC_1,STATION_EVENT,RECEIVE_ROUTE_ASSIGNED,1919.6968871020356,30.72513488159478,79.75936004470213,,,,,,
224.29999999999154,SRC_1,STATION_EVENT,STATION_LINE_OCCUPIED,1920.5473541727197,30.508494207667013,78.90311289796432,,,,,,
235.6999999999909,SRC_1,STATION_STATE,final_approach,1975.0683086455197,9.769035841945424,23.803118949440886,,,,,,
235.6999999999909,SRC_1,EOA_UPDATE,STATION_STOP_TARGET,1975.0683086455197,9.769035841945424,23.803118949440886,,,,,,
257.99999999999017,SRC_1,STATION_STATE,aligned_stop,2000.0,0.0,-1.1421248240712885,,,,,,
257.99999999999017,SRC_1,STATION_STATE,dwell_started,2000.0,0.0,-1.1421248240712885,,,,,,
282.99999999999585,SRC_1,STATION_STATE,dwell_complete,2000.0,0.0,-1.4500000000000455,,,,,,
282.99999999999585,SRC_1,STATION_EVENT,DEPARTURE_ROUTE_ASSIGNED,2000.0,0.0,-1.4500000000000455,,,,,,
282.99999999999585,SRC_1,STATION_EVENT,DWELL_COMPLETED,2000.0,0.0,-1.4500000000000455,,,,,,
282.99999999999585,SRC_1,EOA_UPDATE,SAFETY_RESTRICTION,2000.0,0.0,-1.4500000000000455,,,,,,
283.39999999999594,SRC_1,STATION_STATE,departing_from_station,2000.0040034080691,0.18661890915810225,144.04999999999995,,,,,,
285.2999999999964,SRC_1,EOA_UPDATE,LEADER_PROTECTION,2001.2183798947303,5.2583505616369415,142.97292634358928,,,,,,
285.3999999999964,SRC_1,ATP_EMERGENCY_INTERVENTION,stop_position_or_eoa,2001.368829049702,5.573988596322172,-2.4183798947303785,,,,,,
285.3999999999964,SRC_1,EOA_UPDATE,EMERGENCY,2001.368829049702,5.573988596322172,-2.4183798947303785,,,,,,
287.89999999999696,SRC_1,EOA_UPDATE,EMERGENCY,2005.9071908929445,4.688588519878892,-6.97196130355519,,,,,,
293.09999999999815,SRC_2,STATION_EVENT,STOP_TARGET_ASSIGNED,1810.518765860715,26.06403651770214,187.6654934310236,,,,,,
293.09999999999815,SRC_2,STATION_EVENT,RECEIVE_ROUTE_ASSIGNED,1810.518765860715,26.06403651770214,187.6654934310236,,,,,,
293.19999999999817,SRC_2,STATION_EVENT,STOP_TARGET_ASSIGNED,1811.2458166463514,26.2836200481255,186.90810105508604,,,,,,
293.19999999999817,SRC_2,STATION_EVENT,RECEIVE_ROUTE_ASSIGNED,1811.2458166463514,26.2836200481255,186.90810105508604,,,,,,
293.2999999999982,SRC_2,STATION_EVENT,STOP_TARGET_ASSIGNED,1811.979341779064,26.530189507190165,186.14469773016776,,,,,,
293.2999999999982,SRC_2,STATION_EVENT,RECEIVE_ROUTE_ASSIGNED,1811.979341779064,26.530189507190165,186.14469773016776,,,,,,
293.3999999999982,SRC_2,STATION_EVENT,STOP_TARGET_ASSIGNED,1812.7200908430768,26.803743101727953,185.3744963408194,,,,,,
293.3999999999982,SRC_2,STATION_EVENT,RECEIVE_ROUTE_ASSIGNED,1812.7200908430768,26.803743101727953,185.3744963408194,,,,,,
293.49999999999824,SRC_2,STATION_EVENT,STOP_TARGET_ASSIGNED,1813.4688133724967,27.10427901650717,184.59670982360603,,,,,,
293.49999999999824,SRC_2,STATION_EVENT,RECEIVE_ROUTE_ASSIGNED,1813.4688133724967,27.10427901650717,184.59670982360603,,,,,,
293.59999999999826,SRC_2,STATION_EVENT,STOP_TARGET_ASSIGNED,1814.2262588506678,27.431795411808956,183.81055116771518,,,,,,
293.59999999999826,SRC_2,STATION_EVENT,RECEIVE_ROUTE_ASSIGNED,1814.2262588506678,27.431795411808956,183.81055116771518,,,,,,
293.6999999999983,SRC_2,STATION_EVENT,STOP_TARGET_ASSIGNED,1814.993176709457,27.786290421004402,183.01523341563552,,,,,,
293.6999999999983,SRC_2,STATION_EVENT,RECEIVE_ROUTE_ASSIGNED,1814.993176709457,27.786290421004402,183.01523341563552,,,,,,
293.7999999999983,SRC_2,STATION_EVENT,STOP_TARGET_ASSIGNED,1815.7699887733902,28.14417818218667,182.2099696639068,,,,,,
293.7999999999983,SRC_2,STATION_EVENT,RECEIVE_ROUTE_ASSIGNED,1815.7699887733902,28.14417818218667,182.2099696639068,,,,,,
293.89999999999833,SRC_2,STATION_EVENT,STOP_TARGET_ASSIGNED,1816.5567367711494,28.501677656475632,181.39431699677698,,,,,,
293.89999999999833,SRC_2,STATION_EVENT,RECEIVE_ROUTE_ASSIGNED,1816.5567367711494,28.501677656475632,181.39431699677698,,,,,,
293.99999999999835,SRC_2,STATION_EVENT,STOP_TARGET_ASSIGNED,1817.353409920865,28.85878912305578,180.59326322885067,,,,,,
293.99999999999835,SRC_2,STATION_EVENT,RECEIVE_ROUTE_ASSIGNED,1817.353409920865,28.85878912305578,180.59326322885067,,,,,,
294.0999999999984,SRC_2,STATION_EVENT,STOP_TARGET_ASSIGNED,1818.1599974484252,29.215512861271147,179.79659007913506,,,,,,
294.0999999999984,SRC_2,STATION_EVENT,RECEIVE_ROUTE_ASSIGNED,1818.1599974484252,29.215512861271147,179.79659007913506,,,,,,
294.1999999999984,SRC_2,STATION_EVENT,STOP_TARGET_ASSIGNED,1818.9764885874793,29.571849150624168,178.9900025515749,,,,,,
294.1999999999984,SRC_2,STATION_EVENT,RECEIVE_ROUTE_ASSIGNED,1818.9764885874793,29.571849150624168,178.9900025515749,,,,,,
294.2999999999984,SRC_2,STATION_EVENT,STOP_TARGET_ASSIGNED,1819.8028725794431,29.927798270774584,178.17351141252084,,,,,,
294.2999999999984,SRC_2,STATION_EVENT,RECEIVE_ROUTE_ASSIGNED,1819.8028725794431,29.927798270774584,178.17351141252084,,,,,,
294.39999999999844,SRC_2,STATION_EVENT,STOP_TARGET_ASSIGNED,1820.639138673503,30.283360501538315,177.34712742055694,,,,,,
294.39999999999844,SRC_2,STATION_EVENT,RECEIVE_ROUTE_ASSIGNED,1820.639138673503,30.283360501538315,177.34712742055694,,,,,,
294.49999999999847,SRC_2,STATION_EVENT,STOP_TARGET_ASSIGNED,1821.4852761266202,30.638536122886354,176.51086132649698,,,,,,
294.49999999999847,SRC_2,STATION_EVENT,RECEIVE_ROUTE_ASSIGNED,1821.4852761266202,30.638536122886354,176.51086132649698,,,,,,
294.5999999999985,SRC_2,STATION_EVENT,STOP_TARGET_ASSIGNED,1822.3412742035346,30.99332541494365,175.6647238733799,,,,,,
294.5999999999985,SRC_2,STATION_EVENT,RECEIVE_ROUTE_ASSIGNED,1822.3412742035346,30.99332541494365,175.6647238733799,,,,,,
294.6999999999985,SRC_2,STATION_EVENT,STOP_TARGET_ASSIGNED,1823.2071221767696,31.347728657988014,174.80872579646552,,,,,,
294.6999999999985,SRC_2,STATION_EVENT,RECEIVE_ROUTE_ASSIGNED,1823.2071221767696,31.347728657988014,174.80872579646552,,,,,,
294.79999999999853,SRC_2,STATION_EVENT,STOP_TARGET_ASSIGNED,1824.0828093266368,31.701746132448992,173.94287782323045,,,,,,
294.79999999999853,SRC_2,STATION_EVENT,RECEIVE_ROUTE_ASSIGNED,1824.0828093266368,31.701746132448992,173.94287782323045,,,,,,
294.89999999999856,SRC_2,STATION_EVENT,STOP_TARGET_ASSIGNED,1824.968324941239,32.055378118906795,173.06719067336326,,,,,,
294.89999999999856,SRC_2,STATION_EVENT,RECEIVE_ROUTE_ASSIGNED,1824.968324941239,32.055378118906795,173.06719067336326,,,,,,
294.9999999999986,SRC_2,STATION_EVENT,STOP_TARGET_ASSIGNED,1825.863658316475,32.40862489809114,172.18167505876113,,,,,,
294.9999999999986,SRC_2,STATION_EVENT,RECEIVE_ROUTE_ASSIGNED,1825.863658316475,32.40862489809114,172.18167505876113,,,,,,
295.0999999999986,SRC_2,STATION_EVENT,STOP_TARGET_ASSIGNED,1826.7687987560441,32.761486750880216,171.28634168352505,,,,,,
295.0999999999986,SRC_2,STATION_EVENT,RECEIVE_ROUTE_ASSIGNED,1826.7687987560441,32.761486750880216,171.28634168352505,,,,,,
295.1999999999986,SRC_2,STATION_EVENT,STOP_TARGET_ASSIGNED,1827.6837355714495,33.11396395829955,170.38120124395596,,,,,,
295.1999999999986,SRC_2,STATION_EVENT,RECEIVE_ROUTE_ASSIGNED,1827.6837355714495,33.11396395829955,170.38120124395596,,,,,,
295.29999999999865,SRC_2,STATION_EVENT,STOP_TARGET_ASSIGNED,1828.6084580820025,33.46605680152091,169.46626442855063,,,,,,
295.29999999999865,SRC_2,STATION_EVENT,RECEIVE_ROUTE_ASSIGNED,1828.6084580820025,33.46605680152091,169.46626442855063,,,,,,
295.39999999999867,SRC_2,STATION_EVENT,STOP_TARGET_ASSIGNED,1829.5429556148272,33.81776556186123,168.54154191799762,,,,,,
295.39999999999867,SRC_2,STATION_EVENT,RECEIVE_ROUTE_ASSIGNED,1829.5429556148272,33.81776556186123,168.54154191799762,,,,,,
295.4999999999987,SRC_2,STATION_EVENT,STOP_TARGET_ASSIGNED,1830.4872175048638,34.169090520781495,167.6070443851729,,,,,,
295.4999999999987,SRC_2,STATION_EVENT,RECEIVE_ROUTE_ASSIGNED,1830.4872175048638,34.169090520781495,167.6070443851729,,,,,,
295.5999999999987,SRC_2,STATION_EVENT,STOP_TARGET_ASSIGNED,1831.441233094873,34.520031959885685,166.6627824951363,,,,,,
295.5999999999987,SRC_2,STATION_EVENT,RECEIVE_ROUTE_ASSIGNED,1831.441233094873,34.520031959885685,166.6627824951363,,,,,,
295.69999999999874,SRC_2,STATION_EVENT,STOP_TARGET_ASSIGNED,1832.4046592953753,34.84665447627209,165.70876690512705,,,,,,
295.69999999999874,SRC_2,STATION_EVENT,RECEIVE_ROUTE_ASSIGNED,1832.4046592953753,34.84665447627209,165.70876690512705,,,,,,
295.79999999999876,SRC_2,STATION_EVENT,STOP_TARGET_ASSIGNED,1833.3774858280074,35.196855873245006,164.74534070462482,,,,,,
295.79999999999876,SRC_2,STATION_EVENT,RECEIVE_ROUTE_ASSIGNED,1833.3774858280074,35.196855873245006,164.74534070462482,,,,,,
295.8999999999988,SRC_2,STATION_EVENT,STOP_TARGET_ASSIGNED,1834.3596648177158,35.520031385760596,163.77251417199273,,,,,,
295.8999999999988,SRC_2,STATION_EVENT,RECEIVE_ROUTE_ASSIGNED,1834.3596648177158,35.520031385760596,163.77251417199273,,,,,,
295.9999999999988,SRC_2,STATION_EVENT,STOP_TARGET_ASSIGNED,1835.3504455715527,35.816182890485315,162.79033518228425,,,,,,
295.9999999999988,SRC_2,STATION_EVENT,RECEIVE_ROUTE_ASSIGNED,1835.3504455715527,35.816182890485315,162.79033518228425,,,,,,
296.09999999999883,SRC_2,STATION_EVENT,STOP_TARGET_ASSIGNED,1836.3493361237986,36.10393687122023,161.79955442844744,,,,,,
296.09999999999883,SRC_2,STATION_EVENT,RECEIVE_ROUTE_ASSIGNED,1836.3493361237986,36.10393687122023,161.79955442844744,,,,,,
296.19999999999885,SRC_2,STATION_EVENT,STOP_TARGET_ASSIGNED,1837.3558445426097,36.364669283176504,160.8006638762015,,,,,,
296.19999999999885,SRC_2,STATION_EVENT,RECEIVE_ROUTE_ASSIGNED,1837.3558445426097,36.364669283176504,160.8006638762015,,,,,,
296.2999999999989,SRC_2,STATION_EVENT,STOP_TARGET_ASSIGNED,1838.3692202558805,36.59838207232365,159.7941554573904,,,,,,
296.2999999999989,SRC_2,STATION_EVENT,RECEIVE_ROUTE_ASSIGNED,1838.3692202558805,36.59838207232365,159.7941554573904,,,,,,
296.3999999999989,SRC_2,STATION_EVENT,STOP_TARGET_ASSIGNED,1839.3887127458845,36.80507720796861,158.78077974411963,,,,,,
296.3999999999989,SRC_2,STATION_EVENT,RECEIVE_ROUTE_ASSIGNED,1839.3887127458845,36.80507720796861,158.78077974411963,,,,,,
296.4999999999989,SRC_2,STATION_EVENT,STOP_TARGET_ASSIGNED,1840.4135715498885,36.98475668031828,157.7612872541156,,,,,,
296.4999999999989,SRC_2,STATION_EVENT,RECEIVE_ROUTE_ASSIGNED,1840.4135715498885,36.98475668031828,157.7612872541156,,,,,,
296.59999999999894,SRC_2,STATION_EVENT,STOP_TARGET_ASSIGNED,1841.4433576875442,37.15984523088762,156.7364284501116,,,,,,
296.59999999999894,SRC_2,STATION_EVENT,RECEIVE_ROUTE_ASSIGNED,1841.4433576875442,37.15984523088762,156.7364284501116,,,,,,
296.69999999999897,SRC_2,STATION_EVENT,STOP_TARGET_ASSIGNED,1842.4776322107678,37.3079204412072,155.70664231245587,,,,,,
296.69999999999897,SRC_2,STATION_EVENT,RECEIVE_ROUTE_ASSIGNED,1842.4776322107678,37.3079204412072,155.70664231245587,,,,,,
296.799999999999,SRC_2,STATION_EVENT,STOP_TARGET_ASSIGNED,1843.515675693609,37.431210323367544,154.67236778923234,,,,,,
296.799999999999,SRC_2,STATION_EVENT,RECEIVE_ROUTE_ASSIGNED,1843.515675693609,37.431210323367544,154.67236778923234,,,,,,
296.899999999999,SRC_2,STATION_EVENT,STOP_TARGET_ASSIGNED,1844.5572536263153,37.56240083148635,153.63432430639114,,,,,,
296.899999999999,SRC_2,STATION_EVENT,RECEIVE_ROUTE_ASSIGNED,1844.5572536263153,37.56240083148635,153.63432430639114,,,,,,
296.99999999999903,SRC_2,STATION_EVENT,STOP_TARGET_ASSIGNED,1845.6021006001156,37.66658128213185,152.5927463736848,,,,,,
296.99999999999903,SRC_2,STATION_EVENT,RECEIVE_ROUTE_ASSIGNED,1845.6021006001156,37.66658128213185,152.5927463736848,,,,,,
297.09999999999906,SRC_2,STATION_EVENT,STOP_TARGET_ASSIGNED,1846.6496888776092,37.759774697403365,151.5478993998845,,,,,,
297.09999999999906,SRC_2,STATION_EVENT,RECEIVE_ROUTE_ASSIGNED,1846.6496888776092,37.759774697403365,151.5478993998845,,,,,,
297.1999999999991,SRC_2,STATION_EVENT,STOP_TARGET_ASSIGNED,1847.699872600541,37.853453353697574,150.50031112239094,,,,,,
297.1999999999991,SRC_2,STATION_EVENT,RECEIVE_ROUTE_ASSIGNED,1847.699872600541,37.853453353697574,150.50031112239094,,,,,,
297.2999999999991,SRC_2,STATION_EVENT,STOP_TARGET_ASSIGNED,1848.7522834081765,37.920124796046814,149.450127399459,,,,,,
297.2999999999991,SRC_2,STATION_EVENT,RECEIVE_ROUTE_ASSIGNED,1848.7522834081765,37.920124796046814,149.450127399459,,,,,,
297.3999999999991,SRC_2,STATION_EVENT,STOP_TARGET_ASSIGNED,1849.806389166915,37.97548983312617,148.3977165918236,,,,,,
297.3999999999991,SRC_2,STATION_EVENT,RECEIVE_ROUTE_ASSIGNED,1849.806389166915,37.97548983312617,148.3977165918236,,,,,,
297.49999999999915,SRC_2,STATION_EVENT,STOP_TARGET_ASSIGNED,1850.8618401978763,38.01698439608197,147.343610833085,,,,,,
297.49999999999915,SRC_2,STATION_EVENT,RECEIVE_ROUTE_ASSIGNED,1850.8618401978763,38.01698439608197,147.343610833085,,,,,,
297.59999999999917,SRC_2,STATION_EVENT,STOP_TARGET_ASSIGNED,1851.9185428916132,38.06560955298582,146.2881598021238,,,,,,
297.59999999999917,SRC_2,STATION_EVENT,RECEIVE_ROUTE_ASSIGNED,1851.9185428916132,38.06560955298582,146.2881598021238,,,,,,
297.6999999999992,SRC_2,STATION_EVENT,STOP_TARGET_ASSIGNED,1852.9762212319702,38.087230952715814,145.23145710838685,,,,,,
297.6999999999992,SRC_2,STATION_EVENT,RECEIVE_ROUTE_ASSIGNED,1852.9762212319702,38.087230952715814,145.23145710838685,,,,,,
297.7999999999992,SRC_2,STATION_EVENT,STOP_TARGET_ASSIGNED,1854.0343378014097,38.0971620469367,144.17377876802993,,,,,,
297.7999999999992,SRC_2,STATION_EVENT,RECEIVE_ROUTE_ASSIGNED,1854.0343378014097,38.0971620469367,144.17377876802993,,,,,,
297.89999999999924,SRC_2,STATION_EVENT,STOP_TARGET_ASSIGNED,1855.0927279405012,38.10692796764467,143.11566219859037,,,,,,
297.89999999999924,SRC_2,STATION_EVENT,RECEIVE_ROUTE_ASSIGNED,1855.0927279405012,38.10692796764467,143.11566219859037,,,,,,
297.99999999999926,SRC_2,STATION_EVENT,STOP_TARGET_ASSIGNED,1856.151387061267,38.11652872750485,142.05727205949893,,,,,,
297.99999999999926,SRC_2,STATION_EVENT,RECEIVE_ROUTE_ASSIGNED,1856.151387061267,38.11652872750485,142.05727205949893,,,,,,
298.0999999999993,SRC_2,STATION_EVENT,STOP_TARGET_ASSIGNED,1857.2103105760823,38.125964339186744,140.998612938733,,,,,,
298.0999999999993,SRC_2,STATION_EVENT,RECEIVE_ROUTE_ASSIGNED,1857.2103105760823,38.125964339186744,140.998612938733,,,,,,
298.1999999999993,SRC_2,STATION_EVENT,STOP_TARGET_ASSIGNED,1858.2694938976733,38.13523481536418,139.9396894239178,,,,,,
298.1999999999993,SRC_2,STATION_EVENT,RECEIVE_ROUTE_ASSIGNED,1858.2694938976733,38.13523481536418,139.9396894239178,,,,,,
298.29999999999933,SRC_2,STATION_EVENT,STOP_TARGET_ASSIGNED,1859.328932439119,38.14434016871519,138.88050610232676,,,,,,
298.29999999999933,SRC_2,STATION_EVENT,RECEIVE_ROUTE_ASSIGNED,1859.328932439119,38.14434016871519,138.88050610232676,,,,,,
298.39999999999935,SRC_2,STATION_EVENT,STOP_TARGET_ASSIGNED,1860.38862161385,38.15328041192194,137.82106756088115,,,,,,
298.39999999999935,SRC_2,STATION_EVENT,RECEIVE_ROUTE_ASSIGNED,1860.38862161385,38.15328041192194,137.82106756088115,,,,,,
298.4999999999994,SRC_2,STATION_EVENT,STOP_TARGET_ASSIGNED,1861.44855683565,38.16205555767062,136.76137838615,,,,,,
298.4999999999994,SRC_2,STATION_EVENT,RECEIVE_ROUTE_ASSIGNED,1861.44855683565,38.16205555767062,136.76137838615,,,,,,
298.5999999999994,SRC_2,STATION_EVENT,STOP_TARGET_ASSIGNED,1862.5087335186545,38.17066561865135,135.70144316435017,,,,,,
298.5999999999994,SRC_2,STATION_EVENT,RECEIVE_ROUTE_ASSIGNED,1862.5087335186545,38.17066561865135,135.70144316435017,,,,,,
298.6999999999994,SRC_2,STATION_EVENT,STOP_TARGET_ASSIGNED,1863.5691470773518,38.1791106075581,134.6412664813456,,,,,,
298.6999999999994,SRC_2,STATION_EVENT,RECEIVE_ROUTE_ASSIGNED,1863.5691470773518,38.1791106075581,134.6412664813456,,,,,,
298.79999999999944,SRC_2,STATION_EVENT,STOP_TARGET_ASSIGNED,1864.629792926583,38.18739053708861,133.58085292264832,,,,,,
298.79999999999944,SRC_2,STATION_EVENT,RECEIVE_ROUTE_ASSIGNED,1864.629792926583,38.18739053708861,133.58085292264832,,,,,,
298.89999999999947,SRC_2,STATION_EVENT,STOP_TARGET_ASSIGNED,1865.6906664815417,38.19550541994426,132.52020707341717,,,,,,
298.89999999999947,SRC_2,STATION_EVENT,RECEIVE_ROUTE_ASSIGNED,1865.6906664815417,38.19550541994426,132.52020707341717,,,,,,
298.9999999999995,SRC_2,STATION_EVENT,STOP_TARGET_ASSIGNED,1866.7517631577746,38.20345526883002,131.45933351845838,,,,,,
298.9999999999995,SRC_2,STATION_EVENT,RECEIVE_ROUTE_ASSIGNED,1866.7517631577746,38.20345526883002,131.45933351845838,,,,,,
299.0999999999995,SRC_2,STATION_EVENT,STOP_TARGET_ASSIGNED,1867.8130783711813,38.21124009645433,130.39823684222551,,,,,,
299.0999999999995,SRC_2,STATION_EVENT,RECEIVE_ROUTE_ASSIGNED,1867.8130783711813,38.21124009645433,130.39823684222551,,,,,,
299.19999999999953,SRC_2,STATION_EVENT,STOP_TARGET_ASSIGNED,1868.8746075380143,38.21885991552903,129.3369216288188,,,,,,
299.19999999999953,SRC_2,STATION_EVENT,RECEIVE_ROUTE_ASSIGNED,1868.8746075380143,38.21885991552903,129.3369216288188,,,,,,
299.29999999999956,SRC_2,STATION_EVENT,STOP_TARGET_ASSIGNED,1869.9363460748796,38.226314738769254,128.2753924619858,,,,,,
299.29999999999956,SRC_2,STATION_EVENT,RECEIVE_ROUTE_ASSIGNED,1869.9363460748796,38.226314738769254,128.2753924619858,,,,,,
299.3999999999996,SRC_2,STATION_EVENT,STOP_TARGET_ASSIGNED,1870.998289398736,38.23360457889333,127.21365392512052,,,,,,
299.3999999999996,SRC_2,STATION_EVENT,RECEIVE_ROUTE_ASSIGNED,1870.998289398736,38.23360457889333,127.21365392512052,,,,,,
299.4999999999996,SRC_2,STATION_EVENT,STOP_TARGET_ASSIGNED,1872.060432926896,38.240729448622716,126.15171060126409,,,,,,
299.4999999999996,SRC_2,STATION_EVENT,RECEIVE_ROUTE_ASSIGNED,1872.060432926896,38.240729448622716,126.15171060126409,,,,,,
299.5999999999996,SRC_2,STATION_EVENT,STOP_TARGET_ASSIGNED,1873.1227720770253,38.24768936068188,125.08956707310404,,,,,,
299.5999999999996,SRC_2,STATION_EVENT,RECEIVE_ROUTE_ASSIGNED,1873.1227720770253,38.24768936068188,125.08956707310404,,,,,,
299.69999999999965,SRC_2,STATION_EVENT,STOP_TARGET_ASSIGNED,1874.185302267143,38.25448432779824,124.02722792297482,,,,,,
299.69999999999965,SRC_2,STATION_EVENT,RECEIVE_ROUTE_ASSIGNED,1874.185302267143,38.25448432779824,124.02722792297482,,,,,,
299.79999999999967,SRC_2,STATION_EVENT,STOP_TARGET_ASSIGNED,1875.2480189156222,38.26111436270203,122.96469773285708,,,,,,
299.79999999999967,SRC_2,STATION_EVENT,RECEIVE_ROUTE_ASSIGNED,1875.2480189156222,38.26111436270203,122.96469773285708,,,,,,
299.8999999999997,SRC_2,STATION_EVENT,STOP_TARGET_ASSIGNED,1876.3109174411893,38.267579478126265,121.9019810843779,,,,,,
299.8999999999997,SRC_2,STATION_EVENT,RECEIVE_ROUTE_ASSIGNED,1876.3109174411893,38.267579478126265,121.9019810843779,,,,,,
299.9999999999997,SRC_2,STATION_EVENT,STOP_TARGET_ASSIGNED,1877.3739932629244,38.27387968680658,120.83908255881079,,,,,,
299.9999999999997,SRC_2,STATION_EVENT,RECEIVE_ROUTE_ASSIGNED,1877.3739932629244,38.27387968680658,120.83908255881079,,,,,,
300.09999999999974,SRC_2,STATION_EVENT,STOP_TARGET_ASSIGNED,1878.4368938597343,38.25496328350027,119.7760067370757,,,,,,
300.09999999999974,SRC_2,STATION_EVENT,RECEIVE_ROUTE_ASSIGNED,1878.4368938597343,38.25496328350027,119.7760067370757,,,,,,
300.19999999999976,SRC_2,STATION_EVENT,STOP_TARGET_ASSIGNED,1879.4988940212622,38.20904834651832,118.71310614026584,,,,,,
300.19999999999976,SRC_2,STATION_EVENT,RECEIVE_ROUTE_ASSIGNED,1879.4988940212622,38.20904834651832,118.71310614026584,,,,,,
300.2999999999998,SRC_2,STATION_EVENT,STOP_TARGET_ASSIGNED,1880.5599938172836,38.19013696702599,117.65110597873786,,,,,,
300.2999999999998,SRC_2,STATION_EVENT,RECEIVE_ROUTE_ASSIGNED,1880.5599938172836,38.19013696702599,117.65110597873786,,,,,,
300.3999999999998,SRC_2,STATION_EVENT,STOP_TARGET_ASSIGNED,1881.6202589191103,38.148950364497345,117.34000618271648,,,,,,
300.3999999999998,SRC_2,STATION_EVENT,RECEIVE_ROUTE_ASSIGNED,1881.6202589191103,38.148950364497345,117.34000618271648,,,,,,
300.49999999999983,SRC_2,STATION_EVENT,STOP_TARGET_ASSIGNED,1882.6790049929261,38.080766950248474,116.27974108088983,,,,,,
300.49999999999983,SRC_2,STATION_EVENT,RECEIVE_ROUTE_ASSIGNED,1882.6790049929261,38.080766950248474,116.27974108088983,,,,,,
300.59999999999985,SRC_2,STATION_EVENT,STOP_TARGET_ASSIGNED,1883.735528475731,37.98892381169049,115.22099500707395,,,,,,
300.59999999999985,SRC_2,STATION_EVENT,RECEIVE_ROUTE_ASSIGNED,1883.735528475731,37.98892381169049,115.22099500707395,,,,,,
300.6999999999999,SRC_2,STATION_EVENT,STOP_TARGET_ASSIGNED,1884.789257083493,37.879535947195215,114.16447152426917,,,,,,
300.6999999999999,SRC_2,STATION_EVENT,RECEIVE_ROUTE_ASSIGNED,1884.789257083493,37.879535947195215,114.16447152426917,,,,,,
300.7999999999999,SRC_2,STATION_EVENT,STOP_TARGET_ASSIGNED,1885.83970099818,37.75242591026694,113.11074291650698,,,,,,
300.7999999999999,SRC_2,STATION_EVENT,RECEIVE_ROUTE_ASSIGNED,1885.83970099818,37.75242591026694,113.11074291650698,,,,,,
300.8999999999999,SRC_2,STATION_EVENT,STOP_TARGET_ASSIGNED,1886.8863655457947,37.607421517986225,112.06029900182011,,,,,,
300.8999999999999,SRC_2,STATION_EVENT,RECEIVE_ROUTE_ASSIGNED,1886.8863655457947,37.607421517986225,112.06029900182011,,,,,,
300.99999999999994,SRC_2,STATION_EVENT,STOP_TARGET_ASSIGNED,1887.928751365601,37.44435750807652,111.01363445420543,,,,,,
300.99999999999994,SRC_2,STATION_EVENT,RECEIVE_ROUTE_ASSIGNED,1887.928751365601,37.44435750807652,111.01363445420543,,,,,,
301.09999999999997,SRC_2,STATION_EVENT,STOP_TARGET_ASSIGNED,1888.9663546066631,37.2630758483904,109.97124863439899,,,,,,
301.09999999999997,SRC_2,STATION_EVENT,RECEIVE_ROUTE_ASSIGNED,1888.9663546066631,37.2630758483904,109.97124863439899,,,,,,
301.2,SRC_2,STATION_EVENT,STOP_TARGET_ASSIGNED,1889.9992974386894,37.10880805749987,108.93364539333697,,,,,,
301.2,SRC_2,STATION_EVENT,RECEIVE_ROUTE_ASSIGNED,1889.9992974386894,37.10880805749987,108.93364539333697,,,,,,
301.3,SRC_2,STATION_EVENT,STOP_TARGET_ASSIGNED,1891.0275940753017,36.92854977859134,107.90070256131071,,,,,,
301.3,SRC_2,STATION_EVENT,RECEIVE_ROUTE_ASSIGNED,1891.0275940753017,36.92854977859134,107.90070256131071,,,,,,
301.40000000000003,SRC_2,STATION_EVENT,STOP_TARGET_ASSIGNED,1892.0509458964639,36.752781345084585,106.87240592469834,,,,,,
301.40000000000003,SRC_2,STATION_EVENT,RECEIVE_ROUTE_ASSIGNED,1892.0509458964639,36.752781345084585,106.87240592469834,,,,,,
301.50000000000006,SRC_2,STATION_EVENT,STOP_TARGET_ASSIGNED,1893.0690404465122,36.550026258390865,105.84905410353622,,,,,,
301.50000000000006,SRC_2,STATION_EVENT,RECEIVE_ROUTE_ASSIGNED,1893.0690404465122,36.550026258390865,105.84905410353622,,,,,,
301.6000000000001,SRC_2,STATION_EVENT,STOP_TARGET_ASSIGNED,1894.0818781240605,36.37428652507913,104.8309595534879,,,,,,
301.6000000000001,SRC_2,STATION_EVENT,RECEIVE_ROUTE_ASSIGNED,1894.0818781240605,36.37428652507913,104.8309595534879,,,,,,
301.7000000000001,SRC_2,STATION_EVENT,STOP_TARGET_ASSIGNED,1895.0894593266657,36.17156006249099,103.8181218759396,,,,,,
301.7000000000001,SRC_2,STATION_EVENT,RECEIVE_ROUTE_ASSIGNED,1895.0894593266657,36.17156006249099,103.8181218759396,,,,,,
301.8000000000001,SRC_2,STATION_EVENT,STOP_TARGET_ASSIGNED,1896.0911173114546,35.947814842298214,102.81054067333434,,,,,,
301.8000000000001,SRC_2,STATION_EVENT,RECEIVE_ROUTE_ASSIGNED,1896.0911173114546,35.947814842298214,102.81054067333434,,,,,,
301.90000000000015,SRC_2,STATION_EVENT,STOP_TARGET_ASSIGNED,1897.086935384512,35.7510864178356,101.80888268854551,,,,,,
301.90000000000015,SRC_2,STATION_EVENT,RECEIVE_ROUTE_ASSIGNED,1897.086935384512,35.7510864178356,101.80888268854551,,,,,,
302.00000000000017,SRC_2,STATION_EVENT,STOP_TARGET_ASSIGNED,1898.0772502702016,35.551585351828884,100.8130646154882,,,,,,
302.00000000000017,SRC_2,STATION_EVENT,RECEIVE_ROUTE_ASSIGNED,1898.0772502702016,35.551585351828884,100.8130646154882,,,,,,
302.1000000000002,SRC_2,STATION_EVENT,STOP_TARGET_ASSIGNED,1899.0623986663536,35.37909917111448,99.82274972979849,,,,,,
302.1000000000002,SRC_2,STATION_EVENT,RECEIVE_ROUTE_ASSIGNED,1899.0623986663536,35.37909917111448,99.82274972979849,,,,,,
302.2000000000002,SRC_2,STATION_EVENT,STOP_TARGET_ASSIGNED,1900.042380957958,35.179625824395785,98.83760133364649,,,,,,
302.2000000000002,SRC_2,STATION_EVENT,RECEIVE_ROUTE_ASSIGNED,1900.042380957958,35.179625824395785,98.83760133364649,,,,,,
302.30000000000024,SRC_2,STATION_EVENT,STOP_TARGET_ASSIGNED,1901.016447528831,34.95316727845812,97.85761904204219,,,,,,
302.30000000000024,SRC_2,STATION_EVENT,RECEIVE_ROUTE_ASSIGNED,1901.016447528831,34.95316727845812,97.85761904204219,,,,,,
302.40000000000026,SRC_2,STATION_EVENT,STOP_TARGET_ASSIGNED,1901.9845988171705,34.75372548199753,96.8835524711692,,,,,,
302.40000000000026,SRC_2,STATION_EVENT,RECEIVE_ROUTE_ASSIGNED,1901.9845988171705,34.75372548199753,96.8835524711692,,,,,,
302.5000000000003,SRC_2,STATION_EVENT,STOP_TARGET_ASSIGNED,1902.9471387875662,34.54915238648727,95.91540118282956,,,,,,
302.5000000000003,SRC_2,STATION_EVENT,RECEIVE_ROUTE_ASSIGNED,1902.9471387875662,34.54915238648727,95.91540118282956,,,,,,
302.6000000000003,SRC_2,STATION_EVENT,STOP_TARGET_ASSIGNED,1903.904371380815,34.37159432742661,94.95286121243385,,,,,,
302.6000000000003,SRC_2,STATION_EVENT,RECEIVE_ROUTE_ASSIGNED,1903.904371380815,34.37159432742661,94.95286121243385,,,,,,
302.70000000000033,SRC_2,STATION_EVENT,STOP_TARGET_ASSIGNED,1904.8562969864943,34.167049281472465,93.99562861918503,,,,,,
302.70000000000033,SRC_2,STATION_EVENT,RECEIVE_ROUTE_ASSIGNED,1904.8562969864943,34.167049281472465,93.99562861918503,,,,,,
302.80000000000035,SRC_2,STATION_EVENT,STOP_TARGET_ASSIGNED,1905.8021659929461,33.9355191830616,93.04370301350582,,,,,,
302.80000000000035,SRC_2,STATION_EVENT,RECEIVE_ROUTE_ASSIGNED,1905.8021659929461,33.9355191830616,93.04370301350582,,,,,,
302.9000000000004,SRC_2,STATION_EVENT,STOP_TARGET_ASSIGNED,1906.74197884199,33.731005948089944,92.09783400705396,,,,,,
302.9000000000004,SRC_2,STATION_EVENT,RECEIVE_ROUTE_ASSIGNED,1906.74197884199,33.731005948089944,92.09783400705396,,,,,,
303.0000000000004,SRC_2,STATION_EVENT,STOP_TARGET_ASSIGNED,1907.676000274442,33.51853718846303,91.15802115801011,,,,,,
303.0000000000004,SRC_2,STATION_EVENT,RECEIVE_ROUTE_ASSIGNED,1907.676000274442,33.51853718846303,91.15802115801011,,,,,,
303.1000000000004,SRC_2,STATION_EVENT,STOP_TARGET_ASSIGNED,1908.604495010438,33.33308380325771,90.22399972555809,,,,,,
303.1000000000004,SRC_2,STATION_EVENT,RECEIVE_ROUTE_ASSIGNED,1908.604495010438,33.33308380325771,90.22399972555809,,,,,,
303.20000000000044,SRC_2,STATION_EVENT,STOP_TARGET_ASSIGNED,1909.5274634493253,33.12064379662054,89.295504989562,,,,,,
303.20000000000044,SRC_2,STATION_EVENT,RECEIVE_ROUTE_ASSIGNED,1909.5274634493253,33.12064379662054,89.295504989562,,,,,,
303.30000000000047,SRC_2,STATION_EVENT,STOP_TARGET_ASSIGNED,1910.4441559891172,32.88121906840047,88.3725365506748,,,,,,
303.30000000000047,SRC_2,STATION_EVENT,RECEIVE_ROUTE_ASSIGNED,1910.4441559891172,32.88121906840047,88.3725365506748,,,,,,
303.4000000000005,SRC_2,STATION_EVENT,STOP_TARGET_ASSIGNED,1911.354573080334,32.668811499200366,87.45584401088286,,,,,,
303.4000000000005,SRC_2,STATION_EVENT,RECEIVE_ROUTE_ASSIGNED,1911.354573080334,32.668811499200366,87.45584401088286,,,,,,
303.5000000000005,SRC_2,STATION_EVENT,STOP_TARGET_ASSIGNED,1912.258938648247,32.44550939054614,86.54542691966617,,,,,,
303.5000000000005,SRC_2,STATION_EVENT,RECEIVE_ROUTE_ASSIGNED,1912.258938648247,32.44550939054614,86.54542691966617,,,,,,
303.60000000000053,SRC_2,STATION_EVENT,STOP_TARGET_ASSIGNED,1913.157476600551,32.249223175335246,85.64106135175302,,,,,,
303.60000000000053,SRC_2,STATION_EVENT,RECEIVE_ROUTE_ASSIGNED,1913.157476600551,32.249223175335246,85.64106135175302,,,,,,
303.70000000000056,SRC_2,STATION_EVENT,STOP_TARGET_ASSIGNED,1914.0501873513886,32.02595088496644,84.74252339944906,,,,,,
303.70000000000056,SRC_2,STATION_EVENT,RECEIVE_ROUTE_ASSIGNED,1914.0501873513886,32.02595088496644,84.74252339944906,,,,,,
303.8000000000006,SRC_2,STATION_EVENT,STOP_TARGET_ASSIGNED,1914.9363213134275,31.775694381830757,83.84981264861153,,,,,,
303.8000000000006,SRC_2,STATION_EVENT,RECEIVE_ROUTE_ASSIGNED,1914.9363213134275,31.775694381830757,83.84981264861153,,,,,,
303.9000000000006,SRC_2,STATION_EVENT,STOP_TARGET_ASSIGNED,1915.8158789507877,31.552455508104146,82.96367868657262,,,,,,
303.9000000000006,SRC_2,STATION_EVENT,RECEIVE_ROUTE_ASSIGNED,1915.8158789507877,31.552455508104146,82.96367868657262,,,,,,
304.0000000000006,SRC_2,STATION_EVENT,STOP_TARGET_ASSIGNED,1916.6890897404794,31.318721349702425,82.0841210492124,,,,,,
304.0000000000006,SRC_2,STATION_EVENT,RECEIVE_ROUTE_ASSIGNED,1916.6890897404794,31.318721349702425,82.0841210492124,,,,,,
304.10000000000065,SRC_2,STATION_EVENT,STOP_TARGET_ASSIGNED,1917.5561831416692,31.112003535963815,81.21091025952069,,,,,,
304.10000000000065,SRC_2,STATION_EVENT,RECEIVE_ROUTE_ASSIGNED,1917.5561831416692,31.112003535963815,81.21091025952069,,,,,,
304.20000000000067,SRC_2,STATION_EVENT,STOP_TARGET_ASSIGNED,1918.417159581434,30.878300127094768,80.34381685833091,,,,,,
304.20000000000067,SRC_2,STATION_EVENT,RECEIVE_ROUTE_ASSIGNED,1918.417159581434,30.878300127094768,80.34381685833091,,,,,,
304.3000000000007,SRC_2,STATION_EVENT,STOP_TARGET_ASSIGNED,1919.272019485232,30.671612946370185,79.48284041856618,,,,,,
304.3000000000007,SRC_2,STATION_EVENT,RECEIVE_ROUTE_ASSIGNED,1919.272019485232,30.671612946370185,79.48284041856618,,,,,,
304.4000000000007,SRC_2,STATION_EVENT,STATION_LINE_OCCUPIED,1920.1208964727418,30.447530154331233,78.62798051476807,,,,,,
316.00000000000335,SRC_2,STATION_STATE,final_approach,1975.0051770089883,9.793731103266653,23.166936581726304,,,,,,
316.00000000000335,SRC_2,EOA_UPDATE,STATION_STOP_TARGET,1975.0051770089883,9.793731103266653,23.166936581726304,,,,,,
338.2000000000084,SRC_2,STATION_STATE,aligned_stop,2000.0,0.0,-1.142524129676076,,,,,,
338.2000000000084,SRC_2,STATION_STATE,dwell_started,2000.0,0.0,-1.142524129676076,,,,,,
338.2000000000084,SRC_2,EOA_UPDATE,SAFETY_RESTRICTION,2000.0,0.0,-1.142524129676076,,,,,,
363.2000000000141,SRC_2,STATION_STATE,dwell_complete,2000.0,0.0,-1.4500000000000455,,,,,,
363.2000000000141,SRC_2,STATION_EVENT,DEPARTURE_ROUTE_ASSIGNED,2000.0,0.0,-1.4500000000000455,,,,,,
363.2000000000141,SRC_2,STATION_EVENT,DWELL_COMPLETED,2000.0,0.0,-1.4500000000000455,,,,,,
363.6000000000142,SRC_2,STATION_STATE,departing_from_station,2000.0040034080691,0.18661890915810225,144.04999999999995,,,,,,
365.5000000000146,SRC_2,EOA_UPDATE,LEADER_PROTECTION,2001.2183798947303,5.2583505616369415,142.97292634358928,,,,,,
365.9000000000147,SRC_2,ATP_EMERGENCY_INTERVENTION,stop_position_or_eoa,2001.8826591970758,6.661475686187498,-2.9021079444496536,,,,,,
365.9000000000147,SRC_2,EOA_UPDATE,EMERGENCY,2001.8826591970758,6.661475686187498,-2.9021079444496536,,,,,,
368.70000000001534,SRC_2,EOA_UPDATE,EMERGENCY,2007.6913877633792,4.800310321697893,-8.752577350539468,,,,,,
503.9000000000461,SRC_3,STATION_EVENT,NO_FREE_PLATFORM,1692.4961905572818,0.0,141.3892900364931,,,,,,
503.9000000000461,SRC_3,STATION_EVENT,NO_FREE_PLATFORM,1692.4961905572818,0.0,141.3892900364931,,,,,,
504.0000000000461,SRC_3,STATION_EVENT,NO_FREE_PLATFORM,1692.4961905572818,0.0,141.3892900364931,,,,,,
504.0000000000461,SRC_3,STATION_EVENT,NO_FREE_PLATFORM,1692.4961905572818,0.0,141.3892900364931,,,,,,
504.1000000000461,SRC_3,STATION_EVENT,NO_FREE_PLATFORM,1692.4961905572818,0.0,141.3892900364931,,,,,,
504.1000000000461,SRC_3,STATION_EVENT,NO_FREE_PLATFORM,1692.4961905572818,0.0,141.3892900364931,,,,,,
504.20000000004615,SRC_3,STATION_EVENT,NO_FREE_PLATFORM,1692.4961905572818,0.0,141.3892900364931,,,,,,
504.20000000004615,SRC_3,STATION_EVENT,NO_FREE_PLATFORM,1692.4961905572818,0.0,141.3892900364931,,,,,,
504.30000000004617,SRC_3,STATION_EVENT,NO_FREE_PLATFORM,1692.4961905572818,0.0,141.3892900364931,,,,,,
504.30000000004617,SRC_3,STATION_EVENT,NO_FREE_PLATFORM,1692.4961905572818,0.0,141.3892900364931,,,,,,
504.4000000000462,SRC_3,STATION_EVENT,NO_FREE_PLATFORM,1692.4961905572818,0.0,141.3892900364931,,,,,,
504.4000000000462,SRC_3,STATION_EVENT,NO_FREE_PLATFORM,1692.4961905572818,0.0,141.3892900364931,,,,,,
504.5000000000462,SRC_3,STATION_EVENT,NO_FREE_PLATFORM,1692.4961905572818,0.0,141.3892900364931,,,,,,
504.5000000000462,SRC_3,STATION_EVENT,NO_FREE_PLATFORM,1692.4961905572818,0.0,141.3892900364931,,,,,,
504.60000000004624,SRC_3,STATION_EVENT,NO_FREE_PLATFORM,1692.4961905572818,0.0,141.3892900364931,,,,,,
504.60000000004624,SRC_3,STATION_EVENT,NO_FREE_PLATFORM,1692.4961905572818,0.0,141.3892900364931,,,,,,
504.70000000004626,SRC_3,STATION_EVENT,NO_FREE_PLATFORM,1692.4961905572818,0.0,141.3892900364931,,,,,,
504.70000000004626,SRC_3,STATION_EVENT,NO_FREE_PLATFORM,1692.4961905572818,0.0,141.3892900364931,,,,,,
504.8000000000463,SRC_3,STATION_EVENT,NO_FREE_PLATFORM,1692.4961905572818,0.0,141.3892900364931,,,,,,
504.8000000000463,SRC_3,STATION_EVENT,NO_FREE_PLATFORM,1692.4961905572818,0.0,141.3892900364931,,,,,,
504.9000000000463,SRC_3,STATION_EVENT,NO_FREE_PLATFORM,1692.4961905572818,0.0,141.3892900364931,,,,,,
504.9000000000463,SRC_3,STATION_EVENT,NO_FREE_PLATFORM,1692.4961905572818,0.0,141.3892900364931,,,,,,
505.0000000000463,SRC_3,STATION_EVENT,NO_FREE_PLATFORM,1692.4961905572818,0.0,141.3892900364931,,,,,,
505.0000000000463,SRC_3,STATION_EVENT,NO_FREE_PLATFORM,1692.4961905572818,0.0,141.3892900364931,,,,,,
505.10000000004635,SRC_3,STATION_EVENT,NO_FREE_PLATFORM,1692.4961905572818,0.0,141.3892900364931,,,,,,
505.10000000004635,SRC_3,STATION_EVENT,NO_FREE_PLATFORM,1692.4961905572818,0.0,141.3892900364931,,,,,,
505.2000000000464,SRC_3,STATION_EVENT,NO_FREE_PLATFORM,1692.4961905572818,0.0,141.3892900364931,,,,,,
505.2000000000464,SRC_3,STATION_EVENT,NO_FREE_PLATFORM,1692.4961905572818,0.0,141.3892900364931,,,,,,
505.3000000000464,SRC_3,STATION_EVENT,NO_FREE_PLATFORM,1692.4961905572818,0.0,141.3892900364931,,,,,,
505.3000000000464,SRC_3,STATION_EVENT,NO_FREE_PLATFORM,1692.4961905572818,0.0,141.3892900364931,,,,,,
505.4000000000464,SRC_3,STATION_EVENT,NO_FREE_PLATFORM,1692.4961905572818,0.0,141.3892900364931,,,,,,
505.4000000000464,SRC_3,STATION_EVENT,NO_FREE_PLATFORM,1692.4961905572818,0.0,141.3892900364931,,,,,,
505.50000000004644,SRC_3,STATION_EVENT,NO_FREE_PLATFORM,1692.4961905572818,0.0,141.3892900364931,,,,,,
505.50000000004644,SRC_3,STATION_EVENT,NO_FREE_PLATFORM,1692.4961905572818,0.0,141.3892900364931,,,,,,
505.60000000004646,SRC_3,STATION_EVENT,NO_FREE_PLATFORM,1692.4961905572818,0.0,141.3892900364931,,,,,,
505.60000000004646,SRC_3,STATION_EVENT,NO_FREE_PLATFORM,1692.4961905572818,0.0,141.3892900364931,,,,,,
505.7000000000465,SRC_3,STATION_EVENT,NO_FREE_PLATFORM,1692.4961905572818,0.0,141.3892900364931,,,,,,
505.7000000000465,SRC_3,STATION_EVENT,NO_FREE_PLATFORM,1692.4961905572818,0.0,141.3892900364931,,,,,,
505.8000000000465,SRC_3,STATION_EVENT,NO_FREE_PLATFORM,1692.4961905572818,0.0,141.3892900364931,,,,,,
505.8000000000465,SRC_3,STATION_EVENT,NO_FREE_PLATFORM,1692.4961905572818,0.0,141.3892900364931,,,,,,
505.90000000004653,SRC_3,STATION_EVENT,NO_FREE_PLATFORM,1692.4961905572818,0.0,141.3892900364931,,,,,,
505.90000000004653,SRC_3,STATION_EVENT,NO_FREE_PLATFORM,1692.4961905572818,0.0,141.3892900364931,,,,,,
506.00000000004655,SRC_3,STATION_EVENT,NO_FREE_PLATFORM,1692.4961905572818,0.0,141.3892900364931,,,,,,
506.00000000004655,SRC_3,STATION_EVENT,NO_FREE_PLATFORM,1692.4961905572818,0.0,141.3892900364931,,,,,,
506.1000000000466,SRC_3,STATION_EVENT,NO_FREE_PLATFORM,1692.4961905572818,0.0,141.3892900364931,,,,,,
506.1000000000466,SRC_3,STATION_EVENT,NO_FREE_PLATFORM,1692.4961905572818,0.0,141.3892900364931,,,,,,
506.2000000000466,SRC_3,STATION_EVENT,NO_FREE_PLATFORM,1692.4961905572818,0.0,141.3892900364931,,,,,,
506.2000000000466,SRC_3,STATION_EVENT,NO_FREE_PLATFORM,1692.4961905572818,0.0,141.3892900364931,,,,,,
506.3000000000466,SRC_3,STATION_EVENT,NO_FREE_PLATFORM,1692.4961905572818,0.0,141.3892900364931,,,,,,
506.3000000000466,SRC_3,STATION_EVENT,NO_FREE_PLATFORM,1692.4961905572818,0.0,141.3892900364931,,,,,,
506.40000000004665,SRC_3,STATION_EVENT,NO_FREE_PLATFORM,1692.4961905572818,0.0,141.3892900364931,,,,,,
506.40000000004665,SRC_3,STATION_EVENT,NO_FREE_PLATFORM,1692.4961905572818,0.0,141.3892900364931,,,,,,
506.50000000004667,SRC_3,STATION_EVENT,NO_FREE_PLATFORM,1692.4961905572818,0.0,141.3892900364931,,,,,,
506.50000000004667,SRC_3,STATION_EVENT,NO_FREE_PLATFORM,1692.4961905572818,0.0,141.3892900364931,,,,,,
506.6000000000467,SRC_3,STATION_EVENT,NO_FREE_PLATFORM,1692.4961905572818,0.0,141.3892900364931,,,,,,
506.6000000000467,SRC_3,STATION_EVENT,NO_FREE_PLATFORM,1692.4961905572818,0.0,141.3892900364931,,,,,,
506.7000000000467,SRC_3,STATION_EVENT,NO_FREE_PLATFORM,1692.4961905572818,0.0,141.3892900364931,,,,,,
506.7000000000467,SRC_3,STATION_EVENT,NO_FREE_PLATFORM,1692.4961905572818,0.0,141.3892900364931,,,,,,
506.80000000004674,SRC_3,STATION_EVENT,NO_FREE_PLATFORM,1692.4961905572818,0.0,141.3892900364931,,,,,,
506.80000000004674,SRC_3,STATION_EVENT,NO_FREE_PLATFORM,1692.4961905572818,0.0,141.3892900364931,,,,,,
506.90000000004676,SRC_3,STATION_EVENT,NO_FREE_PLATFORM,1692.4961905572818,0.0,141.3892900364931,,,,,,
506.90000000004676,SRC_3,STATION_EVENT,NO_FREE_PLATFORM,1692.4961905572818,0.0,141.3892900364931,,,,,,
507.0000000000468,SRC_3,STATION_EVENT,NO_FREE_PLATFORM,1692.4961905572818,0.0,141.3892900364931,,,,,,
507.0000000000468,SRC_3,STATION_EVENT,NO_FREE_PLATFORM,1692.4961905572818,0.0,141.3892900364931,,,,,,
507.1000000000468,SRC_3,STATION_EVENT,NO_FREE_PLATFORM,1692.4961905572818,0.0,141.3892900364931,,,,,,
507.1000000000468,SRC_3,STATION_EVENT,NO_FREE_PLATFORM,1692.4961905572818,0.0,141.3892900364931,,,,,,
507.2000000000468,SRC_3,STATION_EVENT,NO_FREE_PLATFORM,1692.4961905572818,0.0,141.3892900364931,,,,,,
507.2000000000468,SRC_3,STATION_EVENT,NO_FREE_PLATFORM,1692.4961905572818,0.0,141.3892900364931,,,,,,
507.30000000004685,SRC_3,STATION_EVENT,NO_FREE_PLATFORM,1692.4961905572818,0.0,141.3892900364931,,,,,,
507.30000000004685,SRC_3,STATION_EVENT,NO_FREE_PLATFORM,1692.4961905572818,0.0,141.3892900364931,,,,,,
507.4000000000469,SRC_3,STATION_EVENT,NO_FREE_PLATFORM,1692.4961905572818,0.0,141.3892900364931,,,,,,
507.4000000000469,SRC_3,STATION_EVENT,NO_FREE_PLATFORM,1692.4961905572818,0.0,141.3892900364931,,,,,,
507.5000000000469,SRC_3,STATION_EVENT,NO_FREE_PLATFORM,1692.4961905572818,0.0,141.3892900364931,,,,,,
507.5000000000469,SRC_3,STATION_EVENT,NO_FREE_PLATFORM,1692.4961905572818,0.0,141.3892900364931,,,,,,
507.6000000000469,SRC_3,STATION_EVENT,NO_FREE_PLATFORM,1692.4961905572818,0.0,141.3892900364931,,,,,,
507.6000000000469,SRC_3,STATION_EVENT,NO_FREE_PLATFORM,1692.4961905572818,0.0,141.3892900364931,,,,,,
507.70000000004694,SRC_3,STATION_EVENT,NO_FREE_PLATFORM,1692.4961905572818,0.0,141.3892900364931,,,,,,
507.70000000004694,SRC_3,STATION_EVENT,NO_FREE_PLATFORM,1692.4961905572818,0.0,141.3892900364931,,,,,,
507.80000000004696,SRC_3,STATION_EVENT,NO_FREE_PLATFORM,1692.4961905572818,0.0,141.3892900364931,,,,,,
507.80000000004696,SRC_3,STATION_EVENT,NO_FREE_PLATFORM,1692.4961905572818,0.0,141.3892900364931,,,,,,
507.900000000047,SRC_3,STATION_EVENT,NO_FREE_PLATFORM,1692.4961905572818,0.0,141.3892900364931,,,,,,
507.900000000047,SRC_3,STATION_EVENT,NO_FREE_PLATFORM,1692.4961905572818,0.0,141.3892900364931,,,,,,
508.000000000047,SRC_3,STATION_EVENT,NO_FREE_PLATFORM,1692.4961905572818,0.0,141.3892900364931,,,,,,
508.000000000047,SRC_3,STATION_EVENT,NO_FREE_PLATFORM,1692.4961905572818,0.0,141.3892900364931,,,,,,
508.10000000004703,SRC_3,STATION_EVENT,NO_FREE_PLATFORM,1692.4961905572818,0.0,141.3892900364931,,,,,,
508.10000000004703,SRC_3,STATION_EVENT,NO_FREE_PLATFORM,1692.4961905572818,0.0,141.3892900364931,,,,,,
508.20000000004705,SRC_3,STATION_EVENT,NO_FREE_PLATFORM,1692.4961905572818,0.0,141.3892900364931,,,,,,
508.20000000004705,SRC_3,STATION_EVENT,NO_FREE_PLATFORM,1692.4961905572818,0.0,141.3892900364931,,,,,,
508.3000000000471,SRC_3,STATION_EVENT,NO_FREE_PLATFORM,1692.4961905572818,0.0,141.3892900364931,,,,,,
508.3000000000471,SRC_3,STATION_EVENT,NO_FREE_PLATFORM,1692.4961905572818,0.0,141.3892900364931,,,,,,
508.4000000000471,SRC_3,STATION_EVENT,NO_FREE_PLATFORM,1692.4961905572818,0.0,141.3892900364931,,,,,,
508.4000000000471,SRC_3,STATION_EVENT,NO_FREE_PLATFORM,1692.4961905572818,0.0,141.3892900364931,,,,,,
508.5000000000471,SRC_3,STATION_EVENT,NO_FREE_PLATFORM,1692.4961905572818,0.0,141.3892900364931,,,,,,
508.5000000000471,SRC_3,STATION_EVENT,NO_FREE_PLATFORM,1692.4961905572818,0.0,141.3892900364931,,,,,,
508.60000000004715,SRC_3,STATION_EVENT,NO_FREE_PLATFORM,1692.4961905572818,0.0,141.3892900364931,,,,,,
508.60000000004715,SRC_3,STATION_EVENT,NO_FREE_PLATFORM,1692.4961905572818,0.0,141.3892900364931,,,,,,
508.70000000004717,SRC_3,STATION_EVENT,NO_FREE_PLATFORM,1692.4961905572818,0.0,141.3892900364931,,,,,,
508.70000000004717,SRC_3,STATION_EVENT,NO_FREE_PLATFORM,1692.4961905572818,0.0,141.3892900364931,,,,,,
508.8000000000472,SRC_3,STATION_EVENT,NO_FREE_PLATFORM,1692.4961905572818,0.0,141.3892900364931,,,,,,
508.8000000000472,SRC_3,STATION_EVENT,NO_FREE_PLATFORM,1692.4961905572818,0.0,141.3892900364931,,,,,,
508.9000000000472,SRC_3,STATION_EVENT,NO_FREE_PLATFORM,1692.4961905572818,0.0,141.3892900364931,,,,,,
508.9000000000472,SRC_3,STATION_EVENT,NO_FREE_PLATFORM,1692.4961905572818,0.0,141.3892900364931,,,,,,
509.00000000004724,SRC_3,STATION_EVENT,NO_FREE_PLATFORM,1692.4961905572818,0.0,141.3892900364931,,,,,,
509.00000000004724,SRC_3,STATION_EVENT,NO_FREE_PLATFORM,1692.4961905572818,0.0,141.3892900364931,,,,,,
509.10000000004726,SRC_3,STATION_EVENT,NO_FREE_PLATFORM,1692.4961905572818,0.0,141.3892900364931,,,,,,
509.10000000004726,SRC_3,STATION_EVENT,NO_FREE_PLATFORM,1692.4961905572818,0.0,141.3892900364931,,,,,,
509.2000000000473,SRC_3,STATION_EVENT,NO_FREE_PLATFORM,1692.4961905572818,0.0,141.3892900364931,,,,,,
509.2000000000473,SRC_3,STATION_EVENT,NO_FREE_PLATFORM,1692.4961905572818,0.0,141.3892900364931,,,,,,
509.3000000000473,SRC_3,STATION_EVENT,NO_FREE_PLATFORM,1692.4961905572818,0.0,141.3892900364931,,,,,,
509.3000000000473,SRC_3,STATION_EVENT,NO_FREE_PLATFORM,1692.4961905572818,0.0,141.3892900364931,,,,,,
509.4000000000473,SRC_3,STATION_EVENT,NO_FREE_PLATFORM,1692.4961905572818,0.0,141.3892900364931,,,,,,
509.4000000000473,SRC_3,STATION_EVENT,NO_FREE_PLATFORM,1692.4961905572818,0.0,141.3892900364931,,,,,,
509.50000000004735,SRC_3,STATION_EVENT,NO_FREE_PLATFORM,1692.4961905572818,0.0,141.3892900364931,,,,,,
509.50000000004735,SRC_3,STATION_EVENT,NO_FREE_PLATFORM,1692.4961905572818,0.0,141.3892900364931,,,,,,
509.6000000000474,SRC_3,STATION_EVENT,NO_FREE_PLATFORM,1692.4961905572818,0.0,141.3892900364931,,,,,,
509.6000000000474,SRC_3,STATION_EVENT,NO_FREE_PLATFORM,1692.4961905572818,0.0,141.3892900364931,,,,,,
509.7000000000474,SRC_3,STATION_EVENT,NO_FREE_PLATFORM,1692.4961905572818,0.0,141.3892900364931,,,,,,
509.7000000000474,SRC_3,STATION_EVENT,NO_FREE_PLATFORM,1692.4961905572818,0.0,141.3892900364931,,,,,,
509.8000000000474,SRC_3,STATION_EVENT,NO_FREE_PLATFORM,1692.4961905572818,0.0,141.3892900364931,,,,,,
509.8000000000474,SRC_3,STATION_EVENT,NO_FREE_PLATFORM,1692.4961905572818,0.0,141.3892900364931,,,,,,
509.90000000004744,SRC_3,STATION_EVENT,NO_FREE_PLATFORM,1692.4961905572818,0.0,141.3892900364931,,,,,,
509.90000000004744,SRC_3,STATION_EVENT,NO_FREE_PLATFORM,1692.4961905572818,0.0,141.3892900364931,,,,,,
510.00000000004746,SRC_3,STATION_EVENT,NO_FREE_PLATFORM,1692.4961905572818,0.0,141.3892900364931,,,,,,
510.00000000004746,SRC_3,STATION_EVENT,NO_FREE_PLATFORM,1692.4961905572818,0.0,141.3892900364931,,,,,,
510.1000000000475,SRC_3,STATION_EVENT,NO_FREE_PLATFORM,1692.4961905572818,0.0,141.3892900364931,,,,,,
510.1000000000475,SRC_3,STATION_EVENT,NO_FREE_PLATFORM,1692.4961905572818,0.0,141.3892900364931,,,,,,
510.2000000000475,SRC_3,STATION_EVENT,NO_FREE_PLATFORM,1692.4961905572818,0.0,141.3892900364931,,,,,,
510.2000000000475,SRC_3,STATION_EVENT,NO_FREE_PLATFORM,1692.4961905572818,0.0,141.3892900364931,,,,,,
510.30000000004753,SRC_3,STATION_EVENT,NO_FREE_PLATFORM,1692.4961905572818,0.0,141.3892900364931,,,,,,
510.30000000004753,SRC_3,STATION_EVENT,NO_FREE_PLATFORM,1692.4961905572818,0.0,141.3892900364931,,,,,,
510.40000000004756,SRC_3,STATION_EVENT,NO_FREE_PLATFORM,1692.4961905572818,0.0,141.3892900364931,,,,,,
510.40000000004756,SRC_3,STATION_EVENT,NO_FREE_PLATFORM,1692.4961905572818,0.0,141.3892900364931,,,,,,
510.5000000000476,SRC_3,STATION_EVENT,NO_FREE_PLATFORM,1692.4961905572818,0.0,141.3892900364931,,,,,,
510.5000000000476,SRC_3,STATION_EVENT,NO_FREE_PLATFORM,1692.4961905572818,0.0,141.3892900364931,,,,,,
510.6000000000476,SRC_3,STATION_EVENT,NO_FREE_PLATFORM,1692.4961905572818,0.0,141.3892900364931,,,,,,
510.6000000000476,SRC_3,STATION_EVENT,NO_FREE_PLATFORM,1692.4961905572818,0.0,141.3892900364931,,,,,,
510.7000000000476,SRC_3,STATION_EVENT,NO_FREE_PLATFORM,1692.4961905572818,0.0,141.3892900364931,,,,,,
510.7000000000476,SRC_3,STATION_EVENT,NO_FREE_PLATFORM,1692.4961905572818,0.0,141.3892900364931,,,,,,
510.80000000004765,SRC_3,STATION_EVENT,NO_FREE_PLATFORM,1692.4961905572818,0.0,141.3892900364931,,,,,,
510.80000000004765,SRC_3,STATION_EVENT,NO_FREE_PLATFORM,1692.4961905572818,0.0,141.3892900364931,,,,,,
510.90000000004767,SRC_3,STATION_EVENT,NO_FREE_PLATFORM,1692.4961905572818,0.0,141.3892900364931,,,,,,
510.90000000004767,SRC_3,STATION_EVENT,NO_FREE_PLATFORM,1692.4961905572818,0.0,141.3892900364931,,,,,,
511.0000000000477,SRC_3,STATION_EVENT,NO_FREE_PLATFORM,1692.4961905572818,0.0,141.3892900364931,,,,,,
511.0000000000477,SRC_3,STATION_EVENT,NO_FREE_PLATFORM,1692.4961905572818,0.0,141.3892900364931,,,,,,
511.1000000000477,SRC_3,STATION_EVENT,NO_FREE_PLATFORM,1692.4961905572818,0.0,141.3892900364931,,,,,,
511.1000000000477,SRC_3,STATION_EVENT,NO_FREE_PLATFORM,1692.4961905572818,0.0,141.3892900364931,,,,,,
511.20000000004774,SRC_3,STATION_EVENT,NO_FREE_PLATFORM,1692.4961905572818,0.0,141.3892900364931,,,,,,
511.20000000004774,SRC_3,STATION_EVENT,NO_FREE_PLATFORM,1692.4961905572818,0.0,141.3892900364931,,,,,,
511.30000000004776,SRC_3,STATION_EVENT,NO_FREE_PLATFORM,1692.4961905572818,0.0,141.3892900364931,,,,,,
511.30000000004776,SRC_3,STATION_EVENT,NO_FREE_PLATFORM,1692.4961905572818,0.0,141.3892900364931,,,,,,
511.4000000000478,SRC_3,STATION_EVENT,NO_FREE_PLATFORM,1692.4961905572818,0.0,141.3892900364931,,,,,,
511.4000000000478,SRC_3,STATION_EVENT,NO_FREE_PLATFORM,1692.4961905572818,0.0,141.3892900364931,,,,,,
511.5000000000478,SRC_3,STATION_EVENT,NO_FREE_PLATFORM,1692.4961905572818,0.0,141.3892900364931,,,,,,
511.5000000000478,SRC_3,STATION_EVENT,NO_FREE_PLATFORM,1692.4961905572818,0.0,141.3892900364931,,,,,,
511.6000000000478,SRC_3,STATION_EVENT,NO_FREE_PLATFORM,1692.4961905572818,0.0,141.3892900364931,,,,,,
511.6000000000478,SRC_3,STATION_EVENT,NO_FREE_PLATFORM,1692.4961905572818,0.0,141.3892900364931,,,,,,
511.70000000004785,SRC_3,STATION_EVENT,NO_FREE_PLATFORM,1692.4961905572818,0.0,141.3892900364931,,,,,,
511.70000000004785,SRC_3,STATION_EVENT,NO_FREE_PLATFORM,1692.4961905572818,0.0,141.3892900364931,,,,,,
511.8000000000479,SRC_3,STATION_EVENT,NO_FREE_PLATFORM,1692.4961905572818,0.0,141.3892900364931,,,,,,
511.8000000000479,SRC_3,STATION_EVENT,NO_FREE_PLATFORM,1692.4961905572818,0.0,141.3892900364931,,,,,,
511.9000000000479,SRC_3,STATION_EVENT,NO_FREE_PLATFORM,1692.4961905572818,0.0,141.3892900364931,,,,,,
511.9000000000479,SRC_3,STATION_EVENT,NO_FREE_PLATFORM,1692.4961905572818,0.0,141.3892900364931,,,,,,
512.0000000000479,SRC_3,STATION_EVENT,NO_FREE_PLATFORM,1692.4961905572818,0.0,141.3892900364931,,,,,,
512.0000000000479,SRC_3,STATION_EVENT,NO_FREE_PLATFORM,1692.4961905572818,0.0,141.3892900364931,,,,,,
512.1000000000479,SRC_3,STATION_EVENT,NO_FREE_PLATFORM,1692.4961905572818,0.0,141.3892900364931,,,,,,
512.1000000000479,SRC_3,STATION_EVENT,NO_FREE_PLATFORM,1692.4961905572818,0.0,141.3892900364931,,,,,,
512.2000000000479,SRC_3,STATION_EVENT,NO_FREE_PLATFORM,1692.4961905572818,0.0,141.3892900364931,,,,,,
512.2000000000479,SRC_3,STATION_EVENT,NO_FREE_PLATFORM,1692.4961905572818,0.0,141.3892900364931,,,,,,
512.3000000000479,SRC_3,STATION_EVENT,NO_FREE_PLATFORM,1692.4961905572818,0.0,141.3892900364931,,,,,,
512.3000000000479,SRC_3,STATION_EVENT,NO_FREE_PLATFORM,1692.4961905572818,0.0,141.3892900364931,,,,,,
512.400000000048,SRC_3,STATION_EVENT,NO_FREE_PLATFORM,1692.4961905572818,0.0,141.3892900364931,,,,,,
512.400000000048,SRC_3,STATION_EVENT,NO_FREE_PLATFORM,1692.4961905572818,0.0,141.3892900364931,,,,,,
512.500000000048,SRC_3,STATION_EVENT,NO_FREE_PLATFORM,1692.4961905572818,0.0,141.3892900364931,,,,,,
512.500000000048,SRC_3,STATION_EVENT,NO_FREE_PLATFORM,1692.4961905572818,0.0,141.3892900364931,,,,,,
512.600000000048,SRC_3,STATION_EVENT,NO_FREE_PLATFORM,1692.4961905572818,0.0,141.3892900364931,,,,,,
512.600000000048,SRC_3,STATION_EVENT,NO_FREE_PLATFORM,1692.4961905572818,0.0,141.3892900364931,,,,,,
512.700000000048,SRC_3,STATION_EVENT,NO_FREE_PLATFORM,1692.4961905572818,0.0,141.3892900364931,,,,,,
512.700000000048,SRC_3,STATION_EVENT,NO_FREE_PLATFORM,1692.4961905572818,0.0,141.3892900364931,,,,,,
512.800000000048,SRC_3,STATION_EVENT,NO_FREE_PLATFORM,1692.4961905572818,0.0,141.3892900364931,,,,,,
512.800000000048,SRC_3,STATION_EVENT,NO_FREE_PLATFORM,1692.4961905572818,0.0,141.3892900364931,,,,,,
512.9000000000481,SRC_3,STATION_EVENT,NO_FREE_PLATFORM,1692.4961905572818,0.0,141.3892900364931,,,,,,
512.9000000000481,SRC_3,STATION_EVENT,NO_FREE_PLATFORM,1692.4961905572818,0.0,141.3892900364931,,,,,,
513.0000000000481,SRC_3,STATION_EVENT,NO_FREE_PLATFORM,1692.4961905572818,0.0,141.3892900364931,,,,,,
513.0000000000481,SRC_3,STATION_EVENT,NO_FREE_PLATFORM,1692.4961905572818,0.0,141.3892900364931,,,,,,
513.1000000000481,SRC_3,STATION_EVENT,NO_FREE_PLATFORM,1692.4961905572818,0.0,141.3892900364931,,,,,,
513.1000000000481,SRC_3,STATION_EVENT,NO_FREE_PLATFORM,1692.4961905572818,0.0,141.3892900364931,,,,,,
513.2000000000481,SRC_3,STATION_EVENT,NO_FREE_PLATFORM,1692.4961905572818,0.0,141.3892900364931,,,,,,
513.2000000000481,SRC_3,STATION_EVENT,NO_FREE_PLATFORM,1692.4961905572818,0.0,141.3892900364931,,,,,,
513.3000000000482,SRC_3,STATION_EVENT,NO_FREE_PLATFORM,1692.4961905572818,0.0,141.3892900364931,,,,,,
513.3000000000482,SRC_3,STATION_EVENT,NO_FREE_PLATFORM,1692.4961905572818,0.0,141.3892900364931,,,,,,
513.4000000000482,SRC_3,STATION_EVENT,NO_FREE_PLATFORM,1692.4961905572818,0.0,141.3892900364931,,,,,,
513.4000000000482,SRC_3,STATION_EVENT,NO_FREE_PLATFORM,1692.4961905572818,0.0,141.3892900364931,,,,,,
513.5000000000482,SRC_3,STATION_EVENT,NO_FREE_PLATFORM,1692.4961905572818,0.0,141.3892900364931,,,,,,
513.5000000000482,SRC_3,STATION_EVENT,NO_FREE_PLATFORM,1692.4961905572818,0.0,141.3892900364931,,,,,,
513.6000000000482,SRC_3,STATION_EVENT,NO_FREE_PLATFORM,1692.4961905572818,0.0,141.3892900364931,,,,,,
513.6000000000482,SRC_3,STATION_EVENT,NO_FREE_PLATFORM,1692.4961905572818,0.0,141.3892900364931,,,,,,
513.7000000000482,SRC_3,STATION_EVENT,NO_FREE_PLATFORM,1692.4961905572818,0.0,141.3892900364931,,,,,,
513.7000000000482,SRC_3,STATION_EVENT,NO_FREE_PLATFORM,1692.4961905572818,0.0,141.3892900364931,,,,,,
513.8000000000483,SRC_3,STATION_EVENT,NO_FREE_PLATFORM,1692.4961905572818,0.0,141.3892900364931,,,,,,
513.8000000000483,SRC_3,STATION_EVENT,NO_FREE_PLATFORM,1692.4961905572818,0.0,141.3892900364931,,,,,,
513.9000000000483,SRC_3,STATION_EVENT,NO_FREE_PLATFORM,1692.4961905572818,0.0,141.3892900364931,,,,,,
513.9000000000483,SRC_3,STATION_EVENT,NO_FREE_PLATFORM,1692.4961905572818,0.0,141.3892900364931,,,,,,
514.0000000000483,SRC_3,STATION_EVENT,NO_FREE_PLATFORM,1692.4961905572818,0.0,141.3892900364931,,,,,,
514.0000000000483,SRC_3,STATION_EVENT,NO_FREE_PLATFORM,1692.4961905572818,0.0,141.3892900364931,,,,,,
514.1000000000483,SRC_3,STATION_EVENT,NO_FREE_PLATFORM,1692.4961905572818,0.0,141.3892900364931,,,,,,
514.1000000000483,SRC_3,STATION_EVENT,NO_FREE_PLATFORM,1692.4961905572818,0.0,141.3892900364931,,,,,,
514.2000000000484,SRC_3,STATION_EVENT,NO_FREE_PLATFORM,1692.4961905572818,0.0,141.3892900364931,,,,,,
514.2000000000484,SRC_3,STATION_EVENT,NO_FREE_PLATFORM,1692.4961905572818,0.0,141.3892900364931,,,,,,
514.3000000000484,SRC_3,STATION_EVENT,NO_FREE_PLATFORM,1692.4961905572818,0.0,141.3892900364931,,,,,,
514.3000000000484,SRC_3,STATION_EVENT,NO_FREE_PLATFORM,1692.4961905572818,0.0,141.3892900364931,,,,,,
514.4000000000484,SRC_3,STATION_EVENT,NO_FREE_PLATFORM,1692.4961905572818,0.0,141.3892900364931,,,,,,
514.4000000000484,SRC_3,STATION_EVENT,NO_FREE_PLATFORM,1692.4961905572818,0.0,141.3892900364931,,,,,,
514.5000000000484,SRC_3,STATION_EVENT,NO_FREE_PLATFORM,1692.4961905572818,0.0,141.3892900364931,,,,,,
514.5000000000484,SRC_3,STATION_EVENT,NO_FREE_PLATFORM,1692.4961905572818,0.0,141.3892900364931,,,,,,
514.6000000000485,SRC_3,STATION_EVENT,NO_FREE_PLATFORM,1692.4961905572818,0.0,141.3892900364931,,,,,,
514.6000000000485,SRC_3,STATION_EVENT,NO_FREE_PLATFORM,1692.4961905572818,0.0,141.3892900364931,,,,,,
514.7000000000485,SRC_3,STATION_EVENT,NO_FREE_PLATFORM,1692.4961905572818,0.0,141.3892900364931,,,,,,
514.7000000000485,SRC_3,STATION_EVENT,NO_FREE_PLATFORM,1692.4961905572818,0.0,141.3892900364931,,,,,,
514.8000000000485,SRC_3,STATION_EVENT,NO_FREE_PLATFORM,1692.4961905572818,0.0,141.3892900364931,,,,,,
514.8000000000485,SRC_3,STATION_EVENT,NO_FREE_PLATFORM,1692.4961905572818,0.0,141.3892900364931,,,,,,
514.9000000000485,SRC_3,STATION_EVENT,NO_FREE_PLATFORM,1692.4961905572818,0.0,141.3892900364931,,,,,,
514.9000000000485,SRC_3,STATION_EVENT,NO_FREE_PLATFORM,1692.4961905572818,0.0,141.3892900364931,,,,,,
515.0000000000485,SRC_3,STATION_EVENT,NO_FREE_PLATFORM,1692.4961905572818,0.0,141.3892900364931,,,,,,
515.0000000000485,SRC_3,STATION_EVENT,NO_FREE_PLATFORM,1692.4961905572818,0.0,141.3892900364931,,,,,,
515.1000000000486,SRC_3,STATION_EVENT,NO_FREE_PLATFORM,1692.4961905572818,0.0,141.3892900364931,,,,,,
515.1000000000486,SRC_3,STATION_EVENT,NO_FREE_PLATFORM,1692.4961905572818,0.0,141.3892900364931,,,,,,
515.2000000000486,SRC_3,STATION_EVENT,NO_FREE_PLATFORM,1692.4961905572818,0.0,141.3892900364931,,,,,,
515.2000000000486,SRC_3,STATION_EVENT,NO_FREE_PLATFORM,1692.4961905572818,0.0,141.3892900364931,,,,,,
515.3000000000486,SRC_3,STATION_EVENT,NO_FREE_PLATFORM,1692.4961905572818,0.0,141.3892900364931,,,,,,
515.3000000000486,SRC_3,STATION_EVENT,NO_FREE_PLATFORM,1692.4961905572818,0.0,141.3892900364931,,,,,,
515.4000000000486,SRC_3,STATION_EVENT,NO_FREE_PLATFORM,1692.4961905572818,0.0,141.3892900364931,,,,,,
515.4000000000486,SRC_3,STATION_EVENT,NO_FREE_PLATFORM,1692.4961905572818,0.0,141.3892900364931,,,,,,
515.5000000000487,SRC_3,STATION_EVENT,NO_FREE_PLATFORM,1692.4961905572818,0.0,141.3892900364931,,,,,,
515.5000000000487,SRC_3,STATION_EVENT,NO_FREE_PLATFORM,1692.4961905572818,0.0,141.3892900364931,,,,,,
515.6000000000487,SRC_3,STATION_EVENT,NO_FREE_PLATFORM,1692.4961905572818,0.0,141.3892900364931,,,,,,
515.6000000000487,SRC_3,STATION_EVENT,NO_FREE_PLATFORM,1692.4961905572818,0.0,141.3892900364931,,,,,,
515.7000000000487,SRC_3,STATION_EVENT,NO_FREE_PLATFORM,1692.4961905572818,0.0,141.3892900364931,,,,,,
515.7000000000487,SRC_3,STATION_EVENT,NO_FREE_PLATFORM,1692.4961905572818,0.0,141.3892900364931,,,,,,
515.8000000000487,SRC_3,STATION_EVENT,NO_FREE_PLATFORM,1692.4961905572818,0.0,141.3892900364931,,,,,,
515.8000000000487,SRC_3,STATION_EVENT,NO_FREE_PLATFORM,1692.4961905572818,0.0,141.3892900364931,,,,,,
503.9000000000461,SRC_4,STATION_EVENT,NO_FREE_PLATFORM,1426.5520276911814,0.0,93.34416286610053,,,,,,
503.9000000000461,SRC_4,STATION_EVENT,NO_FREE_PLATFORM,1426.5520276911814,0.0,93.34416286610053,,,,,,
504.0000000000461,SRC_4,STATION_EVENT,NO_FREE_PLATFORM,1426.5520276911814,0.0,93.34416286610053,,,,,,
504.0000000000461,SRC_4,STATION_EVENT,NO_FREE_PLATFORM,1426.5520276911814,0.0,93.34416286610053,,,,,,
504.1000000000461,SRC_4,STATION_EVENT,NO_FREE_PLATFORM,1426.5520276911814,0.0,93.34416286610053,,,,,,
504.1000000000461,SRC_4,STATION_EVENT,NO_FREE_PLATFORM,1426.5520276911814,0.0,93.34416286610053,,,,,,
504.20000000004615,SRC_4,STATION_EVENT,NO_FREE_PLATFORM,1426.5520276911814,0.0,93.34416286610053,,,,,,
504.20000000004615,SRC_4,STATION_EVENT,NO_FREE_PLATFORM,1426.5520276911814,0.0,93.34416286610053,,,,,,
504.30000000004617,SRC_4,STATION_EVENT,NO_FREE_PLATFORM,1426.5520276911814,0.0,93.34416286610053,,,,,,
504.30000000004617,SRC_4,STATION_EVENT,NO_FREE_PLATFORM,1426.5520276911814,0.0,93.34416286610053,,,,,,
504.4000000000462,SRC_4,STATION_EVENT,NO_FREE_PLATFORM,1426.5520276911814,0.0,93.34416286610053,,,,,,
504.4000000000462,SRC_4,STATION_EVENT,NO_FREE_PLATFORM,1426.5520276911814,0.0,93.34416286610053,,,,,,
504.5000000000462,SRC_4,STATION_EVENT,NO_FREE_PLATFORM,1426.5520276911814,0.0,93.34416286610053,,,,,,
504.5000000000462,SRC_4,STATION_EVENT,NO_FREE_PLATFORM,1426.5520276911814,0.0,93.34416286610053,,,,,,
504.60000000004624,SRC_4,STATION_EVENT,NO_FREE_PLATFORM,1426.5520276911814,0.0,93.34416286610053,,,,,,
504.60000000004624,SRC_4,STATION_EVENT,NO_FREE_PLATFORM,1426.5520276911814,0.0,93.34416286610053,,,,,,
504.70000000004626,SRC_4,STATION_EVENT,NO_FREE_PLATFORM,1426.5520276911814,0.0,93.34416286610053,,,,,,
504.70000000004626,SRC_4,STATION_EVENT,NO_FREE_PLATFORM,1426.5520276911814,0.0,93.34416286610053,,,,,,
504.8000000000463,SRC_4,STATION_EVENT,NO_FREE_PLATFORM,1426.5520276911814,0.0,93.34416286610053,,,,,,
504.8000000000463,SRC_4,STATION_EVENT,NO_FREE_PLATFORM,1426.5520276911814,0.0,93.34416286610053,,,,,,
504.9000000000463,SRC_4,STATION_EVENT,NO_FREE_PLATFORM,1426.5520276911814,0.0,93.34416286610053,,,,,,
504.9000000000463,SRC_4,STATION_EVENT,NO_FREE_PLATFORM,1426.5520276911814,0.0,93.34416286610053,,,,,,
505.0000000000463,SRC_4,STATION_EVENT,NO_FREE_PLATFORM,1426.5520276911814,0.0,93.34416286610053,,,,,,
505.0000000000463,SRC_4,STATION_EVENT,NO_FREE_PLATFORM,1426.5520276911814,0.0,93.34416286610053,,,,,,
505.10000000004635,SRC_4,STATION_EVENT,NO_FREE_PLATFORM,1426.5520276911814,0.0,93.34416286610053,,,,,,
505.10000000004635,SRC_4,STATION_EVENT,NO_FREE_PLATFORM,1426.5520276911814,0.0,93.34416286610053,,,,,,
505.2000000000464,SRC_4,STATION_EVENT,NO_FREE_PLATFORM,1426.5520276911814,0.0,93.34416286610053,,,,,,
505.2000000000464,SRC_4,STATION_EVENT,NO_FREE_PLATFORM,1426.5520276911814,0.0,93.34416286610053,,,,,,
505.3000000000464,SRC_4,STATION_EVENT,NO_FREE_PLATFORM,1426.5520276911814,0.0,93.34416286610053,,,,,,
505.3000000000464,SRC_4,STATION_EVENT,NO_FREE_PLATFORM,1426.5520276911814,0.0,93.34416286610053,,,,,,
505.4000000000464,SRC_4,STATION_EVENT,NO_FREE_PLATFORM,1426.5520276911814,0.0,93.34416286610053,,,,,,
505.4000000000464,SRC_4,STATION_EVENT,NO_FREE_PLATFORM,1426.5520276911814,0.0,93.34416286610053,,,,,,
505.50000000004644,SRC_4,STATION_EVENT,NO_FREE_PLATFORM,1426.5520276911814,0.0,93.34416286610053,,,,,,
505.50000000004644,SRC_4,STATION_EVENT,NO_FREE_PLATFORM,1426.5520276911814,0.0,93.34416286610053,,,,,,
505.60000000004646,SRC_4,STATION_EVENT,NO_FREE_PLATFORM,1426.5520276911814,0.0,93.34416286610053,,,,,,
505.60000000004646,SRC_4,STATION_EVENT,NO_FREE_PLATFORM,1426.5520276911814,0.0,93.34416286610053,,,,,,
505.7000000000465,SRC_4,STATION_EVENT,NO_FREE_PLATFORM,1426.5520276911814,0.0,93.34416286610053,,,,,,
505.7000000000465,SRC_4,STATION_EVENT,NO_FREE_PLATFORM,1426.5520276911814,0.0,93.34416286610053,,,,,,
505.8000000000465,SRC_4,STATION_EVENT,NO_FREE_PLATFORM,1426.5520276911814,0.0,93.34416286610053,,,,,,
505.8000000000465,SRC_4,STATION_EVENT,NO_FREE_PLATFORM,1426.5520276911814,0.0,93.34416286610053,,,,,,
505.90000000004653,SRC_4,STATION_EVENT,NO_FREE_PLATFORM,1426.5520276911814,0.0,93.34416286610053,,,,,,
505.90000000004653,SRC_4,STATION_EVENT,NO_FREE_PLATFORM,1426.5520276911814,0.0,93.34416286610053,,,,,,
506.00000000004655,SRC_4,STATION_EVENT,NO_FREE_PLATFORM,1426.5520276911814,0.0,93.34416286610053,,,,,,
506.00000000004655,SRC_4,STATION_EVENT,NO_FREE_PLATFORM,1426.5520276911814,0.0,93.34416286610053,,,,,,
506.1000000000466,SRC_4,STATION_EVENT,NO_FREE_PLATFORM,1426.5520276911814,0.0,93.34416286610053,,,,,,
506.1000000000466,SRC_4,STATION_EVENT,NO_FREE_PLATFORM,1426.5520276911814,0.0,93.34416286610053,,,,,,
506.2000000000466,SRC_4,STATION_EVENT,NO_FREE_PLATFORM,1426.5520276911814,0.0,93.34416286610053,,,,,,
506.2000000000466,SRC_4,STATION_EVENT,NO_FREE_PLATFORM,1426.5520276911814,0.0,93.34416286610053,,,,,,
506.3000000000466,SRC_4,STATION_EVENT,NO_FREE_PLATFORM,1426.5520276911814,0.0,93.34416286610053,,,,,,
506.3000000000466,SRC_4,STATION_EVENT,NO_FREE_PLATFORM,1426.5520276911814,0.0,93.34416286610053,,,,,,
506.40000000004665,SRC_4,STATION_EVENT,NO_FREE_PLATFORM,1426.5520276911814,0.0,93.34416286610053,,,,,,
506.40000000004665,SRC_4,STATION_EVENT,NO_FREE_PLATFORM,1426.5520276911814,0.0,93.34416286610053,,,,,,
506.50000000004667,SRC_4,STATION_EVENT,NO_FREE_PLATFORM,1426.5520276911814,0.0,93.34416286610053,,,,,,
506.50000000004667,SRC_4,STATION_EVENT,NO_FREE_PLATFORM,1426.5520276911814,0.0,93.34416286610053,,,,,,
506.6000000000467,SRC_4,STATION_EVENT,NO_FREE_PLATFORM,1426.5520276911814,0.0,93.34416286610053,,,,,,
506.6000000000467,SRC_4,STATION_EVENT,NO_FREE_PLATFORM,1426.5520276911814,0.0,93.34416286610053,,,,,,
506.7000000000467,SRC_4,STATION_EVENT,NO_FREE_PLATFORM,1426.5520276911814,0.0,93.34416286610053,,,,,,
506.7000000000467,SRC_4,STATION_EVENT,NO_FREE_PLATFORM,1426.5520276911814,0.0,93.34416286610053,,,,,,
506.80000000004674,SRC_4,STATION_EVENT,NO_FREE_PLATFORM,1426.5520276911814,0.0,93.34416286610053,,,,,,
506.80000000004674,SRC_4,STATION_EVENT,NO_FREE_PLATFORM,1426.5520276911814,0.0,93.34416286610053,,,,,,
506.90000000004676,SRC_4,STATION_EVENT,NO_FREE_PLATFORM,1426.5520276911814,0.0,93.34416286610053,,,,,,
506.90000000004676,SRC_4,STATION_EVENT,NO_FREE_PLATFORM,1426.5520276911814,0.0,93.34416286610053,,,,,,
507.0000000000468,SRC_4,STATION_EVENT,NO_FREE_PLATFORM,1426.5520276911814,0.0,93.34416286610053,,,,,,
507.0000000000468,SRC_4,STATION_EVENT,NO_FREE_PLATFORM,1426.5520276911814,0.0,93.34416286610053,,,,,,
507.1000000000468,SRC_4,STATION_EVENT,NO_FREE_PLATFORM,1426.5520276911814,0.0,93.34416286610053,,,,,,
507.1000000000468,SRC_4,STATION_EVENT,NO_FREE_PLATFORM,1426.5520276911814,0.0,93.34416286610053,,,,,,
507.2000000000468,SRC_4,STATION_EVENT,NO_FREE_PLATFORM,1426.5520276911814,0.0,93.34416286610053,,,,,,
507.2000000000468,SRC_4,STATION_EVENT,NO_FREE_PLATFORM,1426.5520276911814,0.0,93.34416286610053,,,,,,
507.30000000004685,SRC_4,STATION_EVENT,NO_FREE_PLATFORM,1426.5520276911814,0.0,93.34416286610053,,,,,,
507.30000000004685,SRC_4,STATION_EVENT,NO_FREE_PLATFORM,1426.5520276911814,0.0,93.34416286610053,,,,,,
507.4000000000469,SRC_4,STATION_EVENT,NO_FREE_PLATFORM,1426.5520276911814,0.0,93.34416286610053,,,,,,
507.4000000000469,SRC_4,STATION_EVENT,NO_FREE_PLATFORM,1426.5520276911814,0.0,93.34416286610053,,,,,,
507.5000000000469,SRC_4,STATION_EVENT,NO_FREE_PLATFORM,1426.5520276911814,0.0,93.34416286610053,,,,,,
507.5000000000469,SRC_4,STATION_EVENT,NO_FREE_PLATFORM,1426.5520276911814,0.0,93.34416286610053,,,,,,
507.6000000000469,SRC_4,STATION_EVENT,NO_FREE_PLATFORM,1426.5520276911814,0.0,93.34416286610053,,,,,,
507.6000000000469,SRC_4,STATION_EVENT,NO_FREE_PLATFORM,1426.5520276911814,0.0,93.34416286610053,,,,,,
507.70000000004694,SRC_4,STATION_EVENT,NO_FREE_PLATFORM,1426.5520276911814,0.0,93.34416286610053,,,,,,
507.70000000004694,SRC_4,STATION_EVENT,NO_FREE_PLATFORM,1426.5520276911814,0.0,93.34416286610053,,,,,,
507.80000000004696,SRC_4,STATION_EVENT,NO_FREE_PLATFORM,1426.5520276911814,0.0,93.34416286610053,,,,,,
507.80000000004696,SRC_4,STATION_EVENT,NO_FREE_PLATFORM,1426.5520276911814,0.0,93.34416286610053,,,,,,
507.900000000047,SRC_4,STATION_EVENT,NO_FREE_PLATFORM,1426.5520276911814,0.0,93.34416286610053,,,,,,
507.900000000047,SRC_4,STATION_EVENT,NO_FREE_PLATFORM,1426.5520276911814,0.0,93.34416286610053,,,,,,
508.000000000047,SRC_4,STATION_EVENT,NO_FREE_PLATFORM,1426.5520276911814,0.0,93.34416286610053,,,,,,
508.000000000047,SRC_4,STATION_EVENT,NO_FREE_PLATFORM,1426.5520276911814,0.0,93.34416286610053,,,,,,
508.10000000004703,SRC_4,STATION_EVENT,NO_FREE_PLATFORM,1426.5520276911814,0.0,93.34416286610053,,,,,,
508.10000000004703,SRC_4,STATION_EVENT,NO_FREE_PLATFORM,1426.5520276911814,0.0,93.34416286610053,,,,,,
508.20000000004705,SRC_4,STATION_EVENT,NO_FREE_PLATFORM,1426.5520276911814,0.0,93.34416286610053,,,,,,
508.20000000004705,SRC_4,STATION_EVENT,NO_FREE_PLATFORM,1426.5520276911814,0.0,93.34416286610053,,,,,,
508.3000000000471,SRC_4,STATION_EVENT,NO_FREE_PLATFORM,1426.5520276911814,0.0,93.34416286610053,,,,,,
508.3000000000471,SRC_4,STATION_EVENT,NO_FREE_PLATFORM,1426.5520276911814,0.0,93.34416286610053,,,,,,
508.4000000000471,SRC_4,STATION_EVENT,NO_FREE_PLATFORM,1426.5520276911814,0.0,93.34416286610053,,,,,,
508.4000000000471,SRC_4,STATION_EVENT,NO_FREE_PLATFORM,1426.5520276911814,0.0,93.34416286610053,,,,,,
508.5000000000471,SRC_4,STATION_EVENT,NO_FREE_PLATFORM,1426.5520276911814,0.0,93.34416286610053,,,,,,
508.5000000000471,SRC_4,STATION_EVENT,NO_FREE_PLATFORM,1426.5520276911814,0.0,93.34416286610053,,,,,,
508.60000000004715,SRC_4,STATION_EVENT,NO_FREE_PLATFORM,1426.5520276911814,0.0,93.34416286610053,,,,,,
508.60000000004715,SRC_4,STATION_EVENT,NO_FREE_PLATFORM,1426.5520276911814,0.0,93.34416286610053,,,,,,
508.70000000004717,SRC_4,STATION_EVENT,NO_FREE_PLATFORM,1426.5520276911814,0.0,93.34416286610053,,,,,,
508.70000000004717,SRC_4,STATION_EVENT,NO_FREE_PLATFORM,1426.5520276911814,0.0,93.34416286610053,,,,,,
508.8000000000472,SRC_4,STATION_EVENT,NO_FREE_PLATFORM,1426.5520276911814,0.0,93.34416286610053,,,,,,
508.8000000000472,SRC_4,STATION_EVENT,NO_FREE_PLATFORM,1426.5520276911814,0.0,93.34416286610053,,,,,,
508.9000000000472,SRC_4,STATION_EVENT,NO_FREE_PLATFORM,1426.5520276911814,0.0,93.34416286610053,,,,,,
508.9000000000472,SRC_4,STATION_EVENT,NO_FREE_PLATFORM,1426.5520276911814,0.0,93.34416286610053,,,,,,
509.00000000004724,SRC_4,STATION_EVENT,NO_FREE_PLATFORM,1426.5520276911814,0.0,93.34416286610053,,,,,,
509.00000000004724,SRC_4,STATION_EVENT,NO_FREE_PLATFORM,1426.5520276911814,0.0,93.34416286610053,,,,,,
509.10000000004726,SRC_4,STATION_EVENT,NO_FREE_PLATFORM,1426.5520276911814,0.0,93.34416286610053,,,,,,
509.10000000004726,SRC_4,STATION_EVENT,NO_FREE_PLATFORM,1426.5520276911814,0.0,93.34416286610053,,,,,,
509.2000000000473,SRC_4,STATION_EVENT,NO_FREE_PLATFORM,1426.5520276911814,0.0,93.34416286610053,,,,,,
509.2000000000473,SRC_4,STATION_EVENT,NO_FREE_PLATFORM,1426.5520276911814,0.0,93.34416286610053,,,,,,
509.3000000000473,SRC_4,STATION_EVENT,NO_FREE_PLATFORM,1426.5520276911814,0.0,93.34416286610053,,,,,,
509.3000000000473,SRC_4,STATION_EVENT,NO_FREE_PLATFORM,1426.5520276911814,0.0,93.34416286610053,,,,,,
509.4000000000473,SRC_4,STATION_EVENT,NO_FREE_PLATFORM,1426.5520276911814,0.0,93.34416286610053,,,,,,
509.4000000000473,SRC_4,STATION_EVENT,NO_FREE_PLATFORM,1426.5520276911814,0.0,93.34416286610053,,,,,,
509.50000000004735,SRC_4,STATION_EVENT,NO_FREE_PLATFORM,1426.5520276911814,0.0,93.34416286610053,,,,,,
509.50000000004735,SRC_4,STATION_EVENT,NO_FREE_PLATFORM,1426.5520276911814,0.0,93.34416286610053,,,,,,
509.6000000000474,SRC_4,STATION_EVENT,NO_FREE_PLATFORM,1426.5520276911814,0.0,93.34416286610053,,,,,,
509.6000000000474,SRC_4,STATION_EVENT,NO_FREE_PLATFORM,1426.5520276911814,0.0,93.34416286610053,,,,,,
509.7000000000474,SRC_4,STATION_EVENT,NO_FREE_PLATFORM,1426.5520276911814,0.0,93.34416286610053,,,,,,
509.7000000000474,SRC_4,STATION_EVENT,NO_FREE_PLATFORM,1426.5520276911814,0.0,93.34416286610053,,,,,,
509.8000000000474,SRC_4,STATION_EVENT,NO_FREE_PLATFORM,1426.5520276911814,0.0,93.34416286610053,,,,,,
509.8000000000474,SRC_4,STATION_EVENT,NO_FREE_PLATFORM,1426.5520276911814,0.0,93.34416286610053,,,,,,
509.90000000004744,SRC_4,STATION_EVENT,NO_FREE_PLATFORM,1426.5520276911814,0.0,93.34416286610053,,,,,,
509.90000000004744,SRC_4,STATION_EVENT,NO_FREE_PLATFORM,1426.5520276911814,0.0,93.34416286610053,,,,,,
510.00000000004746,SRC_4,STATION_EVENT,NO_FREE_PLATFORM,1426.5520276911814,0.0,93.34416286610053,,,,,,
510.00000000004746,SRC_4,STATION_EVENT,NO_FREE_PLATFORM,1426.5520276911814,0.0,93.34416286610053,,,,,,
510.1000000000475,SRC_4,STATION_EVENT,NO_FREE_PLATFORM,1426.5520276911814,0.0,93.34416286610053,,,,,,
510.1000000000475,SRC_4,STATION_EVENT,NO_FREE_PLATFORM,1426.5520276911814,0.0,93.34416286610053,,,,,,
510.2000000000475,SRC_4,STATION_EVENT,NO_FREE_PLATFORM,1426.5520276911814,0.0,93.34416286610053,,,,,,
510.2000000000475,SRC_4,STATION_EVENT,NO_FREE_PLATFORM,1426.5520276911814,0.0,93.34416286610053,,,,,,
510.30000000004753,SRC_4,STATION_EVENT,NO_FREE_PLATFORM,1426.5520276911814,0.0,93.34416286610053,,,,,,
510.30000000004753,SRC_4,STATION_EVENT,NO_FREE_PLATFORM,1426.5520276911814,0.0,93.34416286610053,,,,,,
510.40000000004756,SRC_4,STATION_EVENT,NO_FREE_PLATFORM,1426.5520276911814,0.0,93.34416286610053,,,,,,
510.40000000004756,SRC_4,STATION_EVENT,NO_FREE_PLATFORM,1426.5520276911814,0.0,93.34416286610053,,,,,,
510.5000000000476,SRC_4,STATION_EVENT,NO_FREE_PLATFORM,1426.5520276911814,0.0,93.34416286610053,,,,,,
510.5000000000476,SRC_4,STATION_EVENT,NO_FREE_PLATFORM,1426.5520276911814,0.0,93.34416286610053,,,,,,
510.6000000000476,SRC_4,STATION_EVENT,NO_FREE_PLATFORM,1426.5520276911814,0.0,93.34416286610053,,,,,,
510.6000000000476,SRC_4,STATION_EVENT,NO_FREE_PLATFORM,1426.5520276911814,0.0,93.34416286610053,,,,,,
510.7000000000476,SRC_4,STATION_EVENT,NO_FREE_PLATFORM,1426.5520276911814,0.0,93.34416286610053,,,,,,
510.7000000000476,SRC_4,STATION_EVENT,NO_FREE_PLATFORM,1426.5520276911814,0.0,93.34416286610053,,,,,,
510.80000000004765,SRC_4,STATION_EVENT,NO_FREE_PLATFORM,1426.5520276911814,0.0,93.34416286610053,,,,,,
510.80000000004765,SRC_4,STATION_EVENT,NO_FREE_PLATFORM,1426.5520276911814,0.0,93.34416286610053,,,,,,
510.90000000004767,SRC_4,STATION_EVENT,NO_FREE_PLATFORM,1426.5520276911814,0.0,93.34416286610053,,,,,,
510.90000000004767,SRC_4,STATION_EVENT,NO_FREE_PLATFORM,1426.5520276911814,0.0,93.34416286610053,,,,,,
511.0000000000477,SRC_4,STATION_EVENT,NO_FREE_PLATFORM,1426.5520276911814,0.0,93.34416286610053,,,,,,
511.0000000000477,SRC_4,STATION_EVENT,NO_FREE_PLATFORM,1426.5520276911814,0.0,93.34416286610053,,,,,,
511.1000000000477,SRC_4,STATION_EVENT,NO_FREE_PLATFORM,1426.5520276911814,0.0,93.34416286610053,,,,,,
511.1000000000477,SRC_4,STATION_EVENT,NO_FREE_PLATFORM,1426.5520276911814,0.0,93.34416286610053,,,,,,
511.20000000004774,SRC_4,STATION_EVENT,NO_FREE_PLATFORM,1426.5520276911814,0.0,93.34416286610053,,,,,,
511.20000000004774,SRC_4,STATION_EVENT,NO_FREE_PLATFORM,1426.5520276911814,0.0,93.34416286610053,,,,,,
511.30000000004776,SRC_4,STATION_EVENT,NO_FREE_PLATFORM,1426.5520276911814,0.0,93.34416286610053,,,,,,
511.30000000004776,SRC_4,STATION_EVENT,NO_FREE_PLATFORM,1426.5520276911814,0.0,93.34416286610053,,,,,,
511.4000000000478,SRC_4,STATION_EVENT,NO_FREE_PLATFORM,1426.5520276911814,0.0,93.34416286610053,,,,,,
511.4000000000478,SRC_4,STATION_EVENT,NO_FREE_PLATFORM,1426.5520276911814,0.0,93.34416286610053,,,,,,
511.5000000000478,SRC_4,STATION_EVENT,NO_FREE_PLATFORM,1426.5520276911814,0.0,93.34416286610053,,,,,,
511.5000000000478,SRC_4,STATION_EVENT,NO_FREE_PLATFORM,1426.5520276911814,0.0,93.34416286610053,,,,,,
511.6000000000478,SRC_4,STATION_EVENT,NO_FREE_PLATFORM,1426.5520276911814,0.0,93.34416286610053,,,,,,
511.6000000000478,SRC_4,STATION_EVENT,NO_FREE_PLATFORM,1426.5520276911814,0.0,93.34416286610053,,,,,,
511.70000000004785,SRC_4,STATION_EVENT,NO_FREE_PLATFORM,1426.5520276911814,0.0,93.34416286610053,,,,,,
511.70000000004785,SRC_4,STATION_EVENT,NO_FREE_PLATFORM,1426.5520276911814,0.0,93.34416286610053,,,,,,
511.8000000000479,SRC_4,STATION_EVENT,NO_FREE_PLATFORM,1426.5520276911814,0.0,93.34416286610053,,,,,,
511.8000000000479,SRC_4,STATION_EVENT,NO_FREE_PLATFORM,1426.5520276911814,0.0,93.34416286610053,,,,,,
511.9000000000479,SRC_4,STATION_EVENT,NO_FREE_PLATFORM,1426.5520276911814,0.0,93.34416286610053,,,,,,
511.9000000000479,SRC_4,STATION_EVENT,NO_FREE_PLATFORM,1426.5520276911814,0.0,93.34416286610053,,,,,,
512.0000000000479,SRC_4,STATION_EVENT,NO_FREE_PLATFORM,1426.5520276911814,0.0,93.34416286610053,,,,,,
512.0000000000479,SRC_4,STATION_EVENT,NO_FREE_PLATFORM,1426.5520276911814,0.0,93.34416286610053,,,,,,
512.1000000000479,SRC_4,STATION_EVENT,NO_FREE_PLATFORM,1426.5520276911814,0.0,93.34416286610053,,,,,,
512.1000000000479,SRC_4,STATION_EVENT,NO_FREE_PLATFORM,1426.5520276911814,0.0,93.34416286610053,,,,,,
512.2000000000479,SRC_4,STATION_EVENT,NO_FREE_PLATFORM,1426.5520276911814,0.0,93.34416286610053,,,,,,
512.2000000000479,SRC_4,STATION_EVENT,NO_FREE_PLATFORM,1426.5520276911814,0.0,93.34416286610053,,,,,,
512.3000000000479,SRC_4,STATION_EVENT,NO_FREE_PLATFORM,1426.5520276911814,0.0,93.34416286610053,,,,,,
512.3000000000479,SRC_4,STATION_EVENT,NO_FREE_PLATFORM,1426.5520276911814,0.0,93.34416286610053,,,,,,
512.400000000048,SRC_4,STATION_EVENT,NO_FREE_PLATFORM,1426.5520276911814,0.0,93.34416286610053,,,,,,
512.400000000048,SRC_4,STATION_EVENT,NO_FREE_PLATFORM,1426.5520276911814,0.0,93.34416286610053,,,,,,
512.500000000048,SRC_4,STATION_EVENT,NO_FREE_PLATFORM,1426.5520276911814,0.0,93.34416286610053,,,,,,
512.500000000048,SRC_4,STATION_EVENT,NO_FREE_PLATFORM,1426.5520276911814,0.0,93.34416286610053,,,,,,
512.600000000048,SRC_4,STATION_EVENT,NO_FREE_PLATFORM,1426.5520276911814,0.0,93.34416286610053,,,,,,
512.600000000048,SRC_4,STATION_EVENT,NO_FREE_PLATFORM,1426.5520276911814,0.0,93.34416286610053,,,,,,
512.700000000048,SRC_4,STATION_EVENT,NO_FREE_PLATFORM,1426.5520276911814,0.0,93.34416286610053,,,,,,
512.700000000048,SRC_4,STATION_EVENT,NO_FREE_PLATFORM,1426.5520276911814,0.0,93.34416286610053,,,,,,
512.800000000048,SRC_4,STATION_EVENT,NO_FREE_PLATFORM,1426.5520276911814,0.0,93.34416286610053,,,,,,
512.800000000048,SRC_4,STATION_EVENT,NO_FREE_PLATFORM,1426.5520276911814,0.0,93.34416286610053,,,,,,
512.9000000000481,SRC_4,STATION_EVENT,NO_FREE_PLATFORM,1426.5520276911814,0.0,93.34416286610053,,,,,,
512.9000000000481,SRC_4,STATION_EVENT,NO_FREE_PLATFORM,1426.5520276911814,0.0,93.34416286610053,,,,,,
513.0000000000481,SRC_4,STATION_EVENT,NO_FREE_PLATFORM,1426.5520276911814,0.0,93.34416286610053,,,,,,
513.0000000000481,SRC_4,STATION_EVENT,NO_FREE_PLATFORM,1426.5520276911814,0.0,93.34416286610053,,,,,,
513.1000000000481,SRC_4,STATION_EVENT,NO_FREE_PLATFORM,1426.5520276911814,0.0,93.34416286610053,,,,,,
513.1000000000481,SRC_4,STATION_EVENT,NO_FREE_PLATFORM,1426.5520276911814,0.0,93.34416286610053,,,,,,
513.2000000000481,SRC_4,STATION_EVENT,NO_FREE_PLATFORM,1426.5520276911814,0.0,93.34416286610053,,,,,,
513.2000000000481,SRC_4,STATION_EVENT,NO_FREE_PLATFORM,1426.5520276911814,0.0,93.34416286610053,,,,,,
513.3000000000482,SRC_4,STATION_EVENT,NO_FREE_PLATFORM,1426.5520276911814,0.0,93.34416286610053,,,,,,
513.3000000000482,SRC_4,STATION_EVENT,NO_FREE_PLATFORM,1426.5520276911814,0.0,93.34416286610053,,,,,,
513.4000000000482,SRC_4,STATION_EVENT,NO_FREE_PLATFORM,1426.5520276911814,0.0,93.34416286610053,,,,,,
513.4000000000482,SRC_4,STATION_EVENT,NO_FREE_PLATFORM,1426.5520276911814,0.0,93.34416286610053,,,,,,
513.5000000000482,SRC_4,STATION_EVENT,NO_FREE_PLATFORM,1426.5520276911814,0.0,93.34416286610053,,,,,,
513.5000000000482,SRC_4,STATION_EVENT,NO_FREE_PLATFORM,1426.5520276911814,0.0,93.34416286610053,,,,,,
513.6000000000482,SRC_4,STATION_EVENT,NO_FREE_PLATFORM,1426.5520276911814,0.0,93.34416286610053,,,,,,
513.6000000000482,SRC_4,STATION_EVENT,NO_FREE_PLATFORM,1426.5520276911814,0.0,93.34416286610053,,,,,,
513.7000000000482,SRC_4,STATION_EVENT,NO_FREE_PLATFORM,1426.5520276911814,0.0,93.34416286610053,,,,,,
513.7000000000482,SRC_4,STATION_EVENT,NO_FREE_PLATFORM,1426.5520276911814,0.0,93.34416286610053,,,,,,
513.8000000000483,SRC_4,STATION_EVENT,NO_FREE_PLATFORM,1426.5520276911814,0.0,93.34416286610053,,,,,,
513.8000000000483,SRC_4,STATION_EVENT,NO_FREE_PLATFORM,1426.5520276911814,0.0,93.34416286610053,,,,,,
513.9000000000483,SRC_4,STATION_EVENT,NO_FREE_PLATFORM,1426.5520276911814,0.0,93.34416286610053,,,,,,
513.9000000000483,SRC_4,STATION_EVENT,NO_FREE_PLATFORM,1426.5520276911814,0.0,93.34416286610053,,,,,,
514.0000000000483,SRC_4,STATION_EVENT,NO_FREE_PLATFORM,1426.5520276911814,0.0,93.34416286610053,,,,,,
514.0000000000483,SRC_4,STATION_EVENT,NO_FREE_PLATFORM,1426.5520276911814,0.0,93.34416286610053,,,,,,
514.1000000000483,SRC_4,STATION_EVENT,NO_FREE_PLATFORM,1426.5520276911814,0.0,93.34416286610053,,,,,,
514.1000000000483,SRC_4,STATION_EVENT,NO_FREE_PLATFORM,1426.5520276911814,0.0,93.34416286610053,,,,,,
514.2000000000484,SRC_4,STATION_EVENT,NO_FREE_PLATFORM,1426.5520276911814,0.0,93.34416286610053,,,,,,
514.2000000000484,SRC_4,STATION_EVENT,NO_FREE_PLATFORM,1426.5520276911814,0.0,93.34416286610053,,,,,,
514.3000000000484,SRC_4,STATION_EVENT,NO_FREE_PLATFORM,1426.5520276911814,0.0,93.34416286610053,,,,,,
514.3000000000484,SRC_4,STATION_EVENT,NO_FREE_PLATFORM,1426.5520276911814,0.0,93.34416286610053,,,,,,
514.4000000000484,SRC_4,STATION_EVENT,NO_FREE_PLATFORM,1426.5520276911814,0.0,93.34416286610053,,,,,,
514.4000000000484,SRC_4,STATION_EVENT,NO_FREE_PLATFORM,1426.5520276911814,0.0,93.34416286610053,,,,,,
514.5000000000484,SRC_4,STATION_EVENT,NO_FREE_PLATFORM,1426.5520276911814,0.0,93.34416286610053,,,,,,
514.5000000000484,SRC_4,STATION_EVENT,NO_FREE_PLATFORM,1426.5520276911814,0.0,93.34416286610053,,,,,,
514.6000000000485,SRC_4,STATION_EVENT,NO_FREE_PLATFORM,1426.5520276911814,0.0,93.34416286610053,,,,,,
514.6000000000485,SRC_4,STATION_EVENT,NO_FREE_PLATFORM,1426.5520276911814,0.0,93.34416286610053,,,,,,
514.7000000000485,SRC_4,STATION_EVENT,NO_FREE_PLATFORM,1426.5520276911814,0.0,93.34416286610053,,,,,,
514.7000000000485,SRC_4,STATION_EVENT,NO_FREE_PLATFORM,1426.5520276911814,0.0,93.34416286610053,,,,,,
514.8000000000485,SRC_4,STATION_EVENT,NO_FREE_PLATFORM,1426.5520276911814,0.0,93.34416286610053,,,,,,
514.8000000000485,SRC_4,STATION_EVENT,NO_FREE_PLATFORM,1426.5520276911814,0.0,93.34416286610053,,,,,,
514.9000000000485,SRC_4,STATION_EVENT,NO_FREE_PLATFORM,1426.5520276911814,0.0,93.34416286610053,,,,,,
514.9000000000485,SRC_4,STATION_EVENT,NO_FREE_PLATFORM,1426.5520276911814,0.0,93.34416286610053,,,,,,
515.0000000000485,SRC_4,STATION_EVENT,NO_FREE_PLATFORM,1426.5520276911814,0.0,93.34416286610053,,,,,,
515.0000000000485,SRC_4,STATION_EVENT,NO_FREE_PLATFORM,1426.5520276911814,0.0,93.34416286610053,,,,,,
515.1000000000486,SRC_4,STATION_EVENT,NO_FREE_PLATFORM,1426.5520276911814,0.0,93.34416286610053,,,,,,
515.1000000000486,SRC_4,STATION_EVENT,NO_FREE_PLATFORM,1426.5520276911814,0.0,93.34416286610053,,,,,,
515.2000000000486,SRC_4,STATION_EVENT,NO_FREE_PLATFORM,1426.5520276911814,0.0,93.34416286610053,,,,,,
515.2000000000486,SRC_4,STATION_EVENT,NO_FREE_PLATFORM,1426.5520276911814,0.0,93.34416286610053,,,,,,
515.3000000000486,SRC_4,STATION_EVENT,NO_FREE_PLATFORM,1426.5520276911814,0.0,93.34416286610053,,,,,,
515.3000000000486,SRC_4,STATION_EVENT,NO_FREE_PLATFORM,1426.5520276911814,0.0,93.34416286610053,,,,,,
515.4000000000486,SRC_4,STATION_EVENT,NO_FREE_PLATFORM,1426.5520276911814,0.0,93.34416286610053,,,,,,
515.4000000000486,SRC_4,STATION_EVENT,NO_FREE_PLATFORM,1426.5520276911814,0.0,93.34416286610053,,,,,,
515.5000000000487,SRC_4,STATION_EVENT,NO_FREE_PLATFORM,1426.5520276911814,0.0,93.34416286610053,,,,,,
515.5000000000487,SRC_4,STATION_EVENT,NO_FREE_PLATFORM,1426.5520276911814,0.0,93.34416286610053,,,,,,
515.6000000000487,SRC_4,STATION_EVENT,NO_FREE_PLATFORM,1426.5520276911814,0.0,93.34416286610053,,,,,,
515.6000000000487,SRC_4,STATION_EVENT,NO_FREE_PLATFORM,1426.5520276911814,0.0,93.34416286610053,,,,,,
515.7000000000487,SRC_4,STATION_EVENT,NO_FREE_PLATFORM,1426.5520276911814,0.0,93.34416286610053,,,,,,
515.7000000000487,SRC_4,STATION_EVENT,NO_FREE_PLATFORM,1426.5520276911814,0.0,93.34416286610053,,,,,,
515.8000000000487,SRC_4,STATION_EVENT,NO_FREE_PLATFORM,1426.5520276911814,0.0,93.34416286610053,,,,,,
515.8000000000487,SRC_4,STATION_EVENT,NO_FREE_PLATFORM,1426.5520276911814,0.0,93.34416286610053,,,,,,
