sim_time,train_id,event,reason,pos_m,speed_kmh,distance_to_eoa_m,atp_state,ato_state,ato_profile_phase
64.20000000000063,SRC_1,STATION_EVENT,RECEIVE_ROUTE_ASSIGNED,790.5551959857454,44.37513416770357,207.82886048535113,ATP_OK,ATO_OK,OK
64.30000000000062,SRC_1,STATION_EVENT,STOP_TARGET_ASSIGNED,791.7867998654641,44.30034517204451,206.5948040142547,ATP_OK,ATO_OK,OK
64.30000000000062,SRC_1,STATION_EVENT,RECEIVE_ROUTE_ASSIGNED,791.7867998654641,44.30034517204451,206.5948040142547,ATP_OK,ATO_OK,OK
64.40000000000062,SRC_1,STATION_EVENT,STOP_TARGET_ASSIGNED,793.0167013606094,44.25256247841698,205.363200134536,ATP_OK,ATO_OK,OK
64.40000000000062,SRC_1,STATION_EVENT,RECEIVE_ROUTE_ASSIGNED,793.0167013606094,44.25256247841698,205.363200134536,ATP_OK,ATO_OK,OK
64.50000000000061,SRC_1,STATION_EVENT,STOP_TARGET_ASSIGNED,794.2456506145861,44.23178380790399,204.13329863939066,ATP_OK,ATO_OK,OK
64.50000000000061,SRC_1,STATION_EVENT,RECEIVE_ROUTE_ASSIGNED,794.2456506145861,44.23178380790399,204.13329863939066,ATP_OK,ATO_OK,OK
64.6000000000006,SRC_1,STATION_EVENT,STOP_TARGET_ASSIGNED,795.4742001702233,44.223784197969835,202.90434938541398,ATP_OK,ATO_OK,OK
64.6000000000006,SRC_1,STATION_EVENT,RECEIVE_ROUTE_ASSIGNED,795.4742001702233,44.223784197969835,202.90434938541398,ATP_OK,ATO_OK,OK
64.7000000000006,SRC_1,STATION_EVENT,STOP_TARGET_ASSIGNED,796.7025555383675,44.21780230841145,201.6757998297768,ATP_OK,ATO_OK,OK
64.7000000000006,SRC_1,STATION_EVENT,RECEIVE_ROUTE_ASSIGNED,796.7025555383675,44.21780230841145,201.6757998297768,ATP_OK,ATO_OK,OK
64.8000000000006,SRC_1,STATION_EVENT,STOP_TARGET_ASSIGNED,797.9307615586301,44.21303115049828,200.44744446163259,ATP_OK,ATO_OK,OK
64.8000000000006,SRC_1,STATION_EVENT,RECEIVE_ROUTE_ASSIGNED,797.9307615586301,44.21303115049828,200.44744446163259,ATP_OK,ATO_OK,OK
64.90000000000059,SRC_1,STATION_EVENT,STOP_TARGET_ASSIGNED,799.1588451375397,44.20898653099242,199.21923844136995,ATP_OK,ATO_OK,OK
64.90000000000059,SRC_1,STATION_EVENT,RECEIVE_ROUTE_ASSIGNED,799.1588451375397,44.20898653099242,199.21923844136995,ATP_OK,ATO_OK,OK
65.00000000000058,SRC_1,STATION_EVENT,STOP_TARGET_ASSIGNED,800.3868224217749,44.20537793394437,197.99115486246035,ATP_OK,ATO_OK,OK
65.00000000000058,SRC_1,STATION_EVENT,RECEIVE_ROUTE_ASSIGNED,800.3868224217749,44.20537793394437,197.99115486246035,ATP_OK,ATO_OK,OK
65.10000000000058,SRC_1,STATION_EVENT,STOP_TARGET_ASSIGNED,801.6133855720581,44.107168886438174,196.76317757822517,ATP_OK,ATO_LK,LK
65.10000000000058,SRC_1,STATION_EVENT,RECEIVE_ROUTE_ASSIGNED,801.6133855720581,44.107168886438174,196.76317757822517,ATP_OK,ATO_LK,LK
65.20000000000057,SRC_1,STATION_EVENT,STOP_TARGET_ASSIGNED,802.8374569178062,44.02596800742617,195.53661442794203,ATP_OK,ATO_LK,LK
65.20000000000057,SRC_1,STATION_EVENT,RECEIVE_ROUTE_ASSIGNED,802.8374569178062,44.02596800742617,195.53661442794203,ATP_OK,ATO_LK,LK
65.30000000000057,SRC_1,STATION_EVENT,STOP_TARGET_ASSIGNED,804.0592731186786,43.94479845538404,194.31254308219388,ATP_OK,ATO_LK,LK
65.30000000000057,SRC_1,STATION_EVENT,RECEIVE_ROUTE_ASSIGNED,804.0592731186786,43.94479845538404,194.31254308219388,ATP_OK,ATO_LK,LK
65.40000000000056,SRC_1,STATION_EVENT,STOP_TARGET_ASSIGNED,805.2788350445992,43.863660210904,193.09072688132153,ATP_OK,ATO_LK,LK
65.40000000000056,SRC_1,STATION_EVENT,RECEIVE_ROUTE_ASSIGNED,805.2788350445992,43.863660210904,193.09072688132153,ATP_OK,ATO_LK,LK
65.50000000000055,SRC_1,STATION_EVENT,STOP_TARGET_ASSIGNED,806.4961435649533,43.78255325459423,191.8711649554009,ATP_OK,ATO_LK,LK
65.50000000000055,SRC_1,STATION_EVENT,RECEIVE_ROUTE_ASSIGNED,806.4961435649533,43.78255325459423,191.8711649554009,ATP_OK,ATO_LK,LK
65.60000000000055,SRC_1,STATION_EVENT,STOP_TARGET_ASSIGNED,807.7111995485876,43.70147756707885,190.6538564350468,ATP_OK,ATO_LK,LK
65.60000000000055,SRC_1,STATION_EVENT,RECEIVE_ROUTE_ASSIGNED,807.7111995485876,43.70147756707885,190.6538564350468,ATP_OK,ATO_LK,LK
65.70000000000054,SRC_1,STATION_EVENT,STOP_TARGET_ASSIGNED,808.9240038638109,43.6204331289979,189.43880045141248,ATP_OK,ATO_LK,LK
65.70000000000054,SRC_1,STATION_EVENT,RECEIVE_ROUTE_ASSIGNED,808.9240038638109,43.6204331289979,189.43880045141248,ATP_OK,ATO_LK,LK
65.80000000000054,SRC_1,STATION_EVENT,STOP_TARGET_ASSIGNED,810.1345573783942,43.53941992100736,188.22599613618922,ATP_OK,ATO_LK,LK
65.80000000000054,SRC_1,STATION_EVENT,RECEIVE_ROUTE_ASSIGNED,810.1345573783942,43.53941992100736,188.22599613618922,ATP_OK,ATO_LK,LK
65.90000000000053,SRC_1,STATION_EVENT,STOP_TARGET_ASSIGNED,811.3428609595718,43.458437923779044,187.01544262160587,ATP_OK,ATO_LK,LK
65.90000000000053,SRC_1,STATION_EVENT,RECEIVE_ROUTE_ASSIGNED,811.3428609595718,43.458437923779044,187.01544262160587,ATP_OK,ATO_LK,LK
66.00000000000053,SRC_1,STATION_EVENT,STOP_TARGET_ASSIGNED,812.5491517479572,43.394498839972144,185.8071390404283,ATP_OK,ATO_LK,LK
66.00000000000053,SRC_1,STATION_EVENT,RECEIVE_ROUTE_ASSIGNED,812.5491517479572,43.394498839972144,185.8071390404283,ATP_OK,ATO_LK,LK
66.10000000000052,SRC_1,STATION_EVENT,STOP_TARGET_ASSIGNED,813.7536668419356,43.33058792647038,184.60084825204285,ATP_OK,ATO_LK,LK
66.10000000000052,SRC_1,STATION_EVENT,RECEIVE_ROUTE_ASSIGNED,813.7536668419356,43.33058792647038,184.60084825204285,ATP_OK,ATO_LK,LK
66.20000000000051,SRC_1,STATION_EVENT,STOP_TARGET_ASSIGNED,814.9564070237799,43.266705166323,183.39633315806452,ATP_OK,ATO_LK,LK
66.20000000000051,SRC_1,STATION_EVENT,RECEIVE_ROUTE_ASSIGNED,814.9564070237799,43.266705166323,183.39633315806452,ATP_OK,ATO_LK,LK
66.30000000000051,SRC_1,STATION_EVENT,STOP_TARGET_ASSIGNED,816.1573730752926,43.202850542592756,182.1935929762202,ATP_OK,ATO_LK,LK
66.30000000000051,SRC_1,STATION_EVENT,RECEIVE_ROUTE_ASSIGNED,816.1573730752926,43.202850542592756,182.1935929762202,ATP_OK,ATO_LK,LK
66.4000000000005,SRC_1,STATION_EVENT,STOP_TARGET_ASSIGNED,817.3566091924968,43.142149896105,180.99262692470745,ATP_OK,ATO_LK,LK
66.4000000000005,SRC_1,STATION_EVENT,RECEIVE_ROUTE_ASSIGNED,817.3566091924968,43.142149896105,180.99262692470745,ATP_OK,ATO_LK,LK
66.5000000000005,SRC_1,STATION_EVENT,STOP_TARGET_ASSIGNED,818.5541595604213,43.081476594460966,179.79339080750333,ATP_OK,ATO_LK,LK
66.5000000000005,SRC_1,STATION_EVENT,RECEIVE_ROUTE_ASSIGNED,818.5541595604213,43.081476594460966,179.79339080750333,ATP_OK,ATO_LK,LK
66.60000000000049,SRC_1,STATION_EVENT,STOP_TARGET_ASSIGNED,819.7500249384174,43.020830621250944,178.59584043957875,ATP_OK,ATO_LK,LK
66.60000000000049,SRC_1,STATION_EVENT,RECEIVE_ROUTE_ASSIGNED,819.7500249384174,43.020830621250944,178.59584043957875,ATP_OK,ATO_LK,LK
66.70000000000049,SRC_1,STATION_EVENT,STOP_TARGET_ASSIGNED,820.9444426965923,42.97724796734951,177.39997506158272,ATP_OK,ATO_LK,LK
66.70000000000049,SRC_1,STATION_EVENT,RECEIVE_ROUTE_ASSIGNED,820.9444426965923,42.97724796734951,177.39997506158272,ATP_OK,ATO_LK,LK
66.80000000000048,SRC_1,STATION_EVENT,STOP_TARGET_ASSIGNED,822.1376501316543,42.93368735710868,176.20555730340777,ATP_OK,ATO_LK,LK
66.80000000000048,SRC_1,STATION_EVENT,RECEIVE_ROUTE_ASSIGNED,822.1376501316543,42.93368735710868,176.20555730340777,ATP_OK,ATO_LK,LK
66.90000000000047,SRC_1,STATION_EVENT,STOP_TARGET_ASSIGNED,823.3296478557429,42.89014877727012,175.01234986834584,ATP_OK,ATO_LK,LK
66.90000000000047,SRC_1,STATION_EVENT,RECEIVE_ROUTE_ASSIGNED,823.3296478557429,42.89014877727012,175.01234986834584,ATP_OK,ATO_LK,LK
67.00000000000047,SRC_1,STATION_EVENT,STOP_TARGET_ASSIGNED,824.5204364806298,42.846632214585355,173.82035214425719,ATP_OK,ATO_LK,LK
67.00000000000047,SRC_1,STATION_EVENT,RECEIVE_ROUTE_ASSIGNED,824.5204364806298,42.846632214585355,173.82035214425719,ATP_OK,ATO_LK,LK
67.10000000000046,SRC_1,STATION_EVENT,STOP_TARGET_ASSIGNED,825.7100166177187,42.80313765581585,172.62956351937032,ATP_OK,ATO_LK,LK
67.10000000000046,SRC_1,STATION_EVENT,RECEIVE_ROUTE_ASSIGNED,825.7100166177187,42.80313765581585,172.62956351937032,ATP_OK,ATO_LK,LK
67.20000000000046,SRC_1,STATION_EVENT,STOP_TARGET_ASSIGNED,826.8983888780457,42.75966508773294,171.4399833822814,ATP_OK,ATO_LK,LK
67.20000000000046,SRC_1,STATION_EVENT,RECEIVE_ROUTE_ASSIGNED,826.8983888780457,42.75966508773294,171.4399833822814,ATP_OK,ATO_LK,LK
67.30000000000045,SRC_1,STATION_EVENT,STOP_TARGET_ASSIGNED,828.0855538722798,42.71621449711782,170.2516111219544,ATP_OK,ATO_LK,LK
67.30000000000045,SRC_1,STATION_EVENT,RECEIVE_ROUTE_ASSIGNED,828.0855538722798,42.71621449711782,170.2516111219544,ATP_OK,ATO_LK,LK
67.40000000000045,SRC_1,STATION_EVENT,STOP_TARGET_ASSIGNED,829.2715122107226,42.67278587076157,169.06444612772032,ATP_OK,ATO_LK,LK
67.40000000000045,SRC_1,STATION_EVENT,RECEIVE_ROUTE_ASSIGNED,829.2715122107226,42.67278587076157,169.06444612772032,ATP_OK,ATO_LK,LK
67.50000000000044,SRC_1,STATION_EVENT,STOP_TARGET_ASSIGNED,830.4562645033091,42.62937919546515,167.87848778927753,ATP_OK,ATO_LK,LK
67.50000000000044,SRC_1,STATION_EVENT,RECEIVE_ROUTE_ASSIGNED,830.4562645033091,42.62937919546515,167.87848778927753,ATP_OK,ATO_LK,LK
67.60000000000043,SRC_1,STATION_EVENT,STOP_TARGET_ASSIGNED,831.6398113596077,42.58599445803933,166.69373549669103,ATP_OK,ATO_LK,LK
67.60000000000043,SRC_1,STATION_EVENT,RECEIVE_ROUTE_ASSIGNED,831.6398113596077,42.58599445803933,166.69373549669103,ATP_OK,ATO_LK,LK
67.70000000000043,SRC_1,STATION_EVENT,STOP_TARGET_ASSIGNED,832.8223903351928,42.5596917840898,165.51018864039236,ATP_OK,ATO_LK,LK
67.70000000000043,SRC_1,STATION_EVENT,RECEIVE_ROUTE_ASSIGNED,832.8223903351928,42.5596917840898,165.51018864039236,ATP_OK,ATO_LK,LK
67.80000000000042,SRC_1,STATION_EVENT,STOP_TARGET_ASSIGNED,834.004238885819,42.53340386099197,164.32760966480726,ATP_OK,ATO_LK,LK
67.80000000000042,SRC_1,STATION_EVENT,RECEIVE_ROUTE_ASSIGNED,834.004238885819,42.53340386099197,164.32760966480726,ATP_OK,ATO_LK,LK
67.90000000000042,SRC_1,STATION_EVENT,STOP_TARGET_ASSIGNED,835.1853574211065,42.50713067970531,163.14576111418114,ATP_OK,ATO_LK,LK
67.90000000000042,SRC_1,STATION_EVENT,RECEIVE_ROUTE_ASSIGNED,835.1853574211065,42.50713067970531,163.14576111418114,ATP_OK,ATO_LK,LK
68.00000000000041,SRC_1,STATION_EVENT,STOP_TARGET_ASSIGNED,836.3657463504245,42.480872231195704,161.96464257889363,ATP_OK,ATO_LK,LK
68.00000000000041,SRC_1,STATION_EVENT,RECEIVE_ROUTE_ASSIGNED,836.3657463504245,42.480872231195704,161.96464257889363,ATP_OK,ATO_LK,LK
68.1000000000004,SRC_1,STATION_EVENT,STOP_TARGET_ASSIGNED,837.5454060828916,42.45462850643534,160.7842536495756,ATP_OK,ATO_LK,LK
68.1000000000004,SRC_1,STATION_EVENT,RECEIVE_ROUTE_ASSIGNED,837.5454060828916,42.45462850643534,160.7842536495756,ATP_OK,ATO_LK,LK
68.2000000000004,SRC_1,STATION_EVENT,STOP_TARGET_ASSIGNED,838.7243370273756,42.428399496402804,159.60459391710845,ATP_OK,ATO_LK,LK
68.2000000000004,SRC_1,STATION_EVENT,RECEIVE_ROUTE_ASSIGNED,838.7243370273756,42.428399496402804,159.60459391710845,ATP_OK,ATO_LK,LK
68.3000000000004,SRC_1,STATION_EVENT,STOP_TARGET_ASSIGNED,839.9024459158384,42.395440472922715,158.42566297262454,ATP_OK,ATO_LK,LK
68.3000000000004,SRC_1,STATION_EVENT,RECEIVE_ROUTE_ASSIGNED,839.9024459158384,42.395440472922715,158.42566297262454,ATP_OK,ATO_LK,LK
68.40000000000039,SRC_1,STATION_EVENT,STOP_TARGET_ASSIGNED,841.0795428046551,42.355535521882075,157.24755408416172,ATP_OK,ATO_LK,LK
68.40000000000039,SRC_1,STATION_EVENT,RECEIVE_ROUTE_ASSIGNED,841.0795428046551,42.355535521882075,157.24755408416172,ATP_OK,ATO_LK,LK
68.50000000000038,SRC_1,STATION_EVENT,STOP_TARGET_ASSIGNED,842.2555055183084,42.313779861151204,156.07045719534494,ATP_OK,ATO_LK,LK
68.50000000000038,SRC_1,STATION_EVENT,RECEIVE_ROUTE_ASSIGNED,842.2555055183084,42.313779861151204,156.07045719534494,ATP_OK,ATO_LK,LK
68.60000000000038,SRC_1,STATION_EVENT,STOP_TARGET_ASSIGNED,843.4302113903809,42.26504292806959,154.8944944816917,ATP_OK,ATO_LK,LK
68.60000000000038,SRC_1,STATION_EVENT,RECEIVE_ROUTE_ASSIGNED,843.4302113903809,42.26504292806959,154.8944944816917,ATP_OK,ATO_LK,LK
68.70000000000037,SRC_1,STATION_EVENT,STOP_TARGET_ASSIGNED,844.6034662110435,42.20930415963657,153.71978860961917,ATP_OK,ATO_LK,LK
68.70000000000037,SRC_1,STATION_EVENT,RECEIVE_ROUTE_ASSIGNED,844.6034662110435,42.20930415963657,153.71978860961917,ATP_OK,ATO_LK,LK
68.80000000000037,SRC_1,STATION_EVENT,STOP_TARGET_ASSIGNED,845.7750752049707,42.146543403119516,152.5465337889566,ATP_OK,ATO_LK,LK
68.80000000000037,SRC_1,STATION_EVENT,RECEIVE_ROUTE_ASSIGNED,845.7750752049707,42.146543403119516,152.5465337889566,ATP_OK,ATO_LK,LK
68.90000000000036,SRC_1,STATION_EVENT,STOP_TARGET_ASSIGNED,846.9448430429219,42.07674092936468,151.37492479502941,ATP_OK,ATO_LK,LK
68.90000000000036,SRC_1,STATION_EVENT,RECEIVE_ROUTE_ASSIGNED,846.9448430429219,42.07674092936468,151.37492479502941,ATP_OK,ATO_LK,LK
69.00000000000036,SRC_1,STATION_EVENT,STOP_TARGET_ASSIGNED,848.1125738537017,41.9998774467822,150.2051569570782,ATP_OK,ATO_LK,LK
69.00000000000036,SRC_1,STATION_EVENT,RECEIVE_ROUTE_ASSIGNED,848.1125738537017,41.9998774467822,150.2051569570782,ATP_OK,ATO_LK,LK
69.10000000000035,SRC_1,STATION_EVENT,STOP_TARGET_ASSIGNED,849.2783086346536,41.933026781749376,149.03742614629834,ATP_OK,ATO_LK,LK
69.10000000000035,SRC_1,STATION_EVENT,RECEIVE_ROUTE_ASSIGNED,849.2783086346536,41.933026781749376,149.03742614629834,ATP_OK,ATO_LK,LK
69.20000000000034,SRC_1,STATION_EVENT,STOP_TARGET_ASSIGNED,850.442087814825,41.85907419058673,147.87169136534646,ATP_OK,ATO_LK,LK
69.20000000000034,SRC_1,STATION_EVENT,RECEIVE_ROUTE_ASSIGNED,850.442087814825,41.85907419058673,147.87169136534646,ATP_OK,ATO_LK,LK
69.30000000000034,SRC_1,STATION_EVENT,STOP_TARGET_ASSIGNED,851.6067928131439,41.99968568837574,146.70791218517513,ATP_OK,ATO_QT,QT
69.30000000000034,SRC_1,STATION_EVENT,RECEIVE_ROUTE_ASSIGNED,851.6067928131439,41.99968568837574,146.70791218517513,ATP_OK,ATO_QT,QT
69.40000000000033,SRC_1,STATION_EVENT,STOP_TARGET_ASSIGNED,852.7754015372794,42.14014244938084,145.5432071868562,ATP_OK,ATO_QT,QT
69.40000000000033,SRC_1,STATION_EVENT,RECEIVE_ROUTE_ASSIGNED,852.7754015372794,42.14014244938084,145.5432071868562,ATP_OK,ATO_QT,QT
69.50000000000033,SRC_1,STATION_EVENT,STOP_TARGET_ASSIGNED,853.9479096910479,42.28044462195088,144.37459846272066,ATP_OK,ATO_QT,QT
69.50000000000033,SRC_1,STATION_EVENT,RECEIVE_ROUTE_ASSIGNED,853.9479096910479,42.28044462195088,144.37459846272066,ATP_OK,ATO_QT,QT
69.60000000000032,SRC_1,STATION_EVENT,STOP_TARGET_ASSIGNED,855.1241287888486,42.40733041969605,143.20209030895217,ATP_OK,ATO_QT,QT
69.60000000000032,SRC_1,STATION_EVENT,RECEIVE_ROUTE_ASSIGNED,855.1241287888486,42.40733041969605,143.20209030895217,ATP_OK,ATO_QT,QT
69.70000000000032,SRC_1,STATION_EVENT,STOP_TARGET_ASSIGNED,856.3036026930379,42.51479068193424,142.02587121115153,ATP_OK,ATO_QT,QT
69.70000000000032,SRC_1,STATION_EVENT,RECEIVE_ROUTE_ASSIGNED,856.3036026930379,42.51479068193424,142.02587121115153,ATP_OK,ATO_QT,QT
69.80000000000031,SRC_1,STATION_EVENT,STOP_TARGET_ASSIGNED,857.4856864818591,42.59524211320024,140.84639730696222,ATP_OK,ATO_QT,QT
69.80000000000031,SRC_1,STATION_EVENT,RECEIVE_ROUTE_ASSIGNED,857.4856864818591,42.59524211320024,140.84639730696222,ATP_OK,ATO_QT,QT
69.9000000000003,SRC_1,STATION_EVENT,STOP_TARGET_ASSIGNED,858.6696299407182,42.64868692465285,139.66431351814094,ATP_OK,ATO_QT,QT
69.9000000000003,SRC_1,STATION_EVENT,RECEIVE_ROUTE_ASSIGNED,858.6696299407182,42.64868692465285,139.66431351814094,ATP_OK,ATO_QT,QT
70.0000000000003,SRC_1,STATION_EVENT,STOP_TARGET_ASSIGNED,859.8546829165399,42.67512733451166,138.48037005928188,ATP_OK,ATO_QT,QT
70.0000000000003,SRC_1,STATION_EVENT,RECEIVE_ROUTE_ASSIGNED,859.8546829165399,42.67512733451166,138.48037005928188,ATP_OK,ATO_QT,QT
70.10000000000029,SRC_1,STATION_EVENT,STOP_TARGET_ASSIGNED,861.0400953179306,42.67456556562466,137.2953170834602,ATP_OK,ATO_QT,QT
70.10000000000029,SRC_1,STATION_EVENT,RECEIVE_ROUTE_ASSIGNED,861.0400953179306,42.67456556562466,137.2953170834602,ATP_OK,ATO_QT,QT
70.20000000000029,SRC_1,STATION_EVENT,STOP_TARGET_ASSIGNED,862.2256038120121,42.68204600823873,136.10990468206944,ATP_OK,ATO_QT,QT
70.20000000000029,SRC_1,STATION_EVENT,RECEIVE_ROUTE_ASSIGNED,862.2256038120121,42.68204600823873,136.10990468206944,ATP_OK,ATO_QT,QT
70.30000000000028,SRC_1,STATION_EVENT,STOP_TARGET_ASSIGNED,863.411296139322,42.6878015580742,134.924396187988,ATP_OK,ATO_QT,QT
70.30000000000028,SRC_1,STATION_EVENT,RECEIVE_ROUTE_ASSIGNED,863.411296139322,42.6878015580742,134.924396187988,ATP_OK,ATO_QT,QT
70.40000000000028,SRC_1,STATION_EVENT,STOP_TARGET_ASSIGNED,864.5967733364271,42.66655663349298,133.73870386067813,ATP_OK,ATO_QT,QT
70.40000000000028,SRC_1,STATION_EVENT,RECEIVE_ROUTE_ASSIGNED,864.5967733364271,42.66655663349298,133.73870386067813,ATP_OK,ATO_QT,QT
70.50000000000027,SRC_1,STATION_EVENT,STOP_TARGET_ASSIGNED,865.7812854210575,42.61831345989907,132.553226663573,ATP_OK,ATO_QT,QT
70.50000000000027,SRC_1,STATION_EVENT,RECEIVE_ROUTE_ASSIGNED,865.7812854210575,42.61831345989907,132.553226663573,ATP_OK,ATO_QT,QT
70.60000000000026,SRC_1,STATION_EVENT,STOP_TARGET_ASSIGNED,866.9641533163007,42.548174997609856,131.36871457894256,ATP_OK,ATO_QT,QT
70.60000000000026,SRC_1,STATION_EVENT,RECEIVE_ROUTE_ASSIGNED,866.9641533163007,42.548174997609856,131.36871457894256,ATP_OK,ATO_QT,QT
70.70000000000026,SRC_1,STATION_EVENT,STOP_TARGET_ASSIGNED,868.1448327695578,42.46074563689971,130.18584668369942,ATP_OK,ATO_HD,HD
70.70000000000026,SRC_1,STATION_EVENT,RECEIVE_ROUTE_ASSIGNED,868.1448327695578,42.46074563689971,130.18584668369942,ATP_OK,ATO_HD,HD
70.80000000000025,SRC_1,STATION_EVENT,STOP_TARGET_ASSIGNED,869.3228410854225,42.35585310535958,129.00516723044234,ATP_OK,ATO_HD,HD
70.80000000000025,SRC_1,STATION_EVENT,RECEIVE_ROUTE_ASSIGNED,869.3228410854225,42.35585310535958,129.00516723044234,ATP_OK,ATO_HD,HD
70.90000000000025,SRC_1,STATION_EVENT,STOP_TARGET_ASSIGNED,870.4976908521804,42.23333010121418,127.82715891457758,ATP_OK,ATO_HD,HD
70.90000000000025,SRC_1,STATION_EVENT,RECEIVE_ROUTE_ASSIGNED,870.4976908521804,42.23333010121418,127.82715891457758,ATP_OK,ATO_HD,HD
71.00000000000024,SRC_1,STATION_EVENT,STOP_TARGET_ASSIGNED,871.6692044630897,42.115649884255106,126.65230914781966,ATP_OK,ATO_HD,HD
71.00000000000024,SRC_1,STATION_EVENT,RECEIVE_ROUTE_ASSIGNED,871.6692044630897,42.115649884255106,126.65230914781966,ATP_OK,ATO_HD,HD
71.10000000000024,SRC_1,STATION_EVENT,STOP_TARGET_ASSIGNED,872.8370743128803,41.97097930066267,125.48079553691036,ATP_OK,ATO_HD,HD
71.10000000000024,SRC_1,STATION_EVENT,RECEIVE_ROUTE_ASSIGNED,872.8370743128803,41.97097930066267,125.48079553691036,ATP_OK,ATO_HD,HD
71.20000000000023,SRC_1,STATION_EVENT,STOP_TARGET_ASSIGNED,874.0006495054073,41.80643456128358,124.31292568711979,ATP_OK,ATO_HD,HD
71.20000000000023,SRC_1,STATION_EVENT,RECEIVE_ROUTE_ASSIGNED,874.0006495054073,41.80643456128358,124.31292568711979,ATP_OK,ATO_HD,HD
71.30000000000022,SRC_1,STATION_EVENT,STOP_TARGET_ASSIGNED,875.1600291970832,41.66890323937744,123.1493504945928,ATP_OK,ATO_HD,HD
71.30000000000022,SRC_1,STATION_EVENT,RECEIVE_ROUTE_ASSIGNED,875.1600291970832,41.66890323937744,123.1493504945928,ATP_OK,ATO_HD,HD
71.40000000000022,SRC_1,STATION_EVENT,STOP_TARGET_ASSIGNED,876.3152137297011,41.50438310910844,121.9899708029169,ATP_OK,ATO_HD,HD
71.40000000000022,SRC_1,STATION_EVENT,RECEIVE_ROUTE_ASSIGNED,876.3152137297011,41.50438310910844,121.9899708029169,ATP_OK,ATO_HD,HD
71.50000000000021,SRC_1,STATION_EVENT,STOP_TARGET_ASSIGNED,877.4649136609191,41.274011938589396,120.83478627029899,ATP_OK,ATO_HD,HD
71.50000000000021,SRC_1,STATION_EVENT,RECEIVE_ROUTE_ASSIGNED,877.4649136609191,41.274011938589396,120.83478627029899,ATP_OK,ATO_HD,HD
71.60000000000021,SRC_1,STATION_EVENT,STOP_TARGET_ASSIGNED,878.6082146520853,41.04365942537008,119.68508633908095,ATP_OK,ATO_HD,HD
71.60000000000021,SRC_1,STATION_EVENT,RECEIVE_ROUTE_ASSIGNED,878.6082146520853,41.04365942537008,119.68508633908095,ATP_OK,ATO_HD,HD
71.7000000000002,SRC_1,STATION_EVENT,STOP_TARGET_ASSIGNED,879.7451172206179,40.81332550897899,118.54178534791481,ATP_WARNING,ATO_HD,HD
71.7000000000002,SRC_1,STATION_EVENT,RECEIVE_ROUTE_ASSIGNED,879.7451172206179,40.81332550897899,118.54178534791481,ATP_WARNING,ATO_HD,HD
71.8000000000002,SRC_1,STATION_EVENT,STOP_TARGET_ASSIGNED,880.8756218822559,40.58301012896383,117.4048827793822,ATP_OK,ATO_HD,HD
71.8000000000002,SRC_1,STATION_EVENT,RECEIVE_ROUTE_ASSIGNED,880.8756218822559,40.58301012896383,117.4048827793822,ATP_OK,ATO_HD,HD
71.90000000000019,SRC_1,STATION_EVENT,STOP_TARGET_ASSIGNED,881.9997291510595,40.352713224891396,117.02437811774405,ATP_OK,ATO_HD,HD
71.90000000000019,SRC_1,STATION_EVENT,RECEIVE_ROUTE_ASSIGNED,881.9997291510595,40.352713224891396,117.02437811774405,ATP_OK,ATO_HD,HD
72.00000000000018,SRC_1,STATION_EVENT,STOP_TARGET_ASSIGNED,883.1185526995907,40.20258226936332,115.90027084894052,ATP_OK,ATO_HD,HD
72.00000000000018,SRC_1,STATION_EVENT,RECEIVE_ROUTE_ASSIGNED,883.1185526995907,40.20258226936332,115.90027084894052,ATP_OK,ATO_HD,HD
72.10000000000018,SRC_1,STATION_EVENT,STOP_TARGET_ASSIGNED,884.2320929499181,39.97231575420486,114.78144730040924,ATP_OK,ATO_HD,HD
72.10000000000018,SRC_1,STATION_EVENT,RECEIVE_ROUTE_ASSIGNED,884.2320929499181,39.97231575420486,114.78144730040924,ATP_OK,ATO_HD,HD
72.20000000000017,SRC_1,STATION_EVENT,STOP_TARGET_ASSIGNED,885.3403503227241,39.8222150878315,113.66790705008191,ATP_WARNING,ATO_HD,HD
72.20000000000017,SRC_1,STATION_EVENT,RECEIVE_ROUTE_ASSIGNED,885.3403503227241,39.8222150878315,113.66790705008191,ATP_WARNING,ATO_HD,HD
72.30000000000017,SRC_1,STATION_EVENT,STOP_TARGET_ASSIGNED,886.4441724404035,39.65297738507951,112.55964967727584,ATP_OK,ATO_HD,HD
72.30000000000017,SRC_1,STATION_EVENT,RECEIVE_ROUTE_ASSIGNED,886.4441724404035,39.65297738507951,112.55964967727584,ATP_OK,ATO_HD,HD
72.40000000000016,SRC_1,STATION_EVENT,STOP_TARGET_ASSIGNED,887.5424464942083,39.4227544888729,111.45582755959651,ATP_OK,ATO_HD,HD
72.40000000000016,SRC_1,STATION_EVENT,RECEIVE_ROUTE_ASSIGNED,887.5424464942083,39.4227544888729,111.45582755959651,ATP_OK,ATO_HD,HD
72.50000000000016,SRC_1,STATION_EVENT,STOP_TARGET_ASSIGNED,888.6351729225745,39.253548353487986,110.35755350579166,ATP_OK,ATO_HD,HD
72.50000000000016,SRC_1,STATION_EVENT,RECEIVE_ROUTE_ASSIGNED,888.6351729225745,39.253548353487986,110.35755350579166,ATP_OK,ATO_HD,HD
72.60000000000015,SRC_1,STATION_EVENT,STOP_TARGET_ASSIGNED,889.7223521628598,39.02335694705147,109.26482707742548,ATP_OK,ATO_HD,HD
72.60000000000015,SRC_1,STATION_EVENT,RECEIVE_ROUTE_ASSIGNED,889.7223521628598,39.02335694705147,109.26482707742548,ATP_OK,ATO_HD,HD
72.70000000000014,SRC_1,STATION_EVENT,STOP_TARGET_ASSIGNED,890.8039846509688,38.854182196793886,108.17764783714017,ATP_WARNING,ATO_HD,HD
72.70000000000014,SRC_1,STATION_EVENT,RECEIVE_ROUTE_ASSIGNED,890.8039846509688,38.854182196793886,108.17764783714017,ATP_WARNING,ATO_HD,HD
72.80000000000014,SRC_1,STATION_EVENT,STOP_TARGET_ASSIGNED,891.880070821729,38.624022097941825,107.09601534903118,ATP_WARNING,ATO_HD,HD
72.80000000000014,SRC_1,STATION_EVENT,RECEIVE_ROUTE_ASSIGNED,891.880070821729,38.624022097941825,107.09601534903118,ATP_WARNING,ATO_HD,HD
72.90000000000013,SRC_1,STATION_EVENT,STOP_TARGET_ASSIGNED,892.949763905889,38.3938799615772,106.01992917827101,ATP_OK,ATO_HD,HD
72.90000000000013,SRC_1,STATION_EVENT,RECEIVE_ROUTE_ASSIGNED,892.949763905889,38.3938799615772,106.01992917827101,ATP_OK,ATO_HD,HD
73.00000000000013,SRC_1,STATION_EVENT,STOP_TARGET_ASSIGNED,894.0138819256673,38.22261746246601,104.950236094111,ATP_OK,ATO_HD,HD
73.00000000000013,SRC_1,STATION_EVENT,RECEIVE_ROUTE_ASSIGNED,894.0138819256673,38.22261746246601,104.950236094111,ATP_OK,ATO_HD,HD
73.10000000000012,SRC_1,STATION_EVENT,STOP_TARGET_ASSIGNED,895.0724253142052,37.992506512262146,103.88611807433267,ATP_WARNING,ATO_HD,HD
73.10000000000012,SRC_1,STATION_EVENT,RECEIVE_ROUTE_ASSIGNED,895.0724253142052,37.992506512262146,103.88611807433267,ATP_WARNING,ATO_HD,HD
73.20000000000012,SRC_1,STATION_EVENT,STOP_TARGET_ASSIGNED,896.1253945031847,37.821275094259136,103.18119595150506,ATP_WARNING,ATO_HD,HD
73.20000000000012,SRC_1,STATION_EVENT,RECEIVE_ROUTE_ASSIGNED,896.1253945031847,37.821275094259136,103.18119595150506,ATP_WARNING,ATO_HD,HD
73.30000000000011,SRC_1,STATION_EVENT,STOP_TARGET_ASSIGNED,897.1727899231937,37.591195146391456,102.18087522197459,ATP_CUTOFF,ATO_HD,HD
73.30000000000011,SRC_1,STATION_EVENT,RECEIVE_ROUTE_ASSIGNED,897.1727899231937,37.591195146391456,102.18087522197459,ATP_CUTOFF,ATO_HD,HD
73.4000000000001,SRC_1,STATION_EVENT,STOP_TARGET_ASSIGNED,898.2137944792645,37.36113289070929,101.18584957296594,ATP_OK,ATO_HD,HD
73.4000000000001,SRC_1,STATION_EVENT,RECEIVE_ROUTE_ASSIGNED,898.2137944792645,37.36113289070929,101.18584957296594,ATP_OK,ATO_HD,HD
73.5000000000001,SRC_1,STATION_EVENT,STOP_TARGET_ASSIGNED,899.248408662011,37.13108826704033,100.19689524469868,ATP_OK,ATO_HD,HD
73.5000000000001,SRC_1,STATION_EVENT,RECEIVE_ROUTE_ASSIGNED,899.248408662011,37.13108826704033,100.19689524469868,ATP_OK,ATO_HD,HD
73.6000000000001,SRC_1,STATION_EVENT,STOP_TARGET_ASSIGNED,900.2766329603759,36.90106121523042,99.21401177108953,ATP_WARNING,ATO_HD,HD
73.6000000000001,SRC_1,STATION_EVENT,RECEIVE_ROUTE_ASSIGNED,900.2766329603759,36.90106121523042,99.21401177108953,ATP_WARNING,ATO_HD,HD
73.70000000000009,SRC_1,STATION_EVENT,STOP_TARGET_ASSIGNED,901.298467861631,36.671051675143474,98.23719868764294,ATP_WARNING,ATO_HD,HD
73.70000000000009,SRC_1,STATION_EVENT,RECEIVE_ROUTE_ASSIGNED,901.298467861631,36.671051675143474,98.23719868764294,ATP_WARNING,ATO_HD,HD
73.80000000000008,SRC_1,STATION_EVENT,STOP_TARGET_ASSIGNED,902.3139138513783,36.44105958666146,97.26645553145056,ATP_OK,ATO_HD,HD
73.80000000000008,SRC_1,STATION_EVENT,RECEIVE_ROUTE_ASSIGNED,902.3139138513783,36.44105958666146,97.26645553145056,ATP_OK,ATO_HD,HD
73.90000000000008,SRC_1,STATION_EVENT,STOP_TARGET_ASSIGNED,903.3238522961557,36.2745084373125,96.28608614862173,ATP_OK,ATO_HD,HD
73.90000000000008,SRC_1,STATION_EVENT,RECEIVE_ROUTE_ASSIGNED,903.3238522961557,36.2745084373125,96.28608614862173,ATP_OK,ATO_HD,HD
74.00000000000007,SRC_1,STATION_EVENT,STOP_TARGET_ASSIGNED,904.3282836119223,36.044546297881915,95.27614770384434,ATP_WARNING,ATO_HD,HD
74.00000000000007,SRC_1,STATION_EVENT,RECEIVE_ROUTE_ASSIGNED,904.3282836119223,36.044546297881915,95.27614770384434,ATP_WARNING,ATO_HD,HD
74.10000000000007,SRC_1,STATION_EVENT,STOP_TARGET_ASSIGNED,905.3263273305926,35.81460144637318,94.27171638807772,ATP_WARNING,ATO_HD,HD
74.10000000000007,SRC_1,STATION_EVENT,RECEIVE_ROUTE_ASSIGNED,905.3263273305926,35.81460144637318,94.27171638807772,ATP_WARNING,ATO_HD,HD
74.20000000000006,SRC_1,STATION_EVENT,STOP_TARGET_ASSIGNED,906.3179839315524,35.584673822734835,93.27367266940746,ATP_CUTOFF,ATO_HD,HD
74.20000000000006,SRC_1,STATION_EVENT,RECEIVE_ROUTE_ASSIGNED,906.3179839315524,35.584673822734835,93.27367266940746,ATP_CUTOFF,ATO_HD,HD
74.30000000000005,SRC_1,STATION_EVENT,STOP_TARGET_ASSIGNED,907.3032538925199,35.35476336693315,92.28201606844766,ATP_OK,ATO_HD,HD
74.30000000000005,SRC_1,STATION_EVENT,RECEIVE_ROUTE_ASSIGNED,907.3032538925199,35.35476336693315,92.28201606844766,ATP_OK,ATO_HD,HD
74.40000000000005,SRC_1,STATION_EVENT,STOP_TARGET_ASSIGNED,908.2821376895461,35.124870018952045,91.29674610748009,ATP_OK,ATO_HD,HD
74.40000000000005,SRC_1,STATION_EVENT,RECEIVE_ROUTE_ASSIGNED,908.2821376895461,35.124870018952045,91.29674610748009,ATP_OK,ATO_HD,HD
74.50000000000004,SRC_1,STATION_EVENT,STOP_TARGET_ASSIGNED,909.2546357970148,34.89499371879307,90.31786231045396,ATP_WARNING,ATO_HD,HD
74.50000000000004,SRC_1,STATION_EVENT,RECEIVE_ROUTE_ASSIGNED,909.2546357970148,34.89499371879307,90.31786231045396,ATP_WARNING,ATO_HD,HD
74.60000000000004,SRC_1,STATION_EVENT,STOP_TARGET_ASSIGNED,910.2207486876435,34.665134406475254,89.34536420298525,ATP_WARNING,ATO_HD,HD
74.60000000000004,SRC_1,STATION_EVENT,RECEIVE_ROUTE_ASSIGNED,910.2207486876435,34.665134406475254,89.34536420298525,ATP_WARNING,ATO_HD,HD
74.70000000000003,SRC_1,STATION_EVENT,STOP_TARGET_ASSIGNED,911.1804768324839,34.43529202203516,88.37925131235647,ATP_OK,ATO_HD,HD
74.70000000000003,SRC_1,STATION_EVENT,RECEIVE_ROUTE_ASSIGNED,911.1804768324839,34.43529202203516,88.37925131235647,ATP_OK,ATO_HD,HD
74.80000000000003,SRC_1,STATION_EVENT,STOP_TARGET_ASSIGNED,912.1346568286572,34.2656677024425,87.4195231675161,ATP_OK,ATO_HD,HD
74.80000000000003,SRC_1,STATION_EVENT,RECEIVE_ROUTE_ASSIGNED,912.1346568286572,34.2656677024425,87.4195231675161,ATP_OK,ATO_HD,HD
74.90000000000002,SRC_1,STATION_EVENT,STOP_TARGET_ASSIGNED,913.0832890828143,34.035854596870564,86.46534317134285,ATP_WARNING,ATO_HD,HD
74.90000000000002,SRC_1,STATION_EVENT,RECEIVE_ROUTE_ASSIGNED,913.0832890828143,34.035854596870564,86.46534317134285,ATP_WARNING,ATO_HD,HD
75.00000000000001,SRC_1,STATION_EVENT,STOP_TARGET_ASSIGNED,914.0255378724247,33.806058255082306,85.51671091718572,ATP_WARNING,ATO_HD,HD
75.00000000000001,SRC_1,STATION_EVENT,RECEIVE_ROUTE_ASSIGNED,914.0255378724247,33.806058255082306,85.51671091718572,ATP_WARNING,ATO_HD,HD
75.10000000000001,SRC_1,STATION_EVENT,STOP_TARGET_ASSIGNED,914.9614036623173,33.576278617179,84.57446212757532,ATP_CUTOFF,ATO_HD,HD
75.10000000000001,SRC_1,STATION_EVENT,RECEIVE_ROUTE_ASSIGNED,914.9614036623173,33.576278617179,84.57446212757532,ATP_CUTOFF,ATO_HD,HD
75.2,SRC_1,STATION_EVENT,STOP_TARGET_ASSIGNED,915.8908869156569,33.34651562327912,83.63859633768277,ATP_OK,ATO_HD,HD
75.2,SRC_1,STATION_EVENT,RECEIVE_ROUTE_ASSIGNED,915.8908869156569,33.34651562327912,83.63859633768277,ATP_OK,ATO_HD,HD
75.3,SRC_1,STATION_EVENT,STOP_TARGET_ASSIGNED,916.8139880939458,33.11676921351822,82.70911308434313,ATP_WARNING,ATO_HD,HD
75.3,SRC_1,STATION_EVENT,RECEIVE_ROUTE_ASSIGNED,916.8139880939458,33.11676921351822,82.70911308434313,ATP_WARNING,ATO_HD,HD
75.39999999999999,SRC_1,STATION_EVENT,STOP_TARGET_ASSIGNED,917.7307076570231,32.88703932804892,81.78601190605423,ATP_WARNING,ATO_HD,HD
75.39999999999999,SRC_1,STATION_EVENT,RECEIVE_ROUTE_ASSIGNED,917.7307076570231,32.88703932804892,81.78601190605423,ATP_WARNING,ATO_HD,HD
75.49999999999999,SRC_1,STATION_EVENT,STOP_TARGET_ASSIGNED,918.641046063066,32.65732590704083,80.8692923429769,ATP_CUTOFF,ATO_HD,HD
75.49999999999999,SRC_1,STATION_EVENT,RECEIVE_ROUTE_ASSIGNED,918.641046063066,32.65732590704083,80.8692923429769,ATP_CUTOFF,ATO_HD,HD
75.59999999999998,SRC_1,STATION_EVENT,STOP_TARGET_ASSIGNED,919.5450037685899,32.42762889068045,79.958953936934,ATP_OK,ATO_HD,HD
75.59999999999998,SRC_1,STATION_EVENT,RECEIVE_ROUTE_ASSIGNED,919.5450037685899,32.42762889068045,79.958953936934,ATP_OK,ATO_HD,HD
75.69999999999997,SRC_1,STATION_EVENT,STATION_LINE_OCCUPIED,920.4433755433859,32.25513889462813,79.05499623141009,ATP_OK,ATO_HD,HD
76.8999999999999,SRC_1,ATP_SERVICE_INTERVENTION,over_sbi_or_service_latch,930.7306356544124,29.15913135560111,67.9870181697213,ATP_SERVICE,ATO_HD,HD
85.39999999999942,SRC_1,STATION_STATE,final_approach,975.256860303324,9.532119840800712,23.00831225902948,ATP_OK,ATO_CREEP,QT
85.39999999999942,SRC_1,EOA_UPDATE,STATION_STOP_TARGET,975.256860303324,9.532119840800712,23.00831225902948,ATP_OK,ATO_CREEP,QT
105.89999999999826,SRC_1,STATION_STATE,aligned_stop,1000.0,0.0,-1.0038371940576098,ATP_STANDSTILL,ATO_HOLD,HC
105.89999999999826,SRC_1,STATION_STATE,dwell_started,1000.0,0.0,-1.0038371940576098,ATP_STANDSTILL,ATO_HOLD,HC
135.89999999999657,SRC_1,STATION_STATE,dwell_complete,1000.0,0.0,-1.4500000000000455,ATP_STANDSTILL,ATO_HOLD,HC
135.89999999999657,SRC_1,STATION_EVENT,DEPARTURE_ROUTE_ASSIGNED,1000.0,0.0,-1.4500000000000455,ATP_STANDSTILL,ATO_HOLD,HC
135.89999999999657,SRC_1,STATION_EVENT,DWELL_COMPLETED,1000.0,0.0,-1.4500000000000455,ATP_STANDSTILL,ATO_HOLD,HC
135.89999999999657,SRC_1,EOA_UPDATE,FIXED_BLOCK,1000.0,0.0,-1.4500000000000455,ATP_STANDSTILL,ATO_HOLD,HC
136.29999999999654,SRC_1,STATION_STATE,departing_from_station,1000.0045191873744,0.20647960416461306,497.79999999999995,ATP_OK,ATO_LK,LK
137.2999999999965,SRC_2,STATION_EVENT,STOP_TARGET_ASSIGNED,568.038161371291,0.0,349.96183862870896,ATP_EMERGENCY,ATO_HOLD,HC
137.2999999999965,SRC_2,STATION_EVENT,RECEIVE_ROUTE_ASSIGNED,568.038161371291,0.0,349.96183862870896,ATP_EMERGENCY,ATO_HOLD,HC
137.39999999999648,SRC_2,STATION_EVENT,STOP_TARGET_ASSIGNED,568.038161371291,0.0,349.96183862870896,ATP_EMERGENCY,ATO_HOLD,HC
137.39999999999648,SRC_2,STATION_EVENT,RECEIVE_ROUTE_ASSIGNED,568.038161371291,0.0,349.96183862870896,ATP_EMERGENCY,ATO_HOLD,HC
137.49999999999648,SRC_2,STATION_EVENT,STOP_TARGET_ASSIGNED,568.038161371291,0.0,349.96183862870896,ATP_EMERGENCY,ATO_HOLD,HC
137.49999999999648,SRC_2,STATION_EVENT,RECEIVE_ROUTE_ASSIGNED,568.038161371291,0.0,349.96183862870896,ATP_EMERGENCY,ATO_HOLD,HC
137.59999999999647,SRC_2,STATION_EVENT,STOP_TARGET_ASSIGNED,568.038161371291,0.0,349.96183862870896,ATP_EMERGENCY,ATO_HOLD,HC
137.59999999999647,SRC_2,STATION_EVENT,RECEIVE_ROUTE_ASSIGNED,568.038161371291,0.0,349.96183862870896,ATP_EMERGENCY,ATO_HOLD,HC
137.69999999999646,SRC_2,STATION_EVENT,STOP_TARGET_ASSIGNED,568.038161371291,0.0,349.96183862870896,ATP_EMERGENCY,ATO_HOLD,HC
137.69999999999646,SRC_2,STATION_EVENT,RECEIVE_ROUTE_ASSIGNED,568.038161371291,0.0,349.96183862870896,ATP_EMERGENCY,ATO_HOLD,HC
137.79999999999646,SRC_2,STATION_EVENT,STOP_TARGET_ASSIGNED,568.038161371291,0.0,349.96183862870896,ATP_EMERGENCY,ATO_HOLD,HC
137.79999999999646,SRC_2,STATION_EVENT,RECEIVE_ROUTE_ASSIGNED,568.038161371291,0.0,349.96183862870896,ATP_EMERGENCY,ATO_HOLD,HC
137.89999999999645,SRC_2,STATION_EVENT,STOP_TARGET_ASSIGNED,568.038161371291,0.0,349.96183862870896,ATP_EMERGENCY,ATO_HOLD,HC
137.89999999999645,SRC_2,STATION_EVENT,RECEIVE_ROUTE_ASSIGNED,568.038161371291,0.0,349.96183862870896,ATP_EMERGENCY,ATO_HOLD,HC
137.99999999999645,SRC_2,STATION_EVENT,STOP_TARGET_ASSIGNED,568.038161371291,0.0,349.96183862870896,ATP_EMERGENCY,ATO_HOLD,HC
137.99999999999645,SRC_2,STATION_EVENT,RECEIVE_ROUTE_ASSIGNED,568.038161371291,0.0,349.96183862870896,ATP_EMERGENCY,ATO_HOLD,HC
138.09999999999644,SRC_2,STATION_EVENT,STOP_TARGET_ASSIGNED,568.038161371291,0.0,349.96183862870896,ATP_EMERGENCY,ATO_HOLD,HC
138.09999999999644,SRC_2,STATION_EVENT,RECEIVE_ROUTE_ASSIGNED,568.038161371291,0.0,349.96183862870896,ATP_EMERGENCY,ATO_HOLD,HC
138.19999999999644,SRC_2,STATION_EVENT,STOP_TARGET_ASSIGNED,568.038161371291,0.0,349.96183862870896,ATP_EMERGENCY,ATO_HOLD,HC
138.19999999999644,SRC_2,STATION_EVENT,RECEIVE_ROUTE_ASSIGNED,568.038161371291,0.0,349.96183862870896,ATP_EMERGENCY,ATO_HOLD,HC
138.29999999999643,SRC_2,STATION_EVENT,STOP_TARGET_ASSIGNED,568.038161371291,0.0,349.96183862870896,ATP_EMERGENCY,ATO_HOLD,HC
138.29999999999643,SRC_2,STATION_EVENT,RECEIVE_ROUTE_ASSIGNED,568.038161371291,0.0,349.96183862870896,ATP_EMERGENCY,ATO_HOLD,HC
138.39999999999642,SRC_2,STATION_EVENT,STOP_TARGET_ASSIGNED,568.038161371291,0.0,349.96183862870896,ATP_EMERGENCY,ATO_HOLD,HC
138.39999999999642,SRC_2,STATION_EVENT,RECEIVE_ROUTE_ASSIGNED,568.038161371291,0.0,349.96183862870896,ATP_EMERGENCY,ATO_HOLD,HC
138.49999999999642,SRC_2,STATION_EVENT,STOP_TARGET_ASSIGNED,568.038161371291,0.0,349.96183862870896,ATP_EMERGENCY,ATO_HOLD,HC
138.49999999999642,SRC_2,STATION_EVENT,RECEIVE_ROUTE_ASSIGNED,568.038161371291,0.0,349.96183862870896,ATP_EMERGENCY,ATO_HOLD,HC
138.5999999999964,SRC_2,STATION_EVENT,STOP_TARGET_ASSIGNED,568.038161371291,0.0,349.96183862870896,ATP_EMERGENCY,ATO_HOLD,HC
138.5999999999964,SRC_2,STATION_EVENT,RECEIVE_ROUTE_ASSIGNED,568.038161371291,0.0,349.96183862870896,ATP_EMERGENCY,ATO_HOLD,HC
138.6999999999964,SRC_2,STATION_EVENT,STOP_TARGET_ASSIGNED,568.038161371291,0.0,349.96183862870896,ATP_EMERGENCY,ATO_HOLD,HC
138.6999999999964,SRC_2,STATION_EVENT,RECEIVE_ROUTE_ASSIGNED,568.038161371291,0.0,349.96183862870896,ATP_EMERGENCY,ATO_HOLD,HC
138.7999999999964,SRC_2,STATION_EVENT,STOP_TARGET_ASSIGNED,568.038161371291,0.0,349.96183862870896,ATP_EMERGENCY,ATO_HOLD,HC
138.7999999999964,SRC_2,STATION_EVENT,RECEIVE_ROUTE_ASSIGNED,568.038161371291,0.0,349.96183862870896,ATP_EMERGENCY,ATO_HOLD,HC
138.8999999999964,SRC_2,STATION_EVENT,STOP_TARGET_ASSIGNED,568.038161371291,0.0,349.96183862870896,ATP_EMERGENCY,ATO_HOLD,HC
138.8999999999964,SRC_2,STATION_EVENT,RECEIVE_ROUTE_ASSIGNED,568.038161371291,0.0,349.96183862870896,ATP_EMERGENCY,ATO_HOLD,HC
138.9999999999964,SRC_2,STATION_EVENT,STOP_TARGET_ASSIGNED,568.038161371291,0.0,349.96183862870896,ATP_EMERGENCY,ATO_HOLD,HC
138.9999999999964,SRC_2,STATION_EVENT,RECEIVE_ROUTE_ASSIGNED,568.038161371291,0.0,349.96183862870896,ATP_EMERGENCY,ATO_HOLD,HC
139.09999999999638,SRC_2,STATION_EVENT,STOP_TARGET_ASSIGNED,568.038161371291,0.0,349.96183862870896,ATP_EMERGENCY,ATO_HOLD,HC
139.09999999999638,SRC_2,STATION_EVENT,RECEIVE_ROUTE_ASSIGNED,568.038161371291,0.0,349.96183862870896,ATP_EMERGENCY,ATO_HOLD,HC
139.19999999999638,SRC_2,STATION_EVENT,STOP_TARGET_ASSIGNED,568.038161371291,0.0,349.96183862870896,ATP_EMERGENCY,ATO_HOLD,HC
139.19999999999638,SRC_2,STATION_EVENT,RECEIVE_ROUTE_ASSIGNED,568.038161371291,0.0,349.96183862870896,ATP_EMERGENCY,ATO_HOLD,HC
139.29999999999637,SRC_2,STATION_EVENT,STOP_TARGET_ASSIGNED,568.038161371291,0.0,349.96183862870896,ATP_EMERGENCY,ATO_HOLD,HC
139.29999999999637,SRC_2,STATION_EVENT,RECEIVE_ROUTE_ASSIGNED,568.038161371291,0.0,349.96183862870896,ATP_EMERGENCY,ATO_HOLD,HC
139.39999999999637,SRC_2,STATION_EVENT,STOP_TARGET_ASSIGNED,568.038161371291,0.0,349.96183862870896,ATP_EMERGENCY,ATO_HOLD,HC
139.39999999999637,SRC_2,STATION_EVENT,RECEIVE_ROUTE_ASSIGNED,568.038161371291,0.0,349.96183862870896,ATP_EMERGENCY,ATO_HOLD,HC
139.49999999999636,SRC_2,STATION_EVENT,STOP_TARGET_ASSIGNED,568.038161371291,0.0,349.96183862870896,ATP_EMERGENCY,ATO_HOLD,HC
139.49999999999636,SRC_2,STATION_EVENT,RECEIVE_ROUTE_ASSIGNED,568.038161371291,0.0,349.96183862870896,ATP_EMERGENCY,ATO_HOLD,HC
139.59999999999636,SRC_2,STATION_EVENT,STOP_TARGET_ASSIGNED,568.038161371291,0.0,349.96183862870896,ATP_EMERGENCY,ATO_HOLD,HC
139.59999999999636,SRC_2,STATION_EVENT,RECEIVE_ROUTE_ASSIGNED,568.038161371291,0.0,349.96183862870896,ATP_EMERGENCY,ATO_HOLD,HC
139.69999999999635,SRC_2,STATION_EVENT,STOP_TARGET_ASSIGNED,568.038161371291,0.0,349.96183862870896,ATP_EMERGENCY,ATO_HOLD,HC
139.69999999999635,SRC_2,STATION_EVENT,RECEIVE_ROUTE_ASSIGNED,568.038161371291,0.0,349.96183862870896,ATP_EMERGENCY,ATO_HOLD,HC
139.79999999999634,SRC_2,STATION_EVENT,STOP_TARGET_ASSIGNED,568.038161371291,0.0,349.96183862870896,ATP_EMERGENCY,ATO_HOLD,HC
139.79999999999634,SRC_2,STATION_EVENT,RECEIVE_ROUTE_ASSIGNED,568.038161371291,0.0,349.96183862870896,ATP_EMERGENCY,ATO_HOLD,HC
139.89999999999634,SRC_2,STATION_EVENT,STOP_TARGET_ASSIGNED,568.038161371291,0.0,349.96183862870896,ATP_EMERGENCY,ATO_HOLD,HC
139.89999999999634,SRC_2,STATION_EVENT,RECEIVE_ROUTE_ASSIGNED,568.038161371291,0.0,349.96183862870896,ATP_EMERGENCY,ATO_HOLD,HC
139.99999999999633,SRC_2,STATION_EVENT,STOP_TARGET_ASSIGNED,568.038161371291,0.0,349.96183862870896,ATP_EMERGENCY,ATO_HOLD,HC
139.99999999999633,SRC_2,STATION_EVENT,RECEIVE_ROUTE_ASSIGNED,568.038161371291,0.0,349.96183862870896,ATP_EMERGENCY,ATO_HOLD,HC
140.09999999999633,SRC_2,STATION_EVENT,STOP_TARGET_ASSIGNED,568.038161371291,0.0,349.96183862870896,ATP_EMERGENCY,ATO_HOLD,HC
140.09999999999633,SRC_2,STATION_EVENT,RECEIVE_ROUTE_ASSIGNED,568.038161371291,0.0,349.96183862870896,ATP_EMERGENCY,ATO_HOLD,HC
140.19999999999632,SRC_2,STATION_EVENT,STOP_TARGET_ASSIGNED,568.038161371291,0.0,349.96183862870896,ATP_EMERGENCY,ATO_HOLD,HC
140.19999999999632,SRC_2,STATION_EVENT,RECEIVE_ROUTE_ASSIGNED,568.038161371291,0.0,349.96183862870896,ATP_EMERGENCY,ATO_HOLD,HC
140.29999999999632,SRC_2,STATION_EVENT,STOP_TARGET_ASSIGNED,568.038161371291,0.0,349.96183862870896,ATP_EMERGENCY,ATO_HOLD,HC
140.29999999999632,SRC_2,STATION_EVENT,RECEIVE_ROUTE_ASSIGNED,568.038161371291,0.0,349.96183862870896,ATP_EMERGENCY,ATO_HOLD,HC
140.3999999999963,SRC_2,STATION_EVENT,STOP_TARGET_ASSIGNED,568.038161371291,0.0,349.96183862870896,ATP_EMERGENCY,ATO_HOLD,HC
140.3999999999963,SRC_2,STATION_EVENT,RECEIVE_ROUTE_ASSIGNED,568.038161371291,0.0,349.96183862870896,ATP_EMERGENCY,ATO_HOLD,HC
140.4999999999963,SRC_2,STATION_EVENT,STOP_TARGET_ASSIGNED,568.038161371291,0.0,349.96183862870896,ATP_EMERGENCY,ATO_HOLD,HC
140.4999999999963,SRC_2,STATION_EVENT,RECEIVE_ROUTE_ASSIGNED,568.038161371291,0.0,349.96183862870896,ATP_EMERGENCY,ATO_HOLD,HC
140.5999999999963,SRC_2,STATION_EVENT,STOP_TARGET_ASSIGNED,568.038161371291,0.0,349.96183862870896,ATP_EMERGENCY,ATO_HOLD,HC
140.5999999999963,SRC_2,STATION_EVENT,RECEIVE_ROUTE_ASSIGNED,568.038161371291,0.0,349.96183862870896,ATP_EMERGENCY,ATO_HOLD,HC
140.6999999999963,SRC_2,STATION_EVENT,STOP_TARGET_ASSIGNED,568.038161371291,0.0,349.96183862870896,ATP_EMERGENCY,ATO_HOLD,HC
140.6999999999963,SRC_2,STATION_EVENT,RECEIVE_ROUTE_ASSIGNED,568.038161371291,0.0,349.96183862870896,ATP_EMERGENCY,ATO_HOLD,HC
140.7999999999963,SRC_2,STATION_EVENT,STOP_TARGET_ASSIGNED,568.038161371291,0.0,349.96183862870896,ATP_EMERGENCY,ATO_HOLD,HC
140.7999999999963,SRC_2,STATION_EVENT,RECEIVE_ROUTE_ASSIGNED,568.038161371291,0.0,349.96183862870896,ATP_EMERGENCY,ATO_HOLD,HC
140.89999999999628,SRC_2,STATION_EVENT,STOP_TARGET_ASSIGNED,568.038161371291,0.0,349.96183862870896,ATP_EMERGENCY,ATO_HOLD,HC
140.89999999999628,SRC_2,STATION_EVENT,RECEIVE_ROUTE_ASSIGNED,568.038161371291,0.0,349.96183862870896,ATP_EMERGENCY,ATO_HOLD,HC
140.99999999999628,SRC_2,STATION_EVENT,STOP_TARGET_ASSIGNED,568.038161371291,0.0,349.96183862870896,ATP_EMERGENCY,ATO_HOLD,HC
140.99999999999628,SRC_2,STATION_EVENT,RECEIVE_ROUTE_ASSIGNED,568.038161371291,0.0,349.96183862870896,ATP_EMERGENCY,ATO_HOLD,HC
141.09999999999627,SRC_2,STATION_EVENT,STOP_TARGET_ASSIGNED,568.038161371291,0.0,349.96183862870896,ATP_EMERGENCY,ATO_HOLD,HC
141.09999999999627,SRC_2,STATION_EVENT,RECEIVE_ROUTE_ASSIGNED,568.038161371291,0.0,349.96183862870896,ATP_EMERGENCY,ATO_HOLD,HC
141.19999999999627,SRC_2,STATION_EVENT,STOP_TARGET_ASSIGNED,568.038161371291,0.0,349.96183862870896,ATP_EMERGENCY,ATO_HOLD,HC
141.19999999999627,SRC_2,STATION_EVENT,RECEIVE_ROUTE_ASSIGNED,568.038161371291,0.0,349.96183862870896,ATP_EMERGENCY,ATO_HOLD,HC
141.29999999999626,SRC_2,STATION_EVENT,STOP_TARGET_ASSIGNED,568.038161371291,0.0,349.96183862870896,ATP_EMERGENCY,ATO_HOLD,HC
141.29999999999626,SRC_2,STATION_EVENT,RECEIVE_ROUTE_ASSIGNED,568.038161371291,0.0,349.96183862870896,ATP_EMERGENCY,ATO_HOLD,HC
141.39999999999625,SRC_2,STATION_EVENT,STOP_TARGET_ASSIGNED,568.038161371291,0.0,349.96183862870896,ATP_EMERGENCY,ATO_HOLD,HC
141.39999999999625,SRC_2,STATION_EVENT,RECEIVE_ROUTE_ASSIGNED,568.038161371291,0.0,349.96183862870896,ATP_EMERGENCY,ATO_HOLD,HC
141.49999999999625,SRC_2,STATION_EVENT,STOP_TARGET_ASSIGNED,568.038161371291,0.0,349.96183862870896,ATP_EMERGENCY,ATO_HOLD,HC
141.49999999999625,SRC_2,STATION_EVENT,RECEIVE_ROUTE_ASSIGNED,568.038161371291,0.0,349.96183862870896,ATP_EMERGENCY,ATO_HOLD,HC
141.59999999999624,SRC_2,STATION_EVENT,STOP_TARGET_ASSIGNED,568.038161371291,0.0,349.96183862870896,ATP_EMERGENCY,ATO_HOLD,HC
141.59999999999624,SRC_2,STATION_EVENT,RECEIVE_ROUTE_ASSIGNED,568.038161371291,0.0,349.96183862870896,ATP_EMERGENCY,ATO_HOLD,HC
141.69999999999624,SRC_2,STATION_EVENT,STOP_TARGET_ASSIGNED,568.038161371291,0.0,349.96183862870896,ATP_EMERGENCY,ATO_HOLD,HC
141.69999999999624,SRC_2,STATION_EVENT,RECEIVE_ROUTE_ASSIGNED,568.038161371291,0.0,349.96183862870896,ATP_EMERGENCY,ATO_HOLD,HC
141.79999999999623,SRC_2,STATION_EVENT,STOP_TARGET_ASSIGNED,568.038161371291,0.0,349.96183862870896,ATP_EMERGENCY,ATO_HOLD,HC
141.79999999999623,SRC_2,STATION_EVENT,RECEIVE_ROUTE_ASSIGNED,568.038161371291,0.0,349.96183862870896,ATP_EMERGENCY,ATO_HOLD,HC
141.89999999999623,SRC_2,STATION_EVENT,STOP_TARGET_ASSIGNED,568.038161371291,0.0,349.96183862870896,ATP_EMERGENCY,ATO_HOLD,HC
141.89999999999623,SRC_2,STATION_EVENT,RECEIVE_ROUTE_ASSIGNED,568.038161371291,0.0,349.96183862870896,ATP_EMERGENCY,ATO_HOLD,HC
141.99999999999622,SRC_2,STATION_EVENT,STOP_TARGET_ASSIGNED,568.038161371291,0.0,349.96183862870896,ATP_EMERGENCY,ATO_HOLD,HC
141.99999999999622,SRC_2,STATION_EVENT,RECEIVE_ROUTE_ASSIGNED,568.038161371291,0.0,349.96183862870896,ATP_EMERGENCY,ATO_HOLD,HC
142.09999999999621,SRC_2,STATION_EVENT,STOP_TARGET_ASSIGNED,568.038161371291,0.0,349.96183862870896,ATP_EMERGENCY,ATO_HOLD,HC
142.09999999999621,SRC_2,STATION_EVENT,RECEIVE_ROUTE_ASSIGNED,568.038161371291,0.0,349.96183862870896,ATP_EMERGENCY,ATO_HOLD,HC
142.1999999999962,SRC_2,STATION_EVENT,STOP_TARGET_ASSIGNED,568.038161371291,0.0,349.96183862870896,ATP_EMERGENCY,ATO_HOLD,HC
142.1999999999962,SRC_2,STATION_EVENT,RECEIVE_ROUTE_ASSIGNED,568.038161371291,0.0,349.96183862870896,ATP_EMERGENCY,ATO_HOLD,HC
142.2999999999962,SRC_2,STATION_EVENT,STOP_TARGET_ASSIGNED,568.038161371291,0.0,349.96183862870896,ATP_EMERGENCY,ATO_HOLD,HC
142.2999999999962,SRC_2,STATION_EVENT,RECEIVE_ROUTE_ASSIGNED,568.038161371291,0.0,349.96183862870896,ATP_EMERGENCY,ATO_HOLD,HC
142.3999999999962,SRC_2,STATION_EVENT,STOP_TARGET_ASSIGNED,568.038161371291,0.0,349.96183862870896,ATP_EMERGENCY,ATO_HOLD,HC
142.3999999999962,SRC_2,STATION_EVENT,RECEIVE_ROUTE_ASSIGNED,568.038161371291,0.0,349.96183862870896,ATP_EMERGENCY,ATO_HOLD,HC
142.4999999999962,SRC_2,STATION_EVENT,STOP_TARGET_ASSIGNED,568.038161371291,0.0,349.96183862870896,ATP_EMERGENCY,ATO_HOLD,HC
142.4999999999962,SRC_2,STATION_EVENT,RECEIVE_ROUTE_ASSIGNED,568.038161371291,0.0,349.96183862870896,ATP_EMERGENCY,ATO_HOLD,HC
142.5999999999962,SRC_2,STATION_EVENT,STOP_TARGET_ASSIGNED,568.038161371291,0.0,349.96183862870896,ATP_EMERGENCY,ATO_HOLD,HC
142.5999999999962,SRC_2,STATION_EVENT,RECEIVE_ROUTE_ASSIGNED,568.038161371291,0.0,349.96183862870896,ATP_EMERGENCY,ATO_HOLD,HC
142.69999999999618,SRC_2,STATION_EVENT,STOP_TARGET_ASSIGNED,568.038161371291,0.0,349.96183862870896,ATP_EMERGENCY,ATO_HOLD,HC
142.69999999999618,SRC_2,STATION_EVENT,RECEIVE_ROUTE_ASSIGNED,568.038161371291,0.0,349.96183862870896,ATP_EMERGENCY,ATO_HOLD,HC
142.79999999999617,SRC_2,STATION_EVENT,STOP_TARGET_ASSIGNED,568.038161371291,0.0,349.96183862870896,ATP_EMERGENCY,ATO_HOLD,HC
142.79999999999617,SRC_2,STATION_EVENT,RECEIVE_ROUTE_ASSIGNED,568.038161371291,0.0,349.96183862870896,ATP_EMERGENCY,ATO_HOLD,HC
142.89999999999617,SRC_2,STATION_EVENT,STOP_TARGET_ASSIGNED,568.038161371291,0.0,349.96183862870896,ATP_EMERGENCY,ATO_HOLD,HC
142.89999999999617,SRC_2,STATION_EVENT,RECEIVE_ROUTE_ASSIGNED,568.038161371291,0.0,349.96183862870896,ATP_EMERGENCY,ATO_HOLD,HC
142.99999999999616,SRC_2,STATION_EVENT,STOP_TARGET_ASSIGNED,568.038161371291,0.0,349.96183862870896,ATP_EMERGENCY,ATO_HOLD,HC
142.99999999999616,SRC_2,STATION_EVENT,RECEIVE_ROUTE_ASSIGNED,568.038161371291,0.0,349.96183862870896,ATP_EMERGENCY,ATO_HOLD,HC
143.09999999999616,SRC_2,STATION_EVENT,STOP_TARGET_ASSIGNED,568.038161371291,0.0,349.96183862870896,ATP_EMERGENCY,ATO_HOLD,HC
143.09999999999616,SRC_2,STATION_EVENT,RECEIVE_ROUTE_ASSIGNED,568.038161371291,0.0,349.96183862870896,ATP_EMERGENCY,ATO_HOLD,HC
143.19999999999615,SRC_2,STATION_EVENT,STOP_TARGET_ASSIGNED,568.038161371291,0.0,349.96183862870896,ATP_EMERGENCY,ATO_HOLD,HC
143.19999999999615,SRC_2,STATION_EVENT,RECEIVE_ROUTE_ASSIGNED,568.038161371291,0.0,349.96183862870896,ATP_EMERGENCY,ATO_HOLD,HC
143.29999999999615,SRC_2,STATION_EVENT,STOP_TARGET_ASSIGNED,568.038161371291,0.0,349.96183862870896,ATP_EMERGENCY,ATO_HOLD,HC
143.29999999999615,SRC_2,STATION_EVENT,RECEIVE_ROUTE_ASSIGNED,568.038161371291,0.0,349.96183862870896,ATP_EMERGENCY,ATO_HOLD,HC
143.39999999999614,SRC_2,STATION_EVENT,STOP_TARGET_ASSIGNED,568.038161371291,0.0,349.96183862870896,ATP_EMERGENCY,ATO_HOLD,HC
143.39999999999614,SRC_2,STATION_EVENT,RECEIVE_ROUTE_ASSIGNED,568.038161371291,0.0,349.96183862870896,ATP_EMERGENCY,ATO_HOLD,HC
143.49999999999613,SRC_2,STATION_EVENT,STOP_TARGET_ASSIGNED,568.038161371291,0.0,349.96183862870896,ATP_EMERGENCY,ATO_HOLD,HC
143.49999999999613,SRC_2,STATION_EVENT,RECEIVE_ROUTE_ASSIGNED,568.038161371291,0.0,349.96183862870896,ATP_EMERGENCY,ATO_HOLD,HC
143.59999999999613,SRC_2,STATION_EVENT,STOP_TARGET_ASSIGNED,568.038161371291,0.0,349.96183862870896,ATP_EMERGENCY,ATO_HOLD,HC
143.59999999999613,SRC_2,STATION_EVENT,RECEIVE_ROUTE_ASSIGNED,568.038161371291,0.0,349.96183862870896,ATP_EMERGENCY,ATO_HOLD,HC
143.69999999999612,SRC_2,STATION_EVENT,STOP_TARGET_ASSIGNED,568.038161371291,0.0,349.96183862870896,ATP_EMERGENCY,ATO_HOLD,HC
143.69999999999612,SRC_2,STATION_EVENT,RECEIVE_ROUTE_ASSIGNED,568.038161371291,0.0,349.96183862870896,ATP_EMERGENCY,ATO_HOLD,HC
143.79999999999612,SRC_2,STATION_EVENT,STOP_TARGET_ASSIGNED,568.038161371291,0.0,349.96183862870896,ATP_EMERGENCY,ATO_HOLD,HC
143.79999999999612,SRC_2,STATION_EVENT,RECEIVE_ROUTE_ASSIGNED,568.038161371291,0.0,349.96183862870896,ATP_EMERGENCY,ATO_HOLD,HC
143.8999999999961,SRC_2,STATION_EVENT,STOP_TARGET_ASSIGNED,568.038161371291,0.0,349.96183862870896,ATP_EMERGENCY,ATO_HOLD,HC
143.8999999999961,SRC_2,STATION_EVENT,RECEIVE_ROUTE_ASSIGNED,568.038161371291,0.0,349.96183862870896,ATP_EMERGENCY,ATO_HOLD,HC
143.9999999999961,SRC_2,STATION_EVENT,STOP_TARGET_ASSIGNED,568.038161371291,0.0,349.96183862870896,ATP_EMERGENCY,ATO_HOLD,HC
143.9999999999961,SRC_2,STATION_EVENT,RECEIVE_ROUTE_ASSIGNED,568.038161371291,0.0,349.96183862870896,ATP_EMERGENCY,ATO_HOLD,HC
144.0999999999961,SRC_2,STATION_EVENT,STOP_TARGET_ASSIGNED,568.038161371291,0.0,349.96183862870896,ATP_EMERGENCY,ATO_HOLD,HC
144.0999999999961,SRC_2,STATION_EVENT,RECEIVE_ROUTE_ASSIGNED,568.038161371291,0.0,349.96183862870896,ATP_EMERGENCY,ATO_HOLD,HC
144.1999999999961,SRC_2,STATION_EVENT,STOP_TARGET_ASSIGNED,568.038161371291,0.0,349.96183862870896,ATP_EMERGENCY,ATO_HOLD,HC
144.1999999999961,SRC_2,STATION_EVENT,RECEIVE_ROUTE_ASSIGNED,568.038161371291,0.0,349.96183862870896,ATP_EMERGENCY,ATO_HOLD,HC
144.2999999999961,SRC_2,STATION_EVENT,STOP_TARGET_ASSIGNED,568.038161371291,0.0,349.96183862870896,ATP_EMERGENCY,ATO_HOLD,HC
144.2999999999961,SRC_2,STATION_EVENT,RECEIVE_ROUTE_ASSIGNED,568.038161371291,0.0,349.96183862870896,ATP_EMERGENCY,ATO_HOLD,HC
144.39999999999608,SRC_2,STATION_EVENT,STOP_TARGET_ASSIGNED,568.038161371291,0.0,349.96183862870896,ATP_EMERGENCY,ATO_HOLD,HC
144.39999999999608,SRC_2,STATION_EVENT,RECEIVE_ROUTE_ASSIGNED,568.038161371291,0.0,349.96183862870896,ATP_EMERGENCY,ATO_HOLD,HC
144.49999999999608,SRC_2,STATION_EVENT,STOP_TARGET_ASSIGNED,568.038161371291,0.0,349.96183862870896,ATP_EMERGENCY,ATO_HOLD,HC
144.49999999999608,SRC_2,STATION_EVENT,RECEIVE_ROUTE_ASSIGNED,568.038161371291,0.0,349.96183862870896,ATP_EMERGENCY,ATO_HOLD,HC
144.59999999999607,SRC_2,STATION_EVENT,STOP_TARGET_ASSIGNED,568.038161371291,0.0,349.96183862870896,ATP_EMERGENCY,ATO_HOLD,HC
144.59999999999607,SRC_2,STATION_EVENT,RECEIVE_ROUTE_ASSIGNED,568.038161371291,0.0,349.96183862870896,ATP_EMERGENCY,ATO_HOLD,HC
144.69999999999607,SRC_2,STATION_EVENT,STOP_TARGET_ASSIGNED,568.038161371291,0.0,349.96183862870896,ATP_EMERGENCY,ATO_HOLD,HC
144.69999999999607,SRC_2,STATION_EVENT,RECEIVE_ROUTE_ASSIGNED,568.038161371291,0.0,349.96183862870896,ATP_EMERGENCY,ATO_HOLD,HC
144.79999999999606,SRC_2,STATION_EVENT,STOP_TARGET_ASSIGNED,568.038161371291,0.0,349.96183862870896,ATP_EMERGENCY,ATO_HOLD,HC
144.79999999999606,SRC_2,STATION_EVENT,RECEIVE_ROUTE_ASSIGNED,568.038161371291,0.0,349.96183862870896,ATP_EMERGENCY,ATO_HOLD,HC
144.89999999999606,SRC_2,STATION_EVENT,STOP_TARGET_ASSIGNED,568.038161371291,0.0,349.96183862870896,ATP_EMERGENCY,ATO_HOLD,HC
144.89999999999606,SRC_2,STATION_EVENT,RECEIVE_ROUTE_ASSIGNED,568.038161371291,0.0,349.96183862870896,ATP_EMERGENCY,ATO_HOLD,HC
144.99999999999605,SRC_2,STATION_EVENT,STOP_TARGET_ASSIGNED,568.038161371291,0.0,349.96183862870896,ATP_EMERGENCY,ATO_HOLD,HC
144.99999999999605,SRC_2,STATION_EVENT,RECEIVE_ROUTE_ASSIGNED,568.038161371291,0.0,349.96183862870896,ATP_EMERGENCY,ATO_HOLD,HC
145.09999999999604,SRC_2,STATION_EVENT,STOP_TARGET_ASSIGNED,568.038161371291,0.0,349.96183862870896,ATP_EMERGENCY,ATO_HOLD,HC
145.09999999999604,SRC_2,STATION_EVENT,RECEIVE_ROUTE_ASSIGNED,568.038161371291,0.0,349.96183862870896,ATP_EMERGENCY,ATO_HOLD,HC
145.19999999999604,SRC_2,STATION_EVENT,STOP_TARGET_ASSIGNED,568.038161371291,0.0,349.96183862870896,ATP_EMERGENCY,ATO_HOLD,HC
145.19999999999604,SRC_2,STATION_EVENT,RECEIVE_ROUTE_ASSIGNED,568.038161371291,0.0,349.96183862870896,ATP_EMERGENCY,ATO_HOLD,HC
145.29999999999603,SRC_2,STATION_EVENT,STOP_TARGET_ASSIGNED,568.038161371291,0.0,349.96183862870896,ATP_EMERGENCY,ATO_HOLD,HC
145.29999999999603,SRC_2,STATION_EVENT,RECEIVE_ROUTE_ASSIGNED,568.038161371291,0.0,349.96183862870896,ATP_EMERGENCY,ATO_HOLD,HC
145.39999999999603,SRC_2,STATION_EVENT,STOP_TARGET_ASSIGNED,568.038161371291,0.0,349.96183862870896,ATP_EMERGENCY,ATO_HOLD,HC
145.39999999999603,SRC_2,STATION_EVENT,RECEIVE_ROUTE_ASSIGNED,568.038161371291,0.0,349.96183862870896,ATP_EMERGENCY,ATO_HOLD,HC
145.49999999999602,SRC_2,STATION_EVENT,STOP_TARGET_ASSIGNED,568.038161371291,0.0,349.96183862870896,ATP_EMERGENCY,ATO_HOLD,HC
145.49999999999602,SRC_2,STATION_EVENT,RECEIVE_ROUTE_ASSIGNED,568.038161371291,0.0,349.96183862870896,ATP_EMERGENCY,ATO_HOLD,HC
145.59999999999602,SRC_2,STATION_EVENT,STOP_TARGET_ASSIGNED,568.038161371291,0.0,349.96183862870896,ATP_EMERGENCY,ATO_HOLD,HC
145.59999999999602,SRC_2,STATION_EVENT,RECEIVE_ROUTE_ASSIGNED,568.038161371291,0.0,349.96183862870896,ATP_EMERGENCY,ATO_HOLD,HC
145.699999999996,SRC_2,STATION_EVENT,STOP_TARGET_ASSIGNED,568.038161371291,0.0,349.96183862870896,ATP_EMERGENCY,ATO_HOLD,HC
145.699999999996,SRC_2,STATION_EVENT,RECEIVE_ROUTE_ASSIGNED,568.038161371291,0.0,349.96183862870896,ATP_EMERGENCY,ATO_HOLD,HC
145.799999999996,SRC_2,STATION_EVENT,STOP_TARGET_ASSIGNED,568.038161371291,0.0,349.96183862870896,ATP_EMERGENCY,ATO_HOLD,HC
145.799999999996,SRC_2,STATION_EVENT,RECEIVE_ROUTE_ASSIGNED,568.038161371291,0.0,349.96183862870896,ATP_EMERGENCY,ATO_HOLD,HC
145.899999999996,SRC_2,STATION_EVENT,STOP_TARGET_ASSIGNED,568.038161371291,0.0,349.96183862870896,ATP_EMERGENCY,ATO_HOLD,HC
145.899999999996,SRC_2,STATION_EVENT,RECEIVE_ROUTE_ASSIGNED,568.038161371291,0.0,349.96183862870896,ATP_EMERGENCY,ATO_HOLD,HC
145.999999999996,SRC_2,STATION_EVENT,STOP_TARGET_ASSIGNED,568.038161371291,0.0,349.96183862870896,ATP_EMERGENCY,ATO_HOLD,HC
145.999999999996,SRC_2,STATION_EVENT,RECEIVE_ROUTE_ASSIGNED,568.038161371291,0.0,349.96183862870896,ATP_EMERGENCY,ATO_HOLD,HC
146.099999999996,SRC_2,STATION_EVENT,STOP_TARGET_ASSIGNED,568.038161371291,0.0,349.96183862870896,ATP_EMERGENCY,ATO_HOLD,HC
146.099999999996,SRC_2,STATION_EVENT,RECEIVE_ROUTE_ASSIGNED,568.038161371291,0.0,349.96183862870896,ATP_EMERGENCY,ATO_HOLD,HC
146.19999999999598,SRC_2,STATION_EVENT,STOP_TARGET_ASSIGNED,568.038161371291,0.0,349.96183862870896,ATP_EMERGENCY,ATO_HOLD,HC
146.19999999999598,SRC_2,STATION_EVENT,RECEIVE_ROUTE_ASSIGNED,568.038161371291,0.0,349.96183862870896,ATP_EMERGENCY,ATO_HOLD,HC
146.29999999999598,SRC_2,STATION_EVENT,STOP_TARGET_ASSIGNED,568.038161371291,0.0,349.96183862870896,ATP_EMERGENCY,ATO_HOLD,HC
146.29999999999598,SRC_2,STATION_EVENT,RECEIVE_ROUTE_ASSIGNED,568.038161371291,0.0,349.96183862870896,ATP_EMERGENCY,ATO_HOLD,HC
146.39999999999597,SRC_2,STATION_EVENT,STOP_TARGET_ASSIGNED,568.038161371291,0.0,349.96183862870896,ATP_EMERGENCY,ATO_HOLD,HC
146.39999999999597,SRC_2,STATION_EVENT,RECEIVE_ROUTE_ASSIGNED,568.038161371291,0.0,349.96183862870896,ATP_EMERGENCY,ATO_HOLD,HC
146.49999999999596,SRC_2,STATION_EVENT,STOP_TARGET_ASSIGNED,568.038161371291,0.0,349.96183862870896,ATP_EMERGENCY,ATO_HOLD,HC
146.49999999999596,SRC_2,STATION_EVENT,RECEIVE_ROUTE_ASSIGNED,568.038161371291,0.0,349.96183862870896,ATP_EMERGENCY,ATO_HOLD,HC
146.59999999999596,SRC_2,STATION_EVENT,STOP_TARGET_ASSIGNED,568.038161371291,0.0,349.96183862870896,ATP_EMERGENCY,ATO_HOLD,HC
146.59999999999596,SRC_2,STATION_EVENT,RECEIVE_ROUTE_ASSIGNED,568.038161371291,0.0,349.96183862870896,ATP_EMERGENCY,ATO_HOLD,HC
146.69999999999595,SRC_2,STATION_EVENT,STOP_TARGET_ASSIGNED,568.038161371291,0.0,349.96183862870896,ATP_EMERGENCY,ATO_HOLD,HC
146.69999999999595,SRC_2,STATION_EVENT,RECEIVE_ROUTE_ASSIGNED,568.038161371291,0.0,349.96183862870896,ATP_EMERGENCY,ATO_HOLD,HC
146.79999999999595,SRC_2,STATION_EVENT,STOP_TARGET_ASSIGNED,568.038161371291,0.0,349.96183862870896,ATP_EMERGENCY,ATO_HOLD,HC
146.79999999999595,SRC_2,STATION_EVENT,RECEIVE_ROUTE_ASSIGNED,568.038161371291,0.0,349.96183862870896,ATP_EMERGENCY,ATO_HOLD,HC
146.89999999999594,SRC_2,STATION_EVENT,STOP_TARGET_ASSIGNED,568.038161371291,0.0,349.96183862870896,ATP_EMERGENCY,ATO_HOLD,HC
146.89999999999594,SRC_2,STATION_EVENT,RECEIVE_ROUTE_ASSIGNED,568.038161371291,0.0,349.96183862870896,ATP_EMERGENCY,ATO_HOLD,HC
146.99999999999594,SRC_2,STATION_EVENT,STOP_TARGET_ASSIGNED,568.038161371291,0.0,349.96183862870896,ATP_EMERGENCY,ATO_HOLD,HC
146.99999999999594,SRC_2,STATION_EVENT,RECEIVE_ROUTE_ASSIGNED,568.038161371291,0.0,349.96183862870896,ATP_EMERGENCY,ATO_HOLD,HC
147.09999999999593,SRC_2,STATION_EVENT,STOP_TARGET_ASSIGNED,568.038161371291,0.0,349.96183862870896,ATP_EMERGENCY,ATO_HOLD,HC
147.09999999999593,SRC_2,STATION_EVENT,RECEIVE_ROUTE_ASSIGNED,568.038161371291,0.0,349.96183862870896,ATP_EMERGENCY,ATO_HOLD,HC
147.19999999999592,SRC_2,STATION_EVENT,STOP_TARGET_ASSIGNED,568.038161371291,0.0,349.96183862870896,ATP_EMERGENCY,ATO_HOLD,HC
147.19999999999592,SRC_2,STATION_EVENT,RECEIVE_ROUTE_ASSIGNED,568.038161371291,0.0,349.96183862870896,ATP_EMERGENCY,ATO_HOLD,HC
147.29999999999592,SRC_2,STATION_EVENT,STOP_TARGET_ASSIGNED,568.038161371291,0.0,349.96183862870896,ATP_EMERGENCY,ATO_HOLD,HC
147.29999999999592,SRC_2,STATION_EVENT,RECEIVE_ROUTE_ASSIGNED,568.038161371291,0.0,349.96183862870896,ATP_EMERGENCY,ATO_HOLD,HC
147.3999999999959,SRC_2,STATION_EVENT,STOP_TARGET_ASSIGNED,568.038161371291,0.0,349.96183862870896,ATP_EMERGENCY,ATO_HOLD,HC
147.3999999999959,SRC_2,STATION_EVENT,RECEIVE_ROUTE_ASSIGNED,568.038161371291,0.0,349.96183862870896,ATP_EMERGENCY,ATO_HOLD,HC
147.4999999999959,SRC_2,STATION_EVENT,STOP_TARGET_ASSIGNED,568.038161371291,0.0,349.96183862870896,ATP_EMERGENCY,ATO_HOLD,HC
147.4999999999959,SRC_2,STATION_EVENT,RECEIVE_ROUTE_ASSIGNED,568.038161371291,0.0,349.96183862870896,ATP_EMERGENCY,ATO_HOLD,HC
147.5999999999959,SRC_2,STATION_EVENT,STOP_TARGET_ASSIGNED,568.038161371291,0.0,349.96183862870896,ATP_EMERGENCY,ATO_HOLD,HC
147.5999999999959,SRC_2,STATION_EVENT,RECEIVE_ROUTE_ASSIGNED,568.038161371291,0.0,349.96183862870896,ATP_EMERGENCY,ATO_HOLD,HC
147.6999999999959,SRC_2,STATION_EVENT,STOP_TARGET_ASSIGNED,568.038161371291,0.0,349.96183862870896,ATP_EMERGENCY,ATO_HOLD,HC
147.6999999999959,SRC_2,STATION_EVENT,RECEIVE_ROUTE_ASSIGNED,568.038161371291,0.0,349.96183862870896,ATP_EMERGENCY,ATO_HOLD,HC
147.7999999999959,SRC_2,STATION_EVENT,STOP_TARGET_ASSIGNED,568.038161371291,0.0,349.96183862870896,ATP_EMERGENCY,ATO_HOLD,HC
147.7999999999959,SRC_2,STATION_EVENT,RECEIVE_ROUTE_ASSIGNED,568.038161371291,0.0,349.96183862870896,ATP_EMERGENCY,ATO_HOLD,HC
147.89999999999588,SRC_2,STATION_EVENT,STOP_TARGET_ASSIGNED,568.038161371291,0.0,349.96183862870896,ATP_EMERGENCY,ATO_HOLD,HC
147.89999999999588,SRC_2,STATION_EVENT,RECEIVE_ROUTE_ASSIGNED,568.038161371291,0.0,349.96183862870896,ATP_EMERGENCY,ATO_HOLD,HC
147.99999999999588,SRC_2,STATION_EVENT,STOP_TARGET_ASSIGNED,568.038161371291,0.0,349.96183862870896,ATP_EMERGENCY,ATO_HOLD,HC
147.99999999999588,SRC_2,STATION_EVENT,RECEIVE_ROUTE_ASSIGNED,568.038161371291,0.0,349.96183862870896,ATP_EMERGENCY,ATO_HOLD,HC
148.09999999999587,SRC_2,STATION_EVENT,STOP_TARGET_ASSIGNED,568.038161371291,0.0,349.96183862870896,ATP_EMERGENCY,ATO_HOLD,HC
148.09999999999587,SRC_2,STATION_EVENT,RECEIVE_ROUTE_ASSIGNED,568.038161371291,0.0,349.96183862870896,ATP_EMERGENCY,ATO_HOLD,HC
148.19999999999587,SRC_2,STATION_EVENT,STOP_TARGET_ASSIGNED,568.038161371291,0.0,349.96183862870896,ATP_EMERGENCY,ATO_HOLD,HC
148.19999999999587,SRC_2,STATION_EVENT,RECEIVE_ROUTE_ASSIGNED,568.038161371291,0.0,349.96183862870896,ATP_EMERGENCY,ATO_HOLD,HC
148.29999999999586,SRC_2,STATION_EVENT,STOP_TARGET_ASSIGNED,568.038161371291,0.0,349.96183862870896,ATP_EMERGENCY,ATO_HOLD,HC
148.29999999999586,SRC_2,STATION_EVENT,RECEIVE_ROUTE_ASSIGNED,568.038161371291,0.0,349.96183862870896,ATP_EMERGENCY,ATO_HOLD,HC
148.39999999999586,SRC_2,STATION_EVENT,STOP_TARGET_ASSIGNED,568.038161371291,0.0,349.96183862870896,ATP_EMERGENCY,ATO_HOLD,HC
148.39999999999586,SRC_2,STATION_EVENT,RECEIVE_ROUTE_ASSIGNED,568.038161371291,0.0,349.96183862870896,ATP_EMERGENCY,ATO_HOLD,HC
148.49999999999585,SRC_2,STATION_EVENT,STOP_TARGET_ASSIGNED,568.038161371291,0.0,349.96183862870896,ATP_EMERGENCY,ATO_HOLD,HC
148.49999999999585,SRC_2,STATION_EVENT,RECEIVE_ROUTE_ASSIGNED,568.038161371291,0.0,349.96183862870896,ATP_EMERGENCY,ATO_HOLD,HC
148.59999999999584,SRC_2,STATION_EVENT,STOP_TARGET_ASSIGNED,568.038161371291,0.0,349.96183862870896,ATP_EMERGENCY,ATO_HOLD,HC
148.59999999999584,SRC_2,STATION_EVENT,RECEIVE_ROUTE_ASSIGNED,568.038161371291,0.0,349.96183862870896,ATP_EMERGENCY,ATO_HOLD,HC
148.69999999999584,SRC_2,STATION_EVENT,STOP_TARGET_ASSIGNED,568.038161371291,0.0,349.96183862870896,ATP_EMERGENCY,ATO_HOLD,HC
148.69999999999584,SRC_2,STATION_EVENT,RECEIVE_ROUTE_ASSIGNED,568.038161371291,0.0,349.96183862870896,ATP_EMERGENCY,ATO_HOLD,HC
148.79999999999583,SRC_2,STATION_EVENT,STOP_TARGET_ASSIGNED,568.038161371291,0.0,349.96183862870896,ATP_EMERGENCY,ATO_HOLD,HC
148.79999999999583,SRC_2,STATION_EVENT,RECEIVE_ROUTE_ASSIGNED,568.038161371291,0.0,349.96183862870896,ATP_EMERGENCY,ATO_HOLD,HC
148.89999999999583,SRC_2,STATION_EVENT,STOP_TARGET_ASSIGNED,568.038161371291,0.0,349.96183862870896,ATP_EMERGENCY,ATO_HOLD,HC
148.89999999999583,SRC_2,STATION_EVENT,RECEIVE_ROUTE_ASSIGNED,568.038161371291,0.0,349.96183862870896,ATP_EMERGENCY,ATO_HOLD,HC
148.99999999999582,SRC_2,STATION_EVENT,STOP_TARGET_ASSIGNED,568.038161371291,0.0,349.96183862870896,ATP_EMERGENCY,ATO_HOLD,HC
148.99999999999582,SRC_2,STATION_EVENT,RECEIVE_ROUTE_ASSIGNED,568.038161371291,0.0,349.96183862870896,ATP_EMERGENCY,ATO_HOLD,HC
149.09999999999582,SRC_2,STATION_EVENT,STOP_TARGET_ASSIGNED,568.038161371291,0.0,349.96183862870896,ATP_EMERGENCY,ATO_HOLD,HC
149.09999999999582,SRC_2,STATION_EVENT,RECEIVE_ROUTE_ASSIGNED,568.038161371291,0.0,349.96183862870896,ATP_EMERGENCY,ATO_HOLD,HC
149.1999999999958,SRC_2,STATION_EVENT,STOP_TARGET_ASSIGNED,568.038161371291,0.0,349.96183862870896,ATP_EMERGENCY,ATO_HOLD,HC
149.1999999999958,SRC_2,STATION_EVENT,RECEIVE_ROUTE_ASSIGNED,568.038161371291,0.0,349.96183862870896,ATP_EMERGENCY,ATO_HOLD,HC
137.2999999999965,SRC_3,STATION_EVENT,ROUTE_CONFLICT,337.56400092737346,0.0,5.0,ATP_EMERGENCY,ATO_HOLD,HC
137.2999999999965,SRC_3,STATION_EVENT,ROUTE_CONFLICT,337.56400092737346,0.0,5.0,ATP_EMERGENCY,ATO_HOLD,HC
137.39999999999648,SRC_3,STATION_EVENT,ROUTE_CONFLICT,337.56400092737346,0.0,5.0,ATP_EMERGENCY,ATO_HOLD,HC
137.39999999999648,SRC_3,STATION_EVENT,ROUTE_CONFLICT,337.56400092737346,0.0,5.0,ATP_EMERGENCY,ATO_HOLD,HC
137.49999999999648,SRC_3,STATION_EVENT,ROUTE_CONFLICT,337.56400092737346,0.0,5.0,ATP_EMERGENCY,ATO_HOLD,HC
137.49999999999648,SRC_3,STATION_EVENT,ROUTE_CONFLICT,337.56400092737346,0.0,5.0,ATP_EMERGENCY,ATO_HOLD,HC
137.59999999999647,SRC_3,STATION_EVENT,ROUTE_CONFLICT,337.56400092737346,0.0,5.0,ATP_EMERGENCY,ATO_HOLD,HC
137.59999999999647,SRC_3,STATION_EVENT,ROUTE_CONFLICT,337.56400092737346,0.0,5.0,ATP_EMERGENCY,ATO_HOLD,HC
137.69999999999646,SRC_3,STATION_EVENT,ROUTE_CONFLICT,337.56400092737346,0.0,5.0,ATP_EMERGENCY,ATO_HOLD,HC
137.69999999999646,SRC_3,STATION_EVENT,ROUTE_CONFLICT,337.56400092737346,0.0,5.0,ATP_EMERGENCY,ATO_HOLD,HC
137.79999999999646,SRC_3,STATION_EVENT,ROUTE_CONFLICT,337.56400092737346,0.0,5.0,ATP_EMERGENCY,ATO_HOLD,HC
137.79999999999646,SRC_3,STATION_EVENT,ROUTE_CONFLICT,337.56400092737346,0.0,5.0,ATP_EMERGENCY,ATO_HOLD,HC
137.89999999999645,SRC_3,STATION_EVENT,ROUTE_CONFLICT,337.56400092737346,0.0,5.0,ATP_EMERGENCY,ATO_HOLD,HC
137.89999999999645,SRC_3,STATION_EVENT,ROUTE_CONFLICT,337.56400092737346,0.0,5.0,ATP_EMERGENCY,ATO_HOLD,HC
137.99999999999645,SRC_3,STATION_EVENT,ROUTE_CONFLICT,337.56400092737346,0.0,5.0,ATP_EMERGENCY,ATO_HOLD,HC
137.99999999999645,SRC_3,STATION_EVENT,ROUTE_CONFLICT,337.56400092737346,0.0,5.0,ATP_EMERGENCY,ATO_HOLD,HC
138.09999999999644,SRC_3,STATION_EVENT,ROUTE_CONFLICT,337.56400092737346,0.0,5.0,ATP_EMERGENCY,ATO_HOLD,HC
138.09999999999644,SRC_3,STATION_EVENT,ROUTE_CONFLICT,337.56400092737346,0.0,5.0,ATP_EMERGENCY,ATO_HOLD,HC
138.19999999999644,SRC_3,STATION_EVENT,ROUTE_CONFLICT,337.56400092737346,0.0,5.0,ATP_EMERGENCY,ATO_HOLD,HC
138.19999999999644,SRC_3,STATION_EVENT,ROUTE_CONFLICT,337.56400092737346,0.0,5.0,ATP_EMERGENCY,ATO_HOLD,HC
138.29999999999643,SRC_3,STATION_EVENT,ROUTE_CONFLICT,337.56400092737346,0.0,5.0,ATP_EMERGENCY,ATO_HOLD,HC
138.29999999999643,SRC_3,STATION_EVENT,ROUTE_CONFLICT,337.56400092737346,0.0,5.0,ATP_EMERGENCY,ATO_HOLD,HC
138.39999999999642,SRC_3,STATION_EVENT,ROUTE_CONFLICT,337.56400092737346,0.0,5.0,ATP_EMERGENCY,ATO_HOLD,HC
138.39999999999642,SRC_3,STATION_EVENT,ROUTE_CONFLICT,337.56400092737346,0.0,5.0,ATP_EMERGENCY,ATO_HOLD,HC
138.49999999999642,SRC_3,STATION_EVENT,ROUTE_CONFLICT,337.56400092737346,0.0,5.0,ATP_EMERGENCY,ATO_HOLD,HC
138.49999999999642,SRC_3,STATION_EVENT,ROUTE_CONFLICT,337.56400092737346,0.0,5.0,ATP_EMERGENCY,ATO_HOLD,HC
138.5999999999964,SRC_3,STATION_EVENT,ROUTE_CONFLICT,337.56400092737346,0.0,5.0,ATP_EMERGENCY,ATO_HOLD,HC
138.5999999999964,SRC_3,STATION_EVENT,ROUTE_CONFLICT,337.56400092737346,0.0,5.0,ATP_EMERGENCY,ATO_HOLD,HC
138.6999999999964,SRC_3,STATION_EVENT,ROUTE_CONFLICT,337.56400092737346,0.0,5.0,ATP_EMERGENCY,ATO_HOLD,HC
138.6999999999964,SRC_3,STATION_EVENT,ROUTE_CONFLICT,337.56400092737346,0.0,5.0,ATP_EMERGENCY,ATO_HOLD,HC
138.7999999999964,SRC_3,STATION_EVENT,ROUTE_CONFLICT,337.56400092737346,0.0,5.0,ATP_EMERGENCY,ATO_HOLD,HC
138.7999999999964,SRC_3,STATION_EVENT,ROUTE_CONFLICT,337.56400092737346,0.0,5.0,ATP_EMERGENCY,ATO_HOLD,HC
138.8999999999964,SRC_3,STATION_EVENT,ROUTE_CONFLICT,337.56400092737346,0.0,5.0,ATP_EMERGENCY,ATO_HOLD,HC
138.8999999999964,SRC_3,STATION_EVENT,ROUTE_CONFLICT,337.56400092737346,0.0,5.0,ATP_EMERGENCY,ATO_HOLD,HC
138.9999999999964,SRC_3,STATION_EVENT,ROUTE_CONFLICT,337.56400092737346,0.0,5.0,ATP_EMERGENCY,ATO_HOLD,HC
138.9999999999964,SRC_3,STATION_EVENT,ROUTE_CONFLICT,337.56400092737346,0.0,5.0,ATP_EMERGENCY,ATO_HOLD,HC
139.09999999999638,SRC_3,STATION_EVENT,ROUTE_CONFLICT,337.56400092737346,0.0,5.0,ATP_EMERGENCY,ATO_HOLD,HC
139.09999999999638,SRC_3,STATION_EVENT,ROUTE_CONFLICT,337.56400092737346,0.0,5.0,ATP_EMERGENCY,ATO_HOLD,HC
139.19999999999638,SRC_3,STATION_EVENT,ROUTE_CONFLICT,337.56400092737346,0.0,5.0,ATP_EMERGENCY,ATO_HOLD,HC
139.19999999999638,SRC_3,STATION_EVENT,ROUTE_CONFLICT,337.56400092737346,0.0,5.0,ATP_EMERGENCY,ATO_HOLD,HC
139.29999999999637,SRC_3,STATION_EVENT,ROUTE_CONFLICT,337.56400092737346,0.0,5.0,ATP_EMERGENCY,ATO_HOLD,HC
139.29999999999637,SRC_3,STATION_EVENT,ROUTE_CONFLICT,337.56400092737346,0.0,5.0,ATP_EMERGENCY,ATO_HOLD,HC
139.39999999999637,SRC_3,STATION_EVENT,ROUTE_CONFLICT,337.56400092737346,0.0,5.0,ATP_EMERGENCY,ATO_HOLD,HC
139.39999999999637,SRC_3,STATION_EVENT,ROUTE_CONFLICT,337.56400092737346,0.0,5.0,ATP_EMERGENCY,ATO_HOLD,HC
139.49999999999636,SRC_3,STATION_EVENT,ROUTE_CONFLICT,337.56400092737346,0.0,5.0,ATP_EMERGENCY,ATO_HOLD,HC
139.49999999999636,SRC_3,STATION_EVENT,ROUTE_CONFLICT,337.56400092737346,0.0,5.0,ATP_EMERGENCY,ATO_HOLD,HC
139.59999999999636,SRC_3,STATION_EVENT,ROUTE_CONFLICT,337.56400092737346,0.0,5.0,ATP_EMERGENCY,ATO_HOLD,HC
139.59999999999636,SRC_3,STATION_EVENT,ROUTE_CONFLICT,337.56400092737346,0.0,5.0,ATP_EMERGENCY,ATO_HOLD,HC
139.69999999999635,SRC_3,STATION_EVENT,ROUTE_CONFLICT,337.56400092737346,0.0,5.0,ATP_EMERGENCY,ATO_HOLD,HC
139.69999999999635,SRC_3,STATION_EVENT,ROUTE_CONFLICT,337.56400092737346,0.0,5.0,ATP_EMERGENCY,ATO_HOLD,HC
139.79999999999634,SRC_3,STATION_EVENT,ROUTE_CONFLICT,337.56400092737346,0.0,5.0,ATP_EMERGENCY,ATO_HOLD,HC
139.79999999999634,SRC_3,STATION_EVENT,ROUTE_CONFLICT,337.56400092737346,0.0,5.0,ATP_EMERGENCY,ATO_HOLD,HC
139.89999999999634,SRC_3,STATION_EVENT,ROUTE_CONFLICT,337.56400092737346,0.0,5.0,ATP_EMERGENCY,ATO_HOLD,HC
139.89999999999634,SRC_3,STATION_EVENT,ROUTE_CONFLICT,337.56400092737346,0.0,5.0,ATP_EMERGENCY,ATO_HOLD,HC
139.99999999999633,SRC_3,STATION_EVENT,ROUTE_CONFLICT,337.56400092737346,0.0,5.0,ATP_EMERGENCY,ATO_HOLD,HC
139.99999999999633,SRC_3,STATION_EVENT,ROUTE_CONFLICT,337.56400092737346,0.0,5.0,ATP_EMERGENCY,ATO_HOLD,HC
140.09999999999633,SRC_3,STATION_EVENT,ROUTE_CONFLICT,337.56400092737346,0.0,5.0,ATP_EMERGENCY,ATO_HOLD,HC
140.09999999999633,SRC_3,STATION_EVENT,ROUTE_CONFLICT,337.56400092737346,0.0,5.0,ATP_EMERGENCY,ATO_HOLD,HC
140.19999999999632,SRC_3,STATION_EVENT,ROUTE_CONFLICT,337.56400092737346,0.0,5.0,ATP_EMERGENCY,ATO_HOLD,HC
140.19999999999632,SRC_3,STATION_EVENT,ROUTE_CONFLICT,337.56400092737346,0.0,5.0,ATP_EMERGENCY,ATO_HOLD,HC
140.29999999999632,SRC_3,STATION_EVENT,ROUTE_CONFLICT,337.56400092737346,0.0,5.0,ATP_EMERGENCY,ATO_HOLD,HC
140.29999999999632,SRC_3,STATION_EVENT,ROUTE_CONFLICT,337.56400092737346,0.0,5.0,ATP_EMERGENCY,ATO_HOLD,HC
140.3999999999963,SRC_3,STATION_EVENT,ROUTE_CONFLICT,337.56400092737346,0.0,5.0,ATP_EMERGENCY,ATO_HOLD,HC
140.3999999999963,SRC_3,STATION_EVENT,ROUTE_CONFLICT,337.56400092737346,0.0,5.0,ATP_EMERGENCY,ATO_HOLD,HC
140.4999999999963,SRC_3,STATION_EVENT,ROUTE_CONFLICT,337.56400092737346,0.0,5.0,ATP_EMERGENCY,ATO_HOLD,HC
140.4999999999963,SRC_3,STATION_EVENT,ROUTE_CONFLICT,337.56400092737346,0.0,5.0,ATP_EMERGENCY,ATO_HOLD,HC
140.5999999999963,SRC_3,STATION_EVENT,ROUTE_CONFLICT,337.56400092737346,0.0,5.0,ATP_EMERGENCY,ATO_HOLD,HC
140.5999999999963,SRC_3,STATION_EVENT,ROUTE_CONFLICT,337.56400092737346,0.0,5.0,ATP_EMERGENCY,ATO_HOLD,HC
140.6999999999963,SRC_3,STATION_EVENT,ROUTE_CONFLICT,337.56400092737346,0.0,5.0,ATP_EMERGENCY,ATO_HOLD,HC
140.6999999999963,SRC_3,STATION_EVENT,ROUTE_CONFLICT,337.56400092737346,0.0,5.0,ATP_EMERGENCY,ATO_HOLD,HC
140.7999999999963,SRC_3,STATION_EVENT,ROUTE_CONFLICT,337.56400092737346,0.0,5.0,ATP_EMERGENCY,ATO_HOLD,HC
140.7999999999963,SRC_3,STATION_EVENT,ROUTE_CONFLICT,337.56400092737346,0.0,5.0,ATP_EMERGENCY,ATO_HOLD,HC
140.89999999999628,SRC_3,STATION_EVENT,ROUTE_CONFLICT,337.56400092737346,0.0,5.0,ATP_EMERGENCY,ATO_HOLD,HC
140.89999999999628,SRC_3,STATION_EVENT,ROUTE_CONFLICT,337.56400092737346,0.0,5.0,ATP_EMERGENCY,ATO_HOLD,HC
140.99999999999628,SRC_3,STATION_EVENT,ROUTE_CONFLICT,337.56400092737346,0.0,5.0,ATP_EMERGENCY,ATO_HOLD,HC
140.99999999999628,SRC_3,STATION_EVENT,ROUTE_CONFLICT,337.56400092737346,0.0,5.0,ATP_EMERGENCY,ATO_HOLD,HC
141.09999999999627,SRC_3,STATION_EVENT,ROUTE_CONFLICT,337.56400092737346,0.0,5.0,ATP_EMERGENCY,ATO_HOLD,HC
141.09999999999627,SRC_3,STATION_EVENT,ROUTE_CONFLICT,337.56400092737346,0.0,5.0,ATP_EMERGENCY,ATO_HOLD,HC
141.19999999999627,SRC_3,STATION_EVENT,ROUTE_CONFLICT,337.56400092737346,0.0,5.0,ATP_EMERGENCY,ATO_HOLD,HC
141.19999999999627,SRC_3,STATION_EVENT,ROUTE_CONFLICT,337.56400092737346,0.0,5.0,ATP_EMERGENCY,ATO_HOLD,HC
141.29999999999626,SRC_3,STATION_EVENT,ROUTE_CONFLICT,337.56400092737346,0.0,5.0,ATP_EMERGENCY,ATO_HOLD,HC
141.29999999999626,SRC_3,STATION_EVENT,ROUTE_CONFLICT,337.56400092737346,0.0,5.0,ATP_EMERGENCY,ATO_HOLD,HC
141.39999999999625,SRC_3,STATION_EVENT,ROUTE_CONFLICT,337.56400092737346,0.0,5.0,ATP_EMERGENCY,ATO_HOLD,HC
141.39999999999625,SRC_3,STATION_EVENT,ROUTE_CONFLICT,337.56400092737346,0.0,5.0,ATP_EMERGENCY,ATO_HOLD,HC
141.49999999999625,SRC_3,STATION_EVENT,ROUTE_CONFLICT,337.56400092737346,0.0,5.0,ATP_EMERGENCY,ATO_HOLD,HC
141.49999999999625,SRC_3,STATION_EVENT,ROUTE_CONFLICT,337.56400092737346,0.0,5.0,ATP_EMERGENCY,ATO_HOLD,HC
141.59999999999624,SRC_3,STATION_EVENT,ROUTE_CONFLICT,337.56400092737346,0.0,5.0,ATP_EMERGENCY,ATO_HOLD,HC
141.59999999999624,SRC_3,STATION_EVENT,ROUTE_CONFLICT,337.56400092737346,0.0,5.0,ATP_EMERGENCY,ATO_HOLD,HC
141.69999999999624,SRC_3,STATION_EVENT,ROUTE_CONFLICT,337.56400092737346,0.0,5.0,ATP_EMERGENCY,ATO_HOLD,HC
141.69999999999624,SRC_3,STATION_EVENT,ROUTE_CONFLICT,337.56400092737346,0.0,5.0,ATP_EMERGENCY,ATO_HOLD,HC
141.79999999999623,SRC_3,STATION_EVENT,ROUTE_CONFLICT,337.56400092737346,0.0,5.0,ATP_EMERGENCY,ATO_HOLD,HC
141.79999999999623,SRC_3,STATION_EVENT,ROUTE_CONFLICT,337.56400092737346,0.0,5.0,ATP_EMERGENCY,ATO_HOLD,HC
141.89999999999623,SRC_3,STATION_EVENT,ROUTE_CONFLICT,337.56400092737346,0.0,5.0,ATP_EMERGENCY,ATO_HOLD,HC
141.89999999999623,SRC_3,STATION_EVENT,ROUTE_CONFLICT,337.56400092737346,0.0,5.0,ATP_EMERGENCY,ATO_HOLD,HC
141.99999999999622,SRC_3,STATION_EVENT,ROUTE_CONFLICT,337.56400092737346,0.0,5.0,ATP_EMERGENCY,ATO_HOLD,HC
141.99999999999622,SRC_3,STATION_EVENT,ROUTE_CONFLICT,337.56400092737346,0.0,5.0,ATP_EMERGENCY,ATO_HOLD,HC
142.09999999999621,SRC_3,STATION_EVENT,ROUTE_CONFLICT,337.56400092737346,0.0,5.0,ATP_EMERGENCY,ATO_HOLD,HC
142.09999999999621,SRC_3,STATION_EVENT,ROUTE_CONFLICT,337.56400092737346,0.0,5.0,ATP_EMERGENCY,ATO_HOLD,HC
142.1999999999962,SRC_3,STATION_EVENT,ROUTE_CONFLICT,337.56400092737346,0.0,5.0,ATP_EMERGENCY,ATO_HOLD,HC
142.1999999999962,SRC_3,STATION_EVENT,ROUTE_CONFLICT,337.56400092737346,0.0,5.0,ATP_EMERGENCY,ATO_HOLD,HC
142.2999999999962,SRC_3,STATION_EVENT,ROUTE_CONFLICT,337.56400092737346,0.0,5.0,ATP_EMERGENCY,ATO_HOLD,HC
142.2999999999962,SRC_3,STATION_EVENT,ROUTE_CONFLICT,337.56400092737346,0.0,5.0,ATP_EMERGENCY,ATO_HOLD,HC
142.3999999999962,SRC_3,STATION_EVENT,ROUTE_CONFLICT,337.56400092737346,0.0,5.0,ATP_EMERGENCY,ATO_HOLD,HC
142.3999999999962,SRC_3,STATION_EVENT,ROUTE_CONFLICT,337.56400092737346,0.0,5.0,ATP_EMERGENCY,ATO_HOLD,HC
142.4999999999962,SRC_3,STATION_EVENT,ROUTE_CONFLICT,337.56400092737346,0.0,5.0,ATP_EMERGENCY,ATO_HOLD,HC
142.4999999999962,SRC_3,STATION_EVENT,ROUTE_CONFLICT,337.56400092737346,0.0,5.0,ATP_EMERGENCY,ATO_HOLD,HC
142.5999999999962,SRC_3,STATION_EVENT,ROUTE_CONFLICT,337.56400092737346,0.0,5.0,ATP_EMERGENCY,ATO_HOLD,HC
142.5999999999962,SRC_3,STATION_EVENT,ROUTE_CONFLICT,337.56400092737346,0.0,5.0,ATP_EMERGENCY,ATO_HOLD,HC
142.69999999999618,SRC_3,STATION_EVENT,ROUTE_CONFLICT,337.56400092737346,0.0,5.0,ATP_EMERGENCY,ATO_HOLD,HC
142.69999999999618,SRC_3,STATION_EVENT,ROUTE_CONFLICT,337.56400092737346,0.0,5.0,ATP_EMERGENCY,ATO_HOLD,HC
142.79999999999617,SRC_3,STATION_EVENT,ROUTE_CONFLICT,337.56400092737346,0.0,5.0,ATP_EMERGENCY,ATO_HOLD,HC
142.79999999999617,SRC_3,STATION_EVENT,ROUTE_CONFLICT,337.56400092737346,0.0,5.0,ATP_EMERGENCY,ATO_HOLD,HC
142.89999999999617,SRC_3,STATION_EVENT,ROUTE_CONFLICT,337.56400092737346,0.0,5.0,ATP_EMERGENCY,ATO_HOLD,HC
142.89999999999617,SRC_3,STATION_EVENT,ROUTE_CONFLICT,337.56400092737346,0.0,5.0,ATP_EMERGENCY,ATO_HOLD,HC
142.99999999999616,SRC_3,STATION_EVENT,ROUTE_CONFLICT,337.56400092737346,0.0,5.0,ATP_EMERGENCY,ATO_HOLD,HC
142.99999999999616,SRC_3,STATION_EVENT,ROUTE_CONFLICT,337.56400092737346,0.0,5.0,ATP_EMERGENCY,ATO_HOLD,HC
143.09999999999616,SRC_3,STATION_EVENT,ROUTE_CONFLICT,337.56400092737346,0.0,5.0,ATP_EMERGENCY,ATO_HOLD,HC
143.09999999999616,SRC_3,STATION_EVENT,ROUTE_CONFLICT,337.56400092737346,0.0,5.0,ATP_EMERGENCY,ATO_HOLD,HC
143.19999999999615,SRC_3,STATION_EVENT,ROUTE_CONFLICT,337.56400092737346,0.0,5.0,ATP_EMERGENCY,ATO_HOLD,HC
143.19999999999615,SRC_3,STATION_EVENT,ROUTE_CONFLICT,337.56400092737346,0.0,5.0,ATP_EMERGENCY,ATO_HOLD,HC
143.29999999999615,SRC_3,STATION_EVENT,ROUTE_CONFLICT,337.56400092737346,0.0,5.0,ATP_EMERGENCY,ATO_HOLD,HC
143.29999999999615,SRC_3,STATION_EVENT,ROUTE_CONFLICT,337.56400092737346,0.0,5.0,ATP_EMERGENCY,ATO_HOLD,HC
143.39999999999614,SRC_3,STATION_EVENT,ROUTE_CONFLICT,337.56400092737346,0.0,5.0,ATP_EMERGENCY,ATO_HOLD,HC
143.39999999999614,SRC_3,STATION_EVENT,ROUTE_CONFLICT,337.56400092737346,0.0,5.0,ATP_EMERGENCY,ATO_HOLD,HC
143.49999999999613,SRC_3,STATION_EVENT,ROUTE_CONFLICT,337.56400092737346,0.0,5.0,ATP_EMERGENCY,ATO_HOLD,HC
143.49999999999613,SRC_3,STATION_EVENT,ROUTE_CONFLICT,337.56400092737346,0.0,5.0,ATP_EMERGENCY,ATO_HOLD,HC
143.59999999999613,SRC_3,STATION_EVENT,ROUTE_CONFLICT,337.56400092737346,0.0,5.0,ATP_EMERGENCY,ATO_HOLD,HC
143.59999999999613,SRC_3,STATION_EVENT,ROUTE_CONFLICT,337.56400092737346,0.0,5.0,ATP_EMERGENCY,ATO_HOLD,HC
143.69999999999612,SRC_3,STATION_EVENT,ROUTE_CONFLICT,337.56400092737346,0.0,5.0,ATP_EMERGENCY,ATO_HOLD,HC
143.69999999999612,SRC_3,STATION_EVENT,ROUTE_CONFLICT,337.56400092737346,0.0,5.0,ATP_EMERGENCY,ATO_HOLD,HC
143.79999999999612,SRC_3,STATION_EVENT,ROUTE_CONFLICT,337.56400092737346,0.0,5.0,ATP_EMERGENCY,ATO_HOLD,HC
143.79999999999612,SRC_3,STATION_EVENT,ROUTE_CONFLICT,337.56400092737346,0.0,5.0,ATP_EMERGENCY,ATO_HOLD,HC
143.8999999999961,SRC_3,STATION_EVENT,ROUTE_CONFLICT,337.56400092737346,0.0,5.0,ATP_EMERGENCY,ATO_HOLD,HC
143.8999999999961,SRC_3,STATION_EVENT,ROUTE_CONFLICT,337.56400092737346,0.0,5.0,ATP_EMERGENCY,ATO_HOLD,HC
143.9999999999961,SRC_3,STATION_EVENT,ROUTE_CONFLICT,337.56400092737346,0.0,5.0,ATP_EMERGENCY,ATO_HOLD,HC
143.9999999999961,SRC_3,STATION_EVENT,ROUTE_CONFLICT,337.56400092737346,0.0,5.0,ATP_EMERGENCY,ATO_HOLD,HC
144.0999999999961,SRC_3,STATION_EVENT,ROUTE_CONFLICT,337.56400092737346,0.0,5.0,ATP_EMERGENCY,ATO_HOLD,HC
144.0999999999961,SRC_3,STATION_EVENT,ROUTE_CONFLICT,337.56400092737346,0.0,5.0,ATP_EMERGENCY,ATO_HOLD,HC
144.1999999999961,SRC_3,STATION_EVENT,ROUTE_CONFLICT,337.56400092737346,0.0,5.0,ATP_EMERGENCY,ATO_HOLD,HC
144.1999999999961,SRC_3,STATION_EVENT,ROUTE_CONFLICT,337.56400092737346,0.0,5.0,ATP_EMERGENCY,ATO_HOLD,HC
144.2999999999961,SRC_3,STATION_EVENT,ROUTE_CONFLICT,337.56400092737346,0.0,5.0,ATP_EMERGENCY,ATO_HOLD,HC
144.2999999999961,SRC_3,STATION_EVENT,ROUTE_CONFLICT,337.56400092737346,0.0,5.0,ATP_EMERGENCY,ATO_HOLD,HC
144.39999999999608,SRC_3,STATION_EVENT,ROUTE_CONFLICT,337.56400092737346,0.0,5.0,ATP_EMERGENCY,ATO_HOLD,HC
144.39999999999608,SRC_3,STATION_EVENT,ROUTE_CONFLICT,337.56400092737346,0.0,5.0,ATP_EMERGENCY,ATO_HOLD,HC
144.49999999999608,SRC_3,STATION_EVENT,ROUTE_CONFLICT,337.56400092737346,0.0,5.0,ATP_EMERGENCY,ATO_HOLD,HC
144.49999999999608,SRC_3,STATION_EVENT,ROUTE_CONFLICT,337.56400092737346,0.0,5.0,ATP_EMERGENCY,ATO_HOLD,HC
144.59999999999607,SRC_3,STATION_EVENT,ROUTE_CONFLICT,337.56400092737346,0.0,5.0,ATP_EMERGENCY,ATO_HOLD,HC
144.59999999999607,SRC_3,STATION_EVENT,ROUTE_CONFLICT,337.56400092737346,0.0,5.0,ATP_EMERGENCY,ATO_HOLD,HC
144.69999999999607,SRC_3,STATION_EVENT,ROUTE_CONFLICT,337.56400092737346,0.0,5.0,ATP_EMERGENCY,ATO_HOLD,HC
144.69999999999607,SRC_3,STATION_EVENT,ROUTE_CONFLICT,337.56400092737346,0.0,5.0,ATP_EMERGENCY,ATO_HOLD,HC
144.79999999999606,SRC_3,STATION_EVENT,ROUTE_CONFLICT,337.56400092737346,0.0,5.0,ATP_EMERGENCY,ATO_HOLD,HC
144.79999999999606,SRC_3,STATION_EVENT,ROUTE_CONFLICT,337.56400092737346,0.0,5.0,ATP_EMERGENCY,ATO_HOLD,HC
144.89999999999606,SRC_3,STATION_EVENT,ROUTE_CONFLICT,337.56400092737346,0.0,5.0,ATP_EMERGENCY,ATO_HOLD,HC
144.89999999999606,SRC_3,STATION_EVENT,ROUTE_CONFLICT,337.56400092737346,0.0,5.0,ATP_EMERGENCY,ATO_HOLD,HC
144.99999999999605,SRC_3,STATION_EVENT,ROUTE_CONFLICT,337.56400092737346,0.0,5.0,ATP_EMERGENCY,ATO_HOLD,HC
144.99999999999605,SRC_3,STATION_EVENT,ROUTE_CONFLICT,337.56400092737346,0.0,5.0,ATP_EMERGENCY,ATO_HOLD,HC
145.09999999999604,SRC_3,STATION_EVENT,ROUTE_CONFLICT,337.56400092737346,0.0,5.0,ATP_EMERGENCY,ATO_HOLD,HC
145.09999999999604,SRC_3,STATION_EVENT,ROUTE_CONFLICT,337.56400092737346,0.0,5.0,ATP_EMERGENCY,ATO_HOLD,HC
145.19999999999604,SRC_3,STATION_EVENT,ROUTE_CONFLICT,337.56400092737346,0.0,5.0,ATP_EMERGENCY,ATO_HOLD,HC
145.19999999999604,SRC_3,STATION_EVENT,ROUTE_CONFLICT,337.56400092737346,0.0,5.0,ATP_EMERGENCY,ATO_HOLD,HC
145.29999999999603,SRC_3,STATION_EVENT,ROUTE_CONFLICT,337.56400092737346,0.0,5.0,ATP_EMERGENCY,ATO_HOLD,HC
145.29999999999603,SRC_3,STATION_EVENT,ROUTE_CONFLICT,337.56400092737346,0.0,5.0,ATP_EMERGENCY,ATO_HOLD,HC
145.39999999999603,SRC_3,STATION_EVENT,ROUTE_CONFLICT,337.56400092737346,0.0,5.0,ATP_EMERGENCY,ATO_HOLD,HC
145.39999999999603,SRC_3,STATION_EVENT,ROUTE_CONFLICT,337.56400092737346,0.0,5.0,ATP_EMERGENCY,ATO_HOLD,HC
145.49999999999602,SRC_3,STATION_EVENT,ROUTE_CONFLICT,337.56400092737346,0.0,5.0,ATP_EMERGENCY,ATO_HOLD,HC
145.49999999999602,SRC_3,STATION_EVENT,ROUTE_CONFLICT,337.56400092737346,0.0,5.0,ATP_EMERGENCY,ATO_HOLD,HC
145.59999999999602,SRC_3,STATION_EVENT,ROUTE_CONFLICT,337.56400092737346,0.0,5.0,ATP_EMERGENCY,ATO_HOLD,HC
145.59999999999602,SRC_3,STATION_EVENT,ROUTE_CONFLICT,337.56400092737346,0.0,5.0,ATP_EMERGENCY,ATO_HOLD,HC
145.699999999996,SRC_3,STATION_EVENT,ROUTE_CONFLICT,337.56400092737346,0.0,5.0,ATP_EMERGENCY,ATO_HOLD,HC
145.699999999996,SRC_3,STATION_EVENT,ROUTE_CONFLICT,337.56400092737346,0.0,5.0,ATP_EMERGENCY,ATO_HOLD,HC
145.799999999996,SRC_3,STATION_EVENT,ROUTE_CONFLICT,337.56400092737346,0.0,5.0,ATP_EMERGENCY,ATO_HOLD,HC
145.799999999996,SRC_3,STATION_EVENT,ROUTE_CONFLICT,337.56400092737346,0.0,5.0,ATP_EMERGENCY,ATO_HOLD,HC
145.899999999996,SRC_3,STATION_EVENT,ROUTE_CONFLICT,337.56400092737346,0.0,5.0,ATP_EMERGENCY,ATO_HOLD,HC
145.899999999996,SRC_3,STATION_EVENT,ROUTE_CONFLICT,337.56400092737346,0.0,5.0,ATP_EMERGENCY,ATO_HOLD,HC
145.999999999996,SRC_3,STATION_EVENT,ROUTE_CONFLICT,337.56400092737346,0.0,5.0,ATP_EMERGENCY,ATO_HOLD,HC
145.999999999996,SRC_3,STATION_EVENT,ROUTE_CONFLICT,337.56400092737346,0.0,5.0,ATP_EMERGENCY,ATO_HOLD,HC
146.099999999996,SRC_3,STATION_EVENT,ROUTE_CONFLICT,337.56400092737346,0.0,5.0,ATP_EMERGENCY,ATO_HOLD,HC
146.099999999996,SRC_3,STATION_EVENT,ROUTE_CONFLICT,337.56400092737346,0.0,5.0,ATP_EMERGENCY,ATO_HOLD,HC
146.19999999999598,SRC_3,STATION_EVENT,ROUTE_CONFLICT,337.56400092737346,0.0,5.0,ATP_EMERGENCY,ATO_HOLD,HC
146.19999999999598,SRC_3,STATION_EVENT,ROUTE_CONFLICT,337.56400092737346,0.0,5.0,ATP_EMERGENCY,ATO_HOLD,HC
146.29999999999598,SRC_3,STATION_EVENT,ROUTE_CONFLICT,337.56400092737346,0.0,5.0,ATP_EMERGENCY,ATO_HOLD,HC
146.29999999999598,SRC_3,STATION_EVENT,ROUTE_CONFLICT,337.56400092737346,0.0,5.0,ATP_EMERGENCY,ATO_HOLD,HC
146.39999999999597,SRC_3,STATION_EVENT,ROUTE_CONFLICT,337.56400092737346,0.0,5.0,ATP_EMERGENCY,ATO_HOLD,HC
146.39999999999597,SRC_3,STATION_EVENT,ROUTE_CONFLICT,337.56400092737346,0.0,5.0,ATP_EMERGENCY,ATO_HOLD,HC
146.49999999999596,SRC_3,STATION_EVENT,ROUTE_CONFLICT,337.56400092737346,0.0,5.0,ATP_EMERGENCY,ATO_HOLD,HC
146.49999999999596,SRC_3,STATION_EVENT,ROUTE_CONFLICT,337.56400092737346,0.0,5.0,ATP_EMERGENCY,ATO_HOLD,HC
146.59999999999596,SRC_3,STATION_EVENT,ROUTE_CONFLICT,337.56400092737346,0.0,5.0,ATP_EMERGENCY,ATO_HOLD,HC
146.59999999999596,SRC_3,STATION_EVENT,ROUTE_CONFLICT,337.56400092737346,0.0,5.0,ATP_EMERGENCY,ATO_HOLD,HC
146.69999999999595,SRC_3,STATION_EVENT,ROUTE_CONFLICT,337.56400092737346,0.0,5.0,ATP_EMERGENCY,ATO_HOLD,HC
146.69999999999595,SRC_3,STATION_EVENT,ROUTE_CONFLICT,337.56400092737346,0.0,5.0,ATP_EMERGENCY,ATO_HOLD,HC
146.79999999999595,SRC_3,STATION_EVENT,ROUTE_CONFLICT,337.56400092737346,0.0,5.0,ATP_EMERGENCY,ATO_HOLD,HC
146.79999999999595,SRC_3,STATION_EVENT,ROUTE_CONFLICT,337.56400092737346,0.0,5.0,ATP_EMERGENCY,ATO_HOLD,HC
146.89999999999594,SRC_3,STATION_EVENT,ROUTE_CONFLICT,337.56400092737346,0.0,5.0,ATP_EMERGENCY,ATO_HOLD,HC
146.89999999999594,SRC_3,STATION_EVENT,ROUTE_CONFLICT,337.56400092737346,0.0,5.0,ATP_EMERGENCY,ATO_HOLD,HC
146.99999999999594,SRC_3,STATION_EVENT,ROUTE_CONFLICT,337.56400092737346,0.0,5.0,ATP_EMERGENCY,ATO_HOLD,HC
146.99999999999594,SRC_3,STATION_EVENT,ROUTE_CONFLICT,337.56400092737346,0.0,5.0,ATP_EMERGENCY,ATO_HOLD,HC
147.09999999999593,SRC_3,STATION_EVENT,ROUTE_CONFLICT,337.56400092737346,0.0,5.0,ATP_EMERGENCY,ATO_HOLD,HC
147.09999999999593,SRC_3,STATION_EVENT,ROUTE_CONFLICT,337.56400092737346,0.0,5.0,ATP_EMERGENCY,ATO_HOLD,HC
147.19999999999592,SRC_3,STATION_EVENT,ROUTE_CONFLICT,337.56400092737346,0.0,5.0,ATP_EMERGENCY,ATO_HOLD,HC
147.19999999999592,SRC_3,STATION_EVENT,ROUTE_CONFLICT,337.56400092737346,0.0,5.0,ATP_EMERGENCY,ATO_HOLD,HC
147.29999999999592,SRC_3,STATION_EVENT,ROUTE_CONFLICT,337.56400092737346,0.0,5.0,ATP_EMERGENCY,ATO_HOLD,HC
147.29999999999592,SRC_3,STATION_EVENT,ROUTE_CONFLICT,337.56400092737346,0.0,5.0,ATP_EMERGENCY,ATO_HOLD,HC
147.3999999999959,SRC_3,STATION_EVENT,ROUTE_CONFLICT,337.56400092737346,0.0,5.0,ATP_EMERGENCY,ATO_HOLD,HC
147.3999999999959,SRC_3,STATION_EVENT,ROUTE_CONFLICT,337.56400092737346,0.0,5.0,ATP_EMERGENCY,ATO_HOLD,HC
147.4999999999959,SRC_3,STATION_EVENT,ROUTE_CONFLICT,337.56400092737346,0.0,5.0,ATP_EMERGENCY,ATO_HOLD,HC
147.4999999999959,SRC_3,STATION_EVENT,ROUTE_CONFLICT,337.56400092737346,0.0,5.0,ATP_EMERGENCY,ATO_HOLD,HC
147.5999999999959,SRC_3,STATION_EVENT,ROUTE_CONFLICT,337.56400092737346,0.0,5.0,ATP_EMERGENCY,ATO_HOLD,HC
147.5999999999959,SRC_3,STATION_EVENT,ROUTE_CONFLICT,337.56400092737346,0.0,5.0,ATP_EMERGENCY,ATO_HOLD,HC
147.6999999999959,SRC_3,STATION_EVENT,ROUTE_CONFLICT,337.56400092737346,0.0,5.0,ATP_EMERGENCY,ATO_HOLD,HC
147.6999999999959,SRC_3,STATION_EVENT,ROUTE_CONFLICT,337.56400092737346,0.0,5.0,ATP_EMERGENCY,ATO_HOLD,HC
147.7999999999959,SRC_3,STATION_EVENT,ROUTE_CONFLICT,337.56400092737346,0.0,5.0,ATP_EMERGENCY,ATO_HOLD,HC
147.7999999999959,SRC_3,STATION_EVENT,ROUTE_CONFLICT,337.56400092737346,0.0,5.0,ATP_EMERGENCY,ATO_HOLD,HC
147.89999999999588,SRC_3,STATION_EVENT,ROUTE_CONFLICT,337.56400092737346,0.0,5.0,ATP_EMERGENCY,ATO_HOLD,HC
147.89999999999588,SRC_3,STATION_EVENT,ROUTE_CONFLICT,337.56400092737346,0.0,5.0,ATP_EMERGENCY,ATO_HOLD,HC
147.99999999999588,SRC_3,STATION_EVENT,ROUTE_CONFLICT,337.56400092737346,0.0,5.0,ATP_EMERGENCY,ATO_HOLD,HC
147.99999999999588,SRC_3,STATION_EVENT,ROUTE_CONFLICT,337.56400092737346,0.0,5.0,ATP_EMERGENCY,ATO_HOLD,HC
148.09999999999587,SRC_3,STATION_EVENT,ROUTE_CONFLICT,337.56400092737346,0.0,5.0,ATP_EMERGENCY,ATO_HOLD,HC
148.09999999999587,SRC_3,STATION_EVENT,ROUTE_CONFLICT,337.56400092737346,0.0,5.0,ATP_EMERGENCY,ATO_HOLD,HC
148.19999999999587,SRC_3,STATION_EVENT,ROUTE_CONFLICT,337.56400092737346,0.0,5.0,ATP_EMERGENCY,ATO_HOLD,HC
148.19999999999587,SRC_3,STATION_EVENT,ROUTE_CONFLICT,337.56400092737346,0.0,5.0,ATP_EMERGENCY,ATO_HOLD,HC
148.29999999999586,SRC_3,STATION_EVENT,ROUTE_CONFLICT,337.56400092737346,0.0,5.0,ATP_EMERGENCY,ATO_HOLD,HC
148.29999999999586,SRC_3,STATION_EVENT,ROUTE_CONFLICT,337.56400092737346,0.0,5.0,ATP_EMERGENCY,ATO_HOLD,HC
148.39999999999586,SRC_3,STATION_EVENT,ROUTE_CONFLICT,337.56400092737346,0.0,5.0,ATP_EMERGENCY,ATO_HOLD,HC
148.39999999999586,SRC_3,STATION_EVENT,ROUTE_CONFLICT,337.56400092737346,0.0,5.0,ATP_EMERGENCY,ATO_HOLD,HC
148.49999999999585,SRC_3,STATION_EVENT,ROUTE_CONFLICT,337.56400092737346,0.0,5.0,ATP_EMERGENCY,ATO_HOLD,HC
148.49999999999585,SRC_3,STATION_EVENT,ROUTE_CONFLICT,337.56400092737346,0.0,5.0,ATP_EMERGENCY,ATO_HOLD,HC
148.59999999999584,SRC_3,STATION_EVENT,ROUTE_CONFLICT,337.56400092737346,0.0,5.0,ATP_EMERGENCY,ATO_HOLD,HC
148.59999999999584,SRC_3,STATION_EVENT,ROUTE_CONFLICT,337.56400092737346,0.0,5.0,ATP_EMERGENCY,ATO_HOLD,HC
148.69999999999584,SRC_3,STATION_EVENT,ROUTE_CONFLICT,337.56400092737346,0.0,5.0,ATP_EMERGENCY,ATO_HOLD,HC
148.69999999999584,SRC_3,STATION_EVENT,ROUTE_CONFLICT,337.56400092737346,0.0,5.0,ATP_EMERGENCY,ATO_HOLD,HC
148.79999999999583,SRC_3,STATION_EVENT,ROUTE_CONFLICT,337.56400092737346,0.0,5.0,ATP_EMERGENCY,ATO_HOLD,HC
148.79999999999583,SRC_3,STATION_EVENT,ROUTE_CONFLICT,337.56400092737346,0.0,5.0,ATP_EMERGENCY,ATO_HOLD,HC
148.89999999999583,SRC_3,STATION_EVENT,ROUTE_CONFLICT,337.56400092737346,0.0,5.0,ATP_EMERGENCY,ATO_HOLD,HC
148.89999999999583,SRC_3,STATION_EVENT,ROUTE_CONFLICT,337.56400092737346,0.0,5.0,ATP_EMERGENCY,ATO_HOLD,HC
148.99999999999582,SRC_3,STATION_EVENT,ROUTE_CONFLICT,337.56400092737346,0.0,5.0,ATP_EMERGENCY,ATO_HOLD,HC
148.99999999999582,SRC_3,STATION_EVENT,ROUTE_CONFLICT,337.56400092737346,0.0,5.0,ATP_EMERGENCY,ATO_HOLD,HC
149.09999999999582,SRC_3,STATION_EVENT,ROUTE_CONFLICT,337.56400092737346,0.0,5.0,ATP_EMERGENCY,ATO_HOLD,HC
149.09999999999582,SRC_3,STATION_EVENT,ROUTE_CONFLICT,337.56400092737346,0.0,5.0,ATP_EMERGENCY,ATO_HOLD,HC
149.1999999999958,SRC_3,STATION_EVENT,ROUTE_CONFLICT,337.56400092737346,0.0,5.0,ATP_EMERGENCY,ATO_HOLD,HC
149.1999999999958,SRC_3,STATION_EVENT,ROUTE_CONFLICT,337.56400092737346,0.0,5.0,ATP_EMERGENCY,ATO_HOLD,HC
137.2999999999965,SRC_4,STATION_EVENT,ROUTE_CONFLICT,204.19975895516384,9.202138872700994,24.055865612306576,ATP_OK,ATO_CREEP,QT
137.2999999999965,SRC_4,STATION_EVENT,ROUTE_CONFLICT,204.19975895516384,9.202138872700994,24.055865612306576,ATP_OK,ATO_CREEP,QT
137.39999999999648,SRC_4,STATION_EVENT,ROUTE_CONFLICT,204.4553643254998,9.201447791487503,23.800241044836156,ATP_OK,ATO_CREEP,QT
137.39999999999648,SRC_4,STATION_EVENT,ROUTE_CONFLICT,204.4553643254998,9.201447791487503,23.800241044836156,ATP_OK,ATO_CREEP,QT
137.49999999999648,SRC_4,STATION_EVENT,ROUTE_CONFLICT,204.71095049956946,9.200756741527616,23.5446356745002,ATP_OK,ATO_CREEP,QT
137.49999999999648,SRC_4,STATION_EVENT,ROUTE_CONFLICT,204.71095049956946,9.200756741527616,23.5446356745002,ATP_OK,ATO_CREEP,QT
137.59999999999647,SRC_4,STATION_EVENT,ROUTE_CONFLICT,204.96651747824095,9.20006572281939,23.089049500430548,ATP_OK,ATO_CREEP,QT
137.59999999999647,SRC_4,STATION_EVENT,ROUTE_CONFLICT,204.96651747824095,9.20006572281939,23.089049500430548,ATP_OK,ATO_CREEP,QT
137.69999999999646,SRC_4,STATION_EVENT,ROUTE_CONFLICT,205.22206526238233,9.199374735360884,22.833482521759066,ATP_OK,ATO_CREEP,QT
137.69999999999646,SRC_4,STATION_EVENT,ROUTE_CONFLICT,205.22206526238233,9.199374735360884,22.833482521759066,ATP_OK,ATO_CREEP,QT
137.79999999999646,SRC_4,STATION_EVENT,ROUTE_CONFLICT,205.47759385286165,9.19868377915015,22.57793473761768,ATP_OK,ATO_CREEP,QT
137.79999999999646,SRC_4,STATION_EVENT,ROUTE_CONFLICT,205.47759385286165,9.19868377915015,22.57793473761768,ATP_OK,ATO_CREEP,QT
137.89999999999645,SRC_4,STATION_EVENT,ROUTE_CONFLICT,205.73310325054686,9.197992854185246,22.322406147138366,ATP_OK,ATO_CREEP,QT
137.89999999999645,SRC_4,STATION_EVENT,ROUTE_CONFLICT,205.73310325054686,9.197992854185246,22.322406147138366,ATP_OK,ATO_CREEP,QT
137.99999999999645,SRC_4,STATION_EVENT,ROUTE_CONFLICT,205.98821845630587,9.17030196046423,22.06689674945315,ATP_OK,ATO_CREEP,QT
137.99999999999645,SRC_4,STATION_EVENT,ROUTE_CONFLICT,205.98821845630587,9.17030196046423,22.06689674945315,ATP_OK,ATO_CREEP,QT
138.09999999999644,SRC_4,STATION_EVENT,ROUTE_CONFLICT,206.24218948795814,9.115612318499213,21.81178154369414,ATP_OK,ATO_CREEP,QT
138.09999999999644,SRC_4,STATION_EVENT,ROUTE_CONFLICT,206.24218948795814,9.115612318499213,21.81178154369414,ATP_OK,ATO_CREEP,QT
138.19999999999644,SRC_4,STATION_EVENT,ROUTE_CONFLICT,206.4943814066904,9.042205830222077,21.55781051204187,ATP_OK,ATO_CREEP,QT
138.19999999999644,SRC_4,STATION_EVENT,ROUTE_CONFLICT,206.4943814066904,9.042205830222077,21.55781051204187,ATP_OK,ATO_CREEP,QT
138.29999999999643,SRC_4,STATION_EVENT,ROUTE_CONFLICT,206.74431825483217,8.95324723598521,21.305618593309617,ATP_OK,ATO_CREEP,QT
138.29999999999643,SRC_4,STATION_EVENT,ROUTE_CONFLICT,206.74431825483217,8.95324723598521,21.305618593309617,ATP_OK,ATO_CREEP,QT
138.39999999999642,SRC_4,STATION_EVENT,ROUTE_CONFLICT,206.99156638100953,8.84861784878462,21.055681745167846,ATP_OK,ATO_CREEP,QT
138.39999999999642,SRC_4,STATION_EVENT,ROUTE_CONFLICT,206.99156638100953,8.84861784878462,21.055681745167846,ATP_OK,ATO_CREEP,QT
138.49999999999642,SRC_4,STATION_EVENT,ROUTE_CONFLICT,207.23557849116227,8.720254082212268,20.808433618990477,ATP_OK,ATO_CREEP,HD
138.49999999999642,SRC_4,STATION_EVENT,ROUTE_CONFLICT,207.23557849116227,8.720254082212268,20.808433618990477,ATP_OK,ATO_CREEP,HD
138.5999999999964,SRC_4,STATION_EVENT,ROUTE_CONFLICT,207.47591596093517,8.584043741436483,20.56442150883774,ATP_OK,ATO_CREEP,HD
138.5999999999964,SRC_4,STATION_EVENT,ROUTE_CONFLICT,207.47591596093517,8.584043741436483,20.56442150883774,ATP_OK,ATO_CREEP,HD
138.6999999999964,SRC_4,STATION_EVENT,ROUTE_CONFLICT,207.71224975489056,8.431989423352816,20.324084039064843,ATP_WARNING,ATO_CREEP,HD
138.6999999999964,SRC_4,STATION_EVENT,ROUTE_CONFLICT,207.71224975489056,8.431989423352816,20.324084039064843,ATP_WARNING,ATO_CREEP,HD
138.7999999999964,SRC_4,STATION_EVENT,ROUTE_CONFLICT,207.9441396117878,8.264080273246954,20.087750245109447,ATP_WARNING,ATO_CREEP,HD
138.7999999999964,SRC_4,STATION_EVENT,ROUTE_CONFLICT,207.9441396117878,8.264080273246954,20.087750245109447,ATP_WARNING,ATO_CREEP,HD
138.8999999999964,SRC_4,STATION_EVENT,ROUTE_CONFLICT,208.17174042888036,8.123178557418498,19.85586038821222,ATP_WARNING,ATO_CREEP,HD
138.8999999999964,SRC_4,STATION_EVENT,ROUTE_CONFLICT,208.17174042888036,8.123178557418498,19.85586038821222,ATP_WARNING,ATO_CREEP,HD
138.9999999999964,SRC_4,STATION_EVENT,ROUTE_CONFLICT,208.39544018141393,7.983203624999351,19.628259571119656,ATP_CUTOFF,ATO_CREEP,HD
138.9999999999964,SRC_4,STATION_EVENT,ROUTE_CONFLICT,208.39544018141393,7.983203624999351,19.628259571119656,ATP_CUTOFF,ATO_CREEP,HD
139.09999999999638,SRC_4,STATION_EVENT,ROUTE_CONFLICT,208.61506448712706,7.829746386346368,19.40455981858608,ATP_OK,ATO_CREEP,HD
139.09999999999638,SRC_4,STATION_EVENT,ROUTE_CONFLICT,208.61506448712706,7.829746386346368,19.40455981858608,ATP_OK,ATO_CREEP,HD
139.19999999999638,SRC_4,STATION_EVENT,ROUTE_CONFLICT,208.83005118508763,7.649295866814317,19.184935512872954,ATP_OK,ATO_CREEP,HD
139.19999999999638,SRC_4,STATION_EVENT,ROUTE_CONFLICT,208.83005118508763,7.649295866814317,19.184935512872954,ATP_OK,ATO_CREEP,HD
139.29999999999637,SRC_4,STATION_EVENT,ROUTE_CONFLICT,209.04040047788823,7.495853214828903,18.969948814912385,ATP_WARNING,ATO_CREEP,HD
139.29999999999637,SRC_4,STATION_EVENT,ROUTE_CONFLICT,209.04040047788823,7.495853214828903,18.969948814912385,ATP_WARNING,ATO_CREEP,HD
139.39999999999637,SRC_4,STATION_EVENT,ROUTE_CONFLICT,209.24622299588256,7.323368080763439,18.759599522111785,ATP_WARNING,ATO_CREEP,HD
139.39999999999637,SRC_4,STATION_EVENT,ROUTE_CONFLICT,209.24622299588256,7.323368080763439,18.759599522111785,ATP_WARNING,ATO_CREEP,HD
139.49999999999636,SRC_4,STATION_EVENT,ROUTE_CONFLICT,209.44762936372277,7.1778904037306495,18.55377700411745,ATP_WARNING,ATO_CREEP,HD
139.49999999999636,SRC_4,STATION_EVENT,ROUTE_CONFLICT,209.44762936372277,7.1778904037306495,18.55377700411745,ATP_WARNING,ATO_CREEP,HD
139.59999999999636,SRC_4,STATION_EVENT,ROUTE_CONFLICT,209.6451133497733,7.040956591907563,18.352370636277243,ATP_CUTOFF,ATO_CREEP,HD
139.59999999999636,SRC_4,STATION_EVENT,ROUTE_CONFLICT,209.6451133497733,7.040956591907563,18.352370636277243,ATP_CUTOFF,ATO_CREEP,HD
139.69999999999635,SRC_4,STATION_EVENT,ROUTE_CONFLICT,209.83879370041726,6.90402865445729,18.1548866502267,ATP_CUTOFF,ATO_CREEP,HD
139.69999999999635,SRC_4,STATION_EVENT,ROUTE_CONFLICT,209.83879370041726,6.90402865445729,18.1548866502267,ATP_CUTOFF,ATO_CREEP,HD
139.79999999999634,SRC_4,STATION_EVENT,ROUTE_CONFLICT,210.0282955785388,6.7401065702948655,17.961206299582756,ATP_OK,ATO_CREEP,HD
139.79999999999634,SRC_4,STATION_EVENT,ROUTE_CONFLICT,210.0282955785388,6.7401065702948655,17.961206299582756,ATP_OK,ATO_CREEP,HD
139.89999999999634,SRC_4,STATION_EVENT,ROUTE_CONFLICT,210.21286916237548,6.549191465947099,17.77170442146121,ATP_WARNING,ATO_CREEP,HD
139.89999999999634,SRC_4,STATION_EVENT,ROUTE_CONFLICT,210.21286916237548,6.549191465947099,17.77170442146121,ATP_WARNING,ATO_CREEP,HD
139.99999999999633,SRC_4,STATION_EVENT,ROUTE_CONFLICT,210.39251466125174,6.385284453143386,17.587130837624528,ATP_WARNING,ATO_CREEP,HD
139.99999999999633,SRC_4,STATION_EVENT,ROUTE_CONFLICT,210.39251466125174,6.385284453143386,17.587130837624528,ATP_WARNING,ATO_CREEP,HD
140.09999999999633,SRC_4,STATION_EVENT,ROUTE_CONFLICT,210.56798228358556,6.248384354891404,17.407485338748273,ATP_WARNING,ATO_CREEP,HD
140.09999999999633,SRC_4,STATION_EVENT,ROUTE_CONFLICT,210.56798228358556,6.248384354891404,17.407485338748273,ATP_WARNING,ATO_CREEP,HD
140.19999999999632,SRC_4,STATION_EVENT,ROUTE_CONFLICT,210.73966803863968,6.112990009004251,17.232017716414447,ATP_WARNING,ATO_CREEP,HD
140.19999999999632,SRC_4,STATION_EVENT,ROUTE_CONFLICT,210.73966803863968,6.112990009004251,17.232017716414447,ATP_WARNING,ATO_CREEP,HD
140.29999999999632,SRC_4,STATION_EVENT,ROUTE_CONFLICT,210.90761375170544,5.979101331730423,17.060331961360333,ATP_CUTOFF,ATO_CREEP,HD
140.29999999999632,SRC_4,STATION_EVENT,ROUTE_CONFLICT,210.90761375170544,5.979101331730423,17.060331961360333,ATP_CUTOFF,ATO_CREEP,HD
140.3999999999963,SRC_4,STATION_EVENT,ROUTE_CONFLICT,211.07146541242395,5.8182182400014755,16.89238624829457,ATP_OK,ATO_CREEP,HD
140.3999999999963,SRC_4,STATION_EVENT,ROUTE_CONFLICT,211.07146541242395,5.8182182400014755,16.89238624829457,ATP_OK,ATO_CREEP,HD
140.4999999999963,SRC_4,STATION_EVENT,ROUTE_CONFLICT,211.23047319122423,5.630341833619209,16.728534587576064,ATP_OK,ATO_CREEP,HD
140.4999999999963,SRC_4,STATION_EVENT,ROUTE_CONFLICT,211.23047319122423,5.630341833619209,16.728534587576064,ATP_OK,ATO_CREEP,HD
140.5999999999963,SRC_4,STATION_EVENT,ROUTE_CONFLICT,211.3846372888837,5.469473197863568,16.569526808775777,ATP_WARNING,ATO_CREEP,HD
140.5999999999963,SRC_4,STATION_EVENT,ROUTE_CONFLICT,211.3846372888837,5.469473197863568,16.569526808775777,ATP_WARNING,ATO_CREEP,HD
140.6999999999963,SRC_4,STATION_EVENT,ROUTE_CONFLICT,211.53414562338904,5.295126886520916,16.415362711116302,ATP_WARNING,ATO_CREEP,HD
140.6999999999963,SRC_4,STATION_EVENT,ROUTE_CONFLICT,211.53414562338904,5.295126886520916,16.415362711116302,ATP_WARNING,ATO_CREEP,HD
140.7999999999963,SRC_4,STATION_EVENT,ROUTE_CONFLICT,211.67918610403444,5.1477877199482265,16.265854376610974,ATP_WARNING,ATO_CREEP,HD
140.7999999999963,SRC_4,STATION_EVENT,ROUTE_CONFLICT,211.67918610403444,5.1477877199482265,16.265854376610974,ATP_WARNING,ATO_CREEP,HD
140.89999999999628,SRC_4,STATION_EVENT,ROUTE_CONFLICT,211.82036286213162,5.016938863048094,16.12081389596557,ATP_WARNING,ATO_CREEP,HD
140.89999999999628,SRC_4,STATION_EVENT,ROUTE_CONFLICT,211.82036286213162,5.016938863048094,16.12081389596557,ATP_WARNING,ATO_CREEP,HD
140.99999999999628,SRC_4,STATION_EVENT,ROUTE_CONFLICT,211.9579050036291,4.8860953247706504,15.979637137868394,ATP_CUTOFF,ATO_CREEP,HD
140.99999999999628,SRC_4,STATION_EVENT,ROUTE_CONFLICT,211.9579050036291,4.8860953247706504,15.979637137868394,ATP_CUTOFF,ATO_CREEP,HD
141.09999999999627,SRC_4,STATION_EVENT,ROUTE_CONFLICT,212.0914376759992,4.728257085877064,15.842094996370918,ATP_OK,ATO_CREEP,HD
141.09999999999627,SRC_4,STATION_EVENT,ROUTE_CONFLICT,212.0914376759992,4.728257085877064,15.842094996370918,ATP_OK,ATO_CREEP,HD
141.19999999999627,SRC_4,STATION_EVENT,ROUTE_CONFLICT,212.2202110412806,4.543425214384313,15.708562324000809,ATP_OK,ATO_CREEP,HD
141.19999999999627,SRC_4,STATION_EVENT,ROUTE_CONFLICT,212.2202110412806,4.543425214384313,15.708562324000809,ATP_OK,ATO_CREEP,HD
141.29999999999626,SRC_4,STATION_EVENT,ROUTE_CONFLICT,212.34422529098129,4.385600764063948,15.579788958719405,ATP_OK,ATO_CREEP,HD
141.29999999999626,SRC_4,STATION_EVENT,ROUTE_CONFLICT,212.34422529098129,4.385600764063948,15.579788958719405,ATP_OK,ATO_CREEP,HD
141.39999999999625,SRC_4,STATION_EVENT,ROUTE_CONFLICT,212.46372925800395,4.218684861568289,15.455774709018726,ATP_WARNING,ATO_CREEP,HD
141.39999999999625,SRC_4,STATION_EVENT,ROUTE_CONFLICT,212.46372925800395,4.218684861568289,15.455774709018726,ATP_WARNING,ATO_CREEP,HD
141.49999999999625,SRC_4,STATION_EVENT,ROUTE_CONFLICT,212.5784496272664,4.04118172532841,15.33627074199606,ATP_WARNING,ATO_CREEP,HD
141.49999999999625,SRC_4,STATION_EVENT,ROUTE_CONFLICT,212.5784496272664,4.04118172532841,15.33627074199606,ATP_WARNING,ATO_CREEP,HD
141.59999999999624,SRC_4,STATION_EVENT,ROUTE_CONFLICT,212.68861445145467,3.8906856162273113,15.221550372733617,ATP_WARNING,ATO_CREEP,HD
141.59999999999624,SRC_4,STATION_EVENT,ROUTE_CONFLICT,212.68861445145467,3.8906856162273113,15.221550372733617,ATP_WARNING,ATO_CREEP,HD
141.69999999999624,SRC_4,STATION_EVENT,ROUTE_CONFLICT,212.79454080694413,3.736011979014318,15.111385548545343,ATP_OK,ATO_CREEP,HD
141.69999999999624,SRC_4,STATION_EVENT,ROUTE_CONFLICT,212.79454080694413,3.736011979014318,15.111385548545343,ATP_OK,ATO_CREEP,HD
141.79999999999623,SRC_4,STATION_EVENT,ROUTE_CONFLICT,212.89603782491298,3.571773314743387,15.005459193055884,ATP_OK,ATO_CREEP,HD
141.79999999999623,SRC_4,STATION_EVENT,ROUTE_CONFLICT,212.89603782491298,3.571773314743387,15.005459193055884,ATP_OK,ATO_CREEP,HD
141.89999999999623,SRC_4,STATION_EVENT,ROUTE_CONFLICT,212.9933477468624,3.4345410656150928,14.903962175087031,ATP_OK,ATO_CREEP,HD
141.89999999999623,SRC_4,STATION_EVENT,ROUTE_CONFLICT,212.9933477468624,3.4345410656150928,14.903962175087031,ATP_OK,ATO_CREEP,HD
141.99999999999622,SRC_4,STATION_EVENT,ROUTE_CONFLICT,213.08681578878253,3.2951579526335992,14.8066522531376,ATP_OK,ATO_CREEP,HD
141.99999999999622,SRC_4,STATION_EVENT,ROUTE_CONFLICT,213.08681578878253,3.2951579526335992,14.8066522531376,ATP_OK,ATO_CREEP,HD
142.09999999999621,SRC_4,STATION_EVENT,ROUTE_CONFLICT,213.17629313406692,3.147210907842499,14.71318421121748,ATP_OK,ATO_CREEP,HD
142.09999999999621,SRC_4,STATION_EVENT,ROUTE_CONFLICT,213.17629313406692,3.147210907842499,14.71318421121748,ATP_OK,ATO_CREEP,HD
142.1999999999962,SRC_4,STATION_EVENT,ROUTE_CONFLICT,213.26203591849134,3.0262695707143186,14.623706865933087,ATP_OK,ATO_CREEP,QT
142.1999999999962,SRC_4,STATION_EVENT,ROUTE_CONFLICT,213.26203591849134,3.0262695707143186,14.623706865933087,ATP_OK,ATO_CREEP,QT
142.2999999999962,SRC_4,STATION_EVENT,ROUTE_CONFLICT,213.34441655523707,2.9051362749790615,14.537964081508676,ATP_OK,ATO_CREEP,QT
142.2999999999962,SRC_4,STATION_EVENT,ROUTE_CONFLICT,213.34441655523707,2.9051362749790615,14.537964081508676,ATP_OK,ATO_CREEP,QT
142.3999999999962,SRC_4,STATION_EVENT,ROUTE_CONFLICT,213.42332663313525,2.7763893336889476,14.455583444762937,ATP_OK,ATO_CREEP,QT
142.3999999999962,SRC_4,STATION_EVENT,ROUTE_CONFLICT,213.42332663313525,2.7763893336889476,14.455583444762937,ATP_OK,ATO_CREEP,QT
142.4999999999962,SRC_4,STATION_EVENT,ROUTE_CONFLICT,213.49855752806667,2.640235101373484,14.376673366864765,ATP_OK,ATO_CREEP,HD
142.4999999999962,SRC_4,STATION_EVENT,ROUTE_CONFLICT,213.49855752806667,2.640235101373484,14.376673366864765,ATP_OK,ATO_CREEP,HD
142.5999999999962,SRC_4,STATION_EVENT,ROUTE_CONFLICT,213.570381432866,2.531086044176341,14.301442471933342,ATP_OK,ATO_CREEP,QT
142.5999999999962,SRC_4,STATION_EVENT,ROUTE_CONFLICT,213.570381432866,2.531086044176341,14.301442471933342,ATP_OK,ATO_CREEP,QT
142.69999999999618,SRC_4,STATION_EVENT,ROUTE_CONFLICT,213.63920317018295,2.4240790426459484,14.229618567134025,ATP_OK,ATO_CREEP,QT
142.69999999999618,SRC_4,STATION_EVENT,ROUTE_CONFLICT,213.63920317018295,2.4240790426459484,14.229618567134025,ATP_OK,ATO_CREEP,QT
142.79999999999617,SRC_4,STATION_EVENT,ROUTE_CONFLICT,213.70496283467284,2.310616800626488,14.160796829817059,ATP_OK,ATO_CREEP,QT
142.79999999999617,SRC_4,STATION_EVENT,ROUTE_CONFLICT,213.70496283467284,2.310616800626488,14.160796829817059,ATP_OK,ATO_CREEP,QT
142.89999999999617,SRC_4,STATION_EVENT,ROUTE_CONFLICT,213.76794582951814,2.224158828235057,14.09503716532717,ATP_OK,ATO_CREEP,QT
142.89999999999617,SRC_4,STATION_EVENT,ROUTE_CONFLICT,213.76794582951814,2.224158828235057,14.09503716532717,ATP_OK,ATO_CREEP,QT
142.99999999999616,SRC_4,STATION_EVENT,ROUTE_CONFLICT,213.82858147984643,2.14160799540303,14.03205417048187,ATP_OK,ATO_CREEP,QT
142.99999999999616,SRC_4,STATION_EVENT,ROUTE_CONFLICT,213.82858147984643,2.14160799540303,14.03205417048187,ATP_OK,ATO_CREEP,QT
143.09999999999616,SRC_4,STATION_EVENT,ROUTE_CONFLICT,213.8868457298596,2.0534180055450975,13.971418520153577,ATP_OK,ATO_CREEP,QT
143.09999999999616,SRC_4,STATION_EVENT,ROUTE_CONFLICT,213.8868457298596,2.0534180055450975,13.971418520153577,ATP_OK,ATO_CREEP,QT
143.19999999999615,SRC_4,STATION_EVENT,ROUTE_CONFLICT,213.94258390733606,1.9597307727591389,13.91315427014041,ATP_OK,ATO_CREEP,QT
143.19999999999615,SRC_4,STATION_EVENT,ROUTE_CONFLICT,213.94258390733606,1.9597307727591389,13.91315427014041,ATP_OK,ATO_CREEP,QT
143.29999999999615,SRC_4,STATION_EVENT,ROUTE_CONFLICT,213.99564574119074,1.860721264777344,13.857416092663954,ATP_OK,ATO_CREEP,QT
143.29999999999615,SRC_4,STATION_EVENT,ROUTE_CONFLICT,213.99564574119074,1.860721264777344,13.857416092663954,ATP_OK,ATO_CREEP,QT
143.39999999999614,SRC_4,STATION_EVENT,ROUTE_CONFLICT,214.0463323619831,1.7887154322733707,13.80435425880927,ATP_OK,ATO_CREEP,QT
143.39999999999614,SRC_4,STATION_EVENT,ROUTE_CONFLICT,214.0463323619831,1.7887154322733707,13.80435425880927,ATP_OK,ATO_CREEP,QT
143.49999999999613,SRC_4,STATION_EVENT,ROUTE_CONFLICT,214.09510590749807,1.722979844803196,13.753667638016907,ATP_OK,ATO_CREEP,QT
143.49999999999613,SRC_4,STATION_EVENT,ROUTE_CONFLICT,214.09510590749807,1.722979844803196,13.753667638016907,ATP_OK,ATO_CREEP,QT
143.59999999999613,SRC_4,STATION_EVENT,ROUTE_CONFLICT,214.14221863485832,1.6691365251354449,13.704894092501945,ATP_OK,ATO_CREEP,QT
143.59999999999613,SRC_4,STATION_EVENT,ROUTE_CONFLICT,214.14221863485832,1.6691365251354449,13.704894092501945,ATP_OK,ATO_CREEP,QT
143.69999999999612,SRC_4,STATION_EVENT,ROUTE_CONFLICT,214.18777355661558,1.6108178413868104,13.657781365141688,ATP_OK,ATO_CREEP,QT
143.69999999999612,SRC_4,STATION_EVENT,ROUTE_CONFLICT,214.18777355661558,1.6108178413868104,13.657781365141688,ATP_OK,ATO_CREEP,QT
143.79999999999612,SRC_4,STATION_EVENT,ROUTE_CONFLICT,214.23164742275176,1.5481005204175144,13.61222644338443,ATP_OK,ATO_CREEP,QT
143.79999999999612,SRC_4,STATION_EVENT,ROUTE_CONFLICT,214.23164742275176,1.5481005204175144,13.61222644338443,ATP_OK,ATO_CREEP,QT
143.8999999999961,SRC_4,STATION_EVENT,ROUTE_CONFLICT,214.27371966066963,1.4811006096690733,13.568352577248248,ATP_OK,ATO_CREEP,QT
143.8999999999961,SRC_4,STATION_EVENT,ROUTE_CONFLICT,214.27371966066963,1.4811006096690733,13.568352577248248,ATP_OK,ATO_CREEP,QT
143.9999999999961,SRC_4,STATION_EVENT,ROUTE_CONFLICT,214.314305824091,1.4411031566709558,13.526280339330384,ATP_OK,ATO_CREEP,QT
143.9999999999961,SRC_4,STATION_EVENT,ROUTE_CONFLICT,214.314305824091,1.4411031566709558,13.526280339330384,ATP_OK,ATO_CREEP,QT
144.0999999999961,SRC_4,STATION_EVENT,ROUTE_CONFLICT,214.3541559674964,1.4281071685174198,13.485694175909003,ATP_OK,ATO_CREEP,QT
144.0999999999961,SRC_4,STATION_EVENT,ROUTE_CONFLICT,214.3541559674964,1.4281071685174198,13.485694175909003,ATP_OK,ATO_CREEP,QT
144.1999999999961,SRC_4,STATION_EVENT,ROUTE_CONFLICT,214.39374270534552,1.42213795661747,13.4458440325036,ATP_OK,ATO_CREEP,QT
144.1999999999961,SRC_4,STATION_EVENT,ROUTE_CONFLICT,214.39374270534552,1.42213795661747,13.4458440325036,ATP_OK,ATO_CREEP,QT
144.2999999999961,SRC_4,STATION_EVENT,ROUTE_CONFLICT,214.4331947244128,1.418407416225943,13.406257294654495,ATP_OK,ATO_CREEP,QT
144.2999999999961,SRC_4,STATION_EVENT,ROUTE_CONFLICT,214.4331947244128,1.418407416225943,13.406257294654495,ATP_OK,ATO_CREEP,QT
144.39999999999608,SRC_4,STATION_EVENT,ROUTE_CONFLICT,214.4725617730294,1.4160200841707888,13.366805275587211,ATP_OK,ATO_CREEP,QT
144.39999999999608,SRC_4,STATION_EVENT,ROUTE_CONFLICT,214.4725617730294,1.4160200841707888,13.366805275587211,ATP_OK,ATO_CREEP,QT
144.49999999999608,SRC_4,STATION_EVENT,ROUTE_CONFLICT,214.51187370034512,1.4144386825597641,13.3274382269706,ATP_OK,ATO_CREEP,QT
144.49999999999608,SRC_4,STATION_EVENT,ROUTE_CONFLICT,214.51187370034512,1.4144386825597641,13.3274382269706,ATP_OK,ATO_CREEP,QT
144.59999999999607,SRC_4,STATION_EVENT,ROUTE_CONFLICT,214.55076670064156,1.3858573387845137,13.288126299654891,ATP_OK,ATO_CREEP,QT
144.59999999999607,SRC_4,STATION_EVENT,ROUTE_CONFLICT,214.55076670064156,1.3858573387845137,13.288126299654891,ATP_OK,ATO_CREEP,QT
144.69999999999607,SRC_4,STATION_EVENT,ROUTE_CONFLICT,214.58884262679817,1.3556093444918396,13.249233299358451,ATP_OK,ATO_CREEP,QT
144.69999999999607,SRC_4,STATION_EVENT,ROUTE_CONFLICT,214.58884262679817,1.3556093444918396,13.249233299358451,ATP_OK,ATO_CREEP,QT
144.79999999999606,SRC_4,STATION_EVENT,ROUTE_CONFLICT,214.62602440904183,1.3214789770524242,13.211157373201843,ATP_OK,ATO_CREEP,QT
144.79999999999606,SRC_4,STATION_EVENT,ROUTE_CONFLICT,214.62602440904183,1.3214789770524242,13.211157373201843,ATP_OK,ATO_CREEP,QT
144.89999999999606,SRC_4,STATION_EVENT,ROUTE_CONFLICT,214.66220487447256,1.2835145339600613,13.173975590958179,ATP_OK,ATO_CREEP,QT
144.89999999999606,SRC_4,STATION_EVENT,ROUTE_CONFLICT,214.66220487447256,1.2835145339600613,13.173975590958179,ATP_OK,ATO_CREEP,QT
144.99999999999605,SRC_4,STATION_EVENT,ROUTE_CONFLICT,214.69727841090832,1.241780089413685,13.137795125527447,ATP_OK,ATO_CREEP,QT
144.99999999999605,SRC_4,STATION_EVENT,ROUTE_CONFLICT,214.69727841090832,1.241780089413685,13.137795125527447,ATP_OK,ATO_CREEP,QT
145.09999999999604,SRC_4,STATION_EVENT,ROUTE_CONFLICT,214.731141356507,1.1963519936913931,13.102721589091686,ATP_OK,ATO_CREEP,QT
145.09999999999604,SRC_4,STATION_EVENT,ROUTE_CONFLICT,214.731141356507,1.1963519936913931,13.102721589091686,ATP_OK,ATO_CREEP,QT
145.19999999999604,SRC_4,STATION_EVENT,ROUTE_CONFLICT,214.76369234076745,1.1473188730595876,13.068858643493002,ATP_OK,ATO_CREEP,QT
145.19999999999604,SRC_4,STATION_EVENT,ROUTE_CONFLICT,214.76369234076745,1.1473188730595876,13.068858643493002,ATP_OK,ATO_CREEP,QT
145.29999999999603,SRC_4,STATION_EVENT,ROUTE_CONFLICT,214.7948326248879,1.0947815836136783,13.036307659232563,ATP_OK,ATO_CREEP,QT
145.29999999999603,SRC_4,STATION_EVENT,ROUTE_CONFLICT,214.7948326248879,1.0947815836136783,13.036307659232563,ATP_OK,ATO_CREEP,QT
145.39999999999603,SRC_4,STATION_EVENT,ROUTE_CONFLICT,214.82488856630496,1.0692461984139443,13.005167375112109,ATP_OK,ATO_CREEP,QT
145.39999999999603,SRC_4,STATION_EVENT,ROUTE_CONFLICT,214.82488856630496,1.0692461984139443,13.005167375112109,ATP_OK,ATO_CREEP,QT
145.49999999999602,SRC_4,STATION_EVENT,ROUTE_CONFLICT,214.85456649450353,1.0675646318830019,12.975111433695048,ATP_OK,ATO_CREEP,QT
145.49999999999602,SRC_4,STATION_EVENT,ROUTE_CONFLICT,214.85456649450353,1.0675646318830019,12.975111433695048,ATP_OK,ATO_CREEP,QT
145.59999999999602,SRC_4,STATION_EVENT,ROUTE_CONFLICT,214.88420505528524,1.066411744399169,12.945433505496482,ATP_OK,ATO_CREEP,QT
145.59999999999602,SRC_4,STATION_EVENT,ROUTE_CONFLICT,214.88420505528524,1.066411744399169,12.945433505496482,ATP_OK,ATO_CREEP,QT
145.699999999996,SRC_4,STATION_EVENT,ROUTE_CONFLICT,214.91381599714566,1.065576069550834,12.915794944714776,ATP_OK,ATO_CREEP,QT
145.699999999996,SRC_4,STATION_EVENT,ROUTE_CONFLICT,214.91381599714566,1.065576069550834,12.915794944714776,ATP_OK,ATO_CREEP,QT
145.799999999996,SRC_4,STATION_EVENT,ROUTE_CONFLICT,214.94302872623584,1.0377404249409237,12.88618400285435,ATP_OK,ATO_CREEP,QT
145.799999999996,SRC_4,STATION_EVENT,ROUTE_CONFLICT,214.94302872623584,1.0377404249409237,12.88618400285435,ATP_OK,ATO_CREEP,QT
145.899999999996,SRC_4,STATION_EVENT,ROUTE_CONFLICT,214.97150982840915,1.0128989315371428,12.856971273764174,ATP_OK,ATO_CREEP,QT
145.899999999996,SRC_4,STATION_EVENT,ROUTE_CONFLICT,214.97150982840915,1.0128989315371428,12.856971273764174,ATP_OK,ATO_CREEP,QT
145.999999999996,SRC_4,STATION_EVENT,ROUTE_CONFLICT,214.99925883352344,0.9850294366906908,12.828490171590857,ATP_OK,ATO_CREEP,QT
145.999999999996,SRC_4,STATION_EVENT,ROUTE_CONFLICT,214.99925883352344,0.9850294366906908,12.828490171590857,ATP_OK,ATO_CREEP,QT
146.099999999996,SRC_4,STATION_EVENT,ROUTE_CONFLICT,215.02619217876995,0.954171421058576,12.80074116647657,ATP_OK,ATO_CREEP,QT
146.099999999996,SRC_4,STATION_EVENT,ROUTE_CONFLICT,215.02619217876995,0.954171421058576,12.80074116647657,ATP_OK,ATO_CREEP,QT
146.19999999999598,SRC_4,STATION_EVENT,ROUTE_CONFLICT,215.05222767369278,0.9203842133852436,12.773807821230065,ATP_OK,ATO_CREEP,QT
146.19999999999598,SRC_4,STATION_EVENT,ROUTE_CONFLICT,215.05222767369278,0.9203842133852436,12.773807821230065,ATP_OK,ATO_CREEP,QT
146.29999999999598,SRC_4,STATION_EVENT,ROUTE_CONFLICT,215.07728491274435,0.8837369983269457,12.747772326307228,ATP_OK,ATO_CREEP,QT
146.29999999999598,SRC_4,STATION_EVENT,ROUTE_CONFLICT,215.07728491274435,0.8837369983269457,12.747772326307228,ATP_OK,ATO_CREEP,QT
146.39999999999597,SRC_4,STATION_EVENT,ROUTE_CONFLICT,215.1012855480689,0.8443087450399269,12.722715087255665,ATP_OK,ATO_CREEP,QT
146.39999999999597,SRC_4,STATION_EVENT,ROUTE_CONFLICT,215.1012855480689,0.8443087450399269,12.722715087255665,ATP_OK,ATO_CREEP,QT
146.49999999999596,SRC_4,STATION_EVENT,ROUTE_CONFLICT,215.1241535599928,0.8021881134818365,12.698714451931124,ATP_OK,ATO_CREEP,QT
146.49999999999596,SRC_4,STATION_EVENT,ROUTE_CONFLICT,215.1241535599928,0.8021881134818365,12.698714451931124,ATP_OK,ATO_CREEP,QT
146.59999999999596,SRC_4,STATION_EVENT,ROUTE_CONFLICT,215.14581552427106,0.7574733145532034,12.675846440007206,ATP_OK,ATO_CREEP,QT
146.59999999999596,SRC_4,STATION_EVENT,ROUTE_CONFLICT,215.14581552427106,0.7574733145532034,12.675846440007206,ATP_OK,ATO_CREEP,QT
146.69999999999595,SRC_4,STATION_EVENT,ROUTE_CONFLICT,215.1662008748795,0.7102719292560588,12.654184475728954,ATP_OK,ATO_CREEP,QT
146.69999999999595,SRC_4,STATION_EVENT,ROUTE_CONFLICT,215.1662008748795,0.7102719292560588,12.654184475728954,ATP_OK,ATO_CREEP,QT
146.79999999999595,SRC_4,STATION_EVENT,ROUTE_CONFLICT,215.18524216114793,0.6607006820696099,12.633799125120504,ATP_OK,ATO_CREEP,QT
146.79999999999595,SRC_4,STATION_EVENT,ROUTE_CONFLICT,215.18524216114793,0.6607006820696099,12.633799125120504,ATP_OK,ATO_CREEP,QT
146.89999999999594,SRC_4,STATION_EVENT,ROUTE_CONFLICT,215.2028752979505,0.6088851677160867,12.614757838852086,ATP_OK,ATO_CREEP,QT
146.89999999999594,SRC_4,STATION_EVENT,ROUTE_CONFLICT,215.2028752979505,0.6088851677160867,12.614757838852086,ATP_OK,ATO_CREEP,QT
146.99999999999594,SRC_4,STATION_EVENT,ROUTE_CONFLICT,215.21903980773908,0.5549595370608318,12.597124702049513,ATP_OK,ATO_CREEP,QT
146.99999999999594,SRC_4,STATION_EVENT,ROUTE_CONFLICT,215.21903980773908,0.5549595370608318,12.597124702049513,ATP_OK,ATO_CREEP,QT
147.09999999999593,SRC_4,STATION_EVENT,ROUTE_CONFLICT,215.2340814100409,0.5280358286699053,12.580960192260932,ATP_OK,ATO_CREEP,QT
147.09999999999593,SRC_4,STATION_EVENT,ROUTE_CONFLICT,215.2340814100409,0.5280358286699053,12.580960192260932,ATP_OK,ATO_CREEP,QT
147.19999999999592,SRC_4,STATION_EVENT,ROUTE_CONFLICT,215.24872167081335,0.5260629469474813,12.565918589959125,ATP_OK,ATO_CREEP,QT
147.19999999999592,SRC_4,STATION_EVENT,ROUTE_CONFLICT,215.24872167081335,0.5260629469474813,12.565918589959125,ATP_OK,ATO_CREEP,QT
147.29999999999592,SRC_4,STATION_EVENT,ROUTE_CONFLICT,215.2633161985314,0.5247430487525575,12.551278329186658,ATP_OK,ATO_CREEP,QT
147.29999999999592,SRC_4,STATION_EVENT,ROUTE_CONFLICT,215.2633161985314,0.5247430487525575,12.551278329186658,ATP_OK,ATO_CREEP,QT
147.3999999999959,SRC_4,STATION_EVENT,ROUTE_CONFLICT,215.2778795040074,0.5238149455173821,12.536683801468598,ATP_OK,ATO_CREEP,QT
147.3999999999959,SRC_4,STATION_EVENT,ROUTE_CONFLICT,215.2778795040074,0.5238149455173821,12.536683801468598,ATP_OK,ATO_CREEP,QT
147.4999999999959,SRC_4,STATION_EVENT,ROUTE_CONFLICT,215.29242029386322,0.5231219241021378,12.522120495992624,ATP_OK,ATO_CREEP,QT
147.4999999999959,SRC_4,STATION_EVENT,ROUTE_CONFLICT,215.29242029386322,0.5231219241021378,12.522120495992624,ATP_OK,ATO_CREEP,QT
147.5999999999959,SRC_4,STATION_EVENT,ROUTE_CONFLICT,215.30694379220662,0.5225699566231268,12.507579706136795,ATP_OK,ATO_CREEP,QT
147.5999999999959,SRC_4,STATION_EVENT,ROUTE_CONFLICT,215.30694379220662,0.5225699566231268,12.507579706136795,ATP_OK,ATO_CREEP,QT
147.6999999999959,SRC_4,STATION_EVENT,ROUTE_CONFLICT,215.3214531336368,0.5221026263500781,12.493056207793387,ATP_OK,ATO_CREEP,QT
147.6999999999959,SRC_4,STATION_EVENT,ROUTE_CONFLICT,215.3214531336368,0.5221026263500781,12.493056207793387,ATP_OK,ATO_CREEP,QT
147.7999999999959,SRC_4,STATION_EVENT,ROUTE_CONFLICT,215.33595019904783,0.5216860832446794,12.478546866363217,ATP_OK,ATO_CREEP,QT
147.7999999999959,SRC_4,STATION_EVENT,ROUTE_CONFLICT,215.33595019904783,0.5216860832446794,12.478546866363217,ATP_OK,ATO_CREEP,QT
147.89999999999588,SRC_4,STATION_EVENT,ROUTE_CONFLICT,215.3500606940229,0.49426955495983543,12.464049800952182,ATP_OK,ATO_CREEP,QT
147.89999999999588,SRC_4,STATION_EVENT,ROUTE_CONFLICT,215.3500606940229,0.49426955495983543,12.464049800952182,ATP_OK,ATO_CREEP,QT
147.99999999999588,SRC_4,STATION_EVENT,ROUTE_CONFLICT,215.36347896551706,0.4718459926201879,12.449939305977125,ATP_OK,ATO_CREEP,QT
147.99999999999588,SRC_4,STATION_EVENT,ROUTE_CONFLICT,215.36347896551706,0.4718459926201879,12.449939305977125,ATP_OK,ATO_CREEP,QT
148.09999999999587,SRC_4,STATION_EVENT,ROUTE_CONFLICT,215.37625292383947,0.447879006593215,12.43652103448295,ATP_OK,ATO_CREEP,QT
148.09999999999587,SRC_4,STATION_EVENT,ROUTE_CONFLICT,215.37625292383947,0.447879006593215,12.43652103448295,ATP_OK,ATO_CREEP,QT
148.19999999999587,SRC_4,STATION_EVENT,ROUTE_CONFLICT,215.38834036202832,0.42241654300294224,12.423747076160538,ATP_OK,ATO_CREEP,QT
148.19999999999587,SRC_4,STATION_EVENT,ROUTE_CONFLICT,215.38834036202832,0.42241654300294224,12.423747076160538,ATP_OK,ATO_CREEP,QT
148.29999999999586,SRC_4,STATION_EVENT,ROUTE_CONFLICT,215.39970063775866,0.3955233095817155,12.411659637971695,ATP_OK,ATO_CREEP,QT
148.29999999999586,SRC_4,STATION_EVENT,ROUTE_CONFLICT,215.39970063775866,0.3955233095817155,12.411659637971695,ATP_OK,ATO_CREEP,QT
148.39999999999586,SRC_4,STATION_EVENT,ROUTE_CONFLICT,215.410294978403,0.36726921681048585,12.400299362241356,ATP_OK,ATO_CREEP,QT
148.39999999999586,SRC_4,STATION_EVENT,ROUTE_CONFLICT,215.410294978403,0.36726921681048585,12.400299362241356,ATP_OK,ATO_CREEP,QT
148.49999999999585,SRC_4,STATION_EVENT,ROUTE_CONFLICT,215.4200866228411,0.3377291827328722,12.389705021597024,ATP_OK,ATO_CREEP,QT
148.49999999999585,SRC_4,STATION_EVENT,ROUTE_CONFLICT,215.4200866228411,0.3377291827328722,12.389705021597024,ATP_OK,ATO_CREEP,QT
148.59999999999584,SRC_4,STATION_EVENT,ROUTE_CONFLICT,215.42868272529748,0.2811901941262718,12.379913377158914,ATP_OK,ATO_CREEP,HC
148.59999999999584,SRC_4,STATION_EVENT,ROUTE_CONFLICT,215.42868272529748,0.2811901941262718,12.379913377158914,ATP_OK,ATO_CREEP,HC
148.69999999999584,SRC_4,STATION_EVENT,ROUTE_CONFLICT,215.43586589288483,0.2359978721624681,12.371317274702534,ATP_OK,ATO_CREEP,HC
148.69999999999584,SRC_4,STATION_EVENT,ROUTE_CONFLICT,215.43586589288483,0.2359978721624681,12.371317274702534,ATP_OK,ATO_CREEP,HC
148.79999999999583,SRC_4,STATION_EVENT,ROUTE_CONFLICT,215.4417881847887,0.19040714491489405,12.364134107115177,ATP_OK,ATO_CREEP,HC
148.79999999999583,SRC_4,STATION_EVENT,ROUTE_CONFLICT,215.4417881847887,0.19040714491489405,12.364134107115177,ATP_OK,ATO_CREEP,HC
148.89999999999583,SRC_4,STATION_EVENT,ROUTE_CONFLICT,215.44643853435895,0.14441802414283744,12.35821181521132,ATP_STANDBY,ATO_HOLD,HC
148.89999999999583,SRC_4,STATION_EVENT,ROUTE_CONFLICT,215.44643853435895,0.14441802414283744,12.35821181521132,ATP_STANDBY,ATO_HOLD,HC
148.99999999999582,SRC_4,STATION_EVENT,ROUTE_CONFLICT,215.44643853435895,0.09803052154462741,12.353561465641064,ATP_STANDBY,ATO_HOLD,HC
148.99999999999582,SRC_4,STATION_EVENT,ROUTE_CONFLICT,215.44643853435895,0.09803052154462741,12.353561465641064,ATP_STANDBY,ATO_HOLD,HC
149.09999999999582,SRC_4,STATION_EVENT,ROUTE_CONFLICT,215.44643853435895,0.0786446487571097,12.353561465641064,ATP_STANDBY,ATO_HOLD,HC
149.09999999999582,SRC_4,STATION_EVENT,ROUTE_CONFLICT,215.44643853435895,0.0786446487571097,12.353561465641064,ATP_STANDBY,ATO_HOLD,HC
149.1999999999958,SRC_4,STATION_EVENT,ROUTE_CONFLICT,215.44643853435895,0.0770381598123079,12.353561465641064,ATP_STANDBY,ATO_HOLD,HC
149.1999999999958,SRC_4,STATION_EVENT,ROUTE_CONFLICT,215.44643853435895,0.0770381598123079,12.353561465641064,ATP_STANDBY,ATO_HOLD,HC
125.29999999999715,SRC_5,STATION_EVENT,ROUTE_CONFLICT,-97.10363344995,10.626083601995065,95.1994146585126,ATP_OK,ATO_CREEP,QT
125.39999999999715,SRC_5,STATION_EVENT,ROUTE_CONFLICT,-96.80908217594288,10.581608126517644,94.90363344995,ATP_OK,ATO_CREEP,QT
125.49999999999714,SRC_5,STATION_EVENT,ROUTE_CONFLICT,-96.51577182690205,10.536737004421454,94.60908217594287,ATP_OK,ATO_CREEP,QT
125.59999999999714,SRC_5,STATION_EVENT,ROUTE_CONFLICT,-96.22371339278526,10.49147025198839,94.31577182690205,ATP_OK,ATO_CREEP,QT
125.69999999999713,SRC_5,STATION_EVENT,ROUTE_CONFLICT,-95.93291786309875,10.44580788544041,94.02371339278525,ATP_OK,ATO_CREEP,QT
125.79999999999713,SRC_5,STATION_EVENT,ROUTE_CONFLICT,-95.64339622689904,10.39974992093901,93.73291786309875,ATP_OK,ATO_CREEP,QT
125.89999999999712,SRC_5,STATION_EVENT,ROUTE_CONFLICT,-95.35515947279454,10.353296374584733,93.44339622689904,ATP_OK,ATO_CREEP,QT
125.99999999999712,SRC_5,STATION_EVENT,ROUTE_CONFLICT,-95.0682185889473,10.306447262416627,93.15515947279454,ATP_OK,ATO_CREEP,QT
126.09999999999711,SRC_5,STATION_EVENT,ROUTE_CONFLICT,-94.78258456307469,10.259202600411747,92.8682185889473,ATP_OK,ATO_CREEP,QT
126.1999999999971,SRC_5,STATION_EVENT,ROUTE_CONFLICT,-94.49826838245113,10.21156240448463,92.58258456307469,ATP_OK,ATO_CREEP,QT
126.2999999999971,SRC_5,STATION_EVENT,ROUTE_CONFLICT,-94.21528103390986,10.163526690486782,92.29826838245113,ATP_OK,ATO_CREEP,QT
126.39999999999709,SRC_5,STATION_EVENT,ROUTE_CONFLICT,-93.93363350384467,10.115095474206173,92.01528103390986,ATP_OK,ATO_CREEP,QT
126.49999999999709,SRC_5,STATION_EVENT,ROUTE_CONFLICT,-93.65333677821172,10.066268771366705,91.73363350384467,ATP_OK,ATO_CREEP,QT
126.59999999999708,SRC_5,STATION_EVENT,ROUTE_CONFLICT,-93.37402131854135,10.044444324900432,91.45333677821172,ATP_OK,ATO_CREEP,QT
126.69999999999708,SRC_5,STATION_EVENT,ROUTE_CONFLICT,-93.09504792396754,10.041640084414011,91.17402131854135,ATP_OK,ATO_CREEP,QT
126.79999999999707,SRC_5,STATION_EVENT,ROUTE_CONFLICT,-92.81614089720838,10.039665842245196,90.89504792396754,ATP_OK,ATO_CREEP,QT
126.89999999999706,SRC_5,STATION_EVENT,ROUTE_CONFLICT,-92.53728179366989,10.038189612526166,90.61614089720838,ATP_OK,ATO_CREEP,QT
126.99999999999706,SRC_5,STATION_EVENT,ROUTE_CONFLICT,-92.25845954622179,10.037012203737246,90.33728179366989,ATP_OK,ATO_CREEP,QT
127.09999999999705,SRC_5,STATION_EVENT,ROUTE_CONFLICT,-91.97966751421201,10.036014100966545,90.05845954622178,ATP_OK,ATO_CREEP,QT
127.19999999999705,SRC_5,STATION_EVENT,ROUTE_CONFLICT,-91.70090171287544,10.035123595266404,89.77966751421201,ATP_OK,ATO_CREEP,QT
127.29999999999704,SRC_5,STATION_EVENT,ROUTE_CONFLICT,-91.42215975097913,10.034297661267528,89.50090171287543,ATP_OK,ATO_CREEP,QT
127.39999999999704,SRC_5,STATION_EVENT,ROUTE_CONFLICT,-91.14344019340948,10.033510483747557,89.22215975097913,ATP_OK,ATO_CREEP,QT
127.49999999999703,SRC_5,STATION_EVENT,ROUTE_CONFLICT,-90.86474217872448,10.032746573572263,88.94344019340947,ATP_OK,ATO_CREEP,QT
127.59999999999702,SRC_5,STATION_EVENT,ROUTE_CONFLICT,-90.58606518968514,10.031996637260269,88.66474217872448,ATP_OK,ATO_CREEP,QT
127.69999999999702,SRC_5,STATION_EVENT,ROUTE_CONFLICT,-90.30740891557429,10.031255098721907,88.38606518968514,ATP_OK,ATO_CREEP,QT
127.79999999999701,SRC_5,STATION_EVENT,ROUTE_CONFLICT,-90.02877316958784,10.030518612302522,88.10740891557428,ATP_OK,ATO_CREEP,QT
127.89999999999701,SRC_5,STATION_EVENT,ROUTE_CONFLICT,-89.75015783926963,10.029785170608475,87.82877316958783,ATP_OK,ATO_CREEP,QT
127.999999999997,SRC_5,STATION_EVENT,ROUTE_CONFLICT,-89.47156285677225,10.029053569202725,87.55015783926963,ATP_OK,ATO_CREEP,QT
128.099999999997,SRC_5,STATION_EVENT,ROUTE_CONFLICT,-89.19298818101358,10.02832308542219,87.27156285677225,ATP_OK,ATO_CREEP,QT
128.199999999997,SRC_5,STATION_EVENT,ROUTE_CONFLICT,-88.91443378697065,10.027593285668168,86.99298818101357,ATP_OK,ATO_CREEP,QT
128.299999999997,SRC_5,STATION_EVENT,ROUTE_CONFLICT,-88.63589965925608,10.026863909780579,86.71443378697064,ATP_OK,ATO_CREEP,QT
128.399999999997,SRC_5,STATION_EVENT,ROUTE_CONFLICT,-88.35738578826381,10.026134801662518,86.43589965925608,ATP_OK,ATO_CREEP,QT
128.499999999997,SRC_5,STATION_EVENT,ROUTE_CONFLICT,-88.07889216785662,10.02540586765499,86.15738578826381,ATP_OK,ATO_CREEP,QT
128.59999999999698,SRC_5,STATION_EVENT,ROUTE_CONFLICT,-87.80041879397861,10.024677051561738,85.87889216785662,ATP_OK,ATO_CREEP,QT
128.69999999999698,SRC_5,STATION_EVENT,ROUTE_CONFLICT,-87.5219656638227,10.023948319664154,85.6004187939786,ATP_OK,ATO_CREEP,QT
128.79999999999697,SRC_5,STATION_EVENT,ROUTE_CONFLICT,-87.2435327753311,10.023219651730214,85.3219656638227,ATP_OK,ATO_CREEP,QT
128.89999999999696,SRC_5,STATION_EVENT,ROUTE_CONFLICT,-86.96512012689568,10.022491035619849,85.0435327753311,ATP_OK,ATO_CREEP,QT
128.99999999999696,SRC_5,STATION_EVENT,ROUTE_CONFLICT,-86.68672771717807,10.02176246404816,84.76512012689568,ATP_OK,ATO_CREEP,QT
129.09999999999695,SRC_5,STATION_EVENT,ROUTE_CONFLICT,-86.4083555450018,10.021033932643354,84.48672771717807,ATP_OK,ATO_CREEP,QT
129.19999999999695,SRC_5,STATION_EVENT,ROUTE_CONFLICT,-86.13000360928756,10.020305438781497,84.2083555450018,ATP_OK,ATO_CREEP,QT
129.29999999999694,SRC_5,STATION_EVENT,ROUTE_CONFLICT,-85.85167190901437,10.019576980887374,83.93000360928755,ATP_OK,ATO_CREEP,QT
129.39999999999694,SRC_5,STATION_EVENT,ROUTE_CONFLICT,-85.57336044319628,10.018848558014998,83.65167190901437,ATP_OK,ATO_CREEP,QT
129.49999999999693,SRC_5,STATION_EVENT,ROUTE_CONFLICT,-85.29506921086835,10.018120169595923,83.37336044319628,ATP_OK,ATO_CREEP,QT
129.59999999999692,SRC_5,STATION_EVENT,ROUTE_CONFLICT,-85.0167982110783,10.017391815288224,83.09506921086835,ATP_OK,ATO_CREEP,QT
129.69999999999692,SRC_5,STATION_EVENT,ROUTE_CONFLICT,-84.73854744288143,10.016663494885893,82.8167982110783,ATP_OK,ATO_CREEP,QT
129.7999999999969,SRC_5,STATION_EVENT,ROUTE_CONFLICT,-84.46031690533768,10.015935208264468,82.53854744288142,ATP_OK,ATO_CREEP,QT
129.8999999999969,SRC_5,STATION_EVENT,ROUTE_CONFLICT,-84.18210659750972,10.015206955348413,82.26031690533767,ATP_OK,ATO_CREEP,QT
129.9999999999969,SRC_5,STATION_EVENT,ROUTE_CONFLICT,-83.90391651846194,10.014478736091556,81.98210659750971,ATP_OK,ATO_CREEP,QT
130.0999999999969,SRC_5,STATION_EVENT,ROUTE_CONFLICT,-83.62574666725976,10.013750550465335,81.70391651846194,ATP_OK,ATO_CREEP,QT
130.1999999999969,SRC_5,STATION_EVENT,ROUTE_CONFLICT,-83.34759704296924,10.013022398451762,81.42574666725976,ATP_OK,ATO_CREEP,QT
130.29999999999688,SRC_5,STATION_EVENT,ROUTE_CONFLICT,-83.06946764465687,10.01229428003918,81.14759704296924,ATP_OK,ATO_CREEP,QT
130.39999999999688,SRC_5,STATION_EVENT,ROUTE_CONFLICT,-82.79135847138939,10.011566195219748,80.86946764465686,ATP_OK,ATO_CREEP,QT
130.49999999999687,SRC_5,STATION_EVENT,ROUTE_CONFLICT,-82.51326952223373,10.010838143987904,80.59135847138938,ATP_OK,ATO_CREEP,QT
130.59999999999687,SRC_5,STATION_EVENT,ROUTE_CONFLICT,-82.23520079625696,10.010110126339455,80.31326952223372,ATP_OK,ATO_CREEP,QT
130.69999999999686,SRC_5,STATION_EVENT,ROUTE_CONFLICT,-81.95715229252626,10.00938214227103,80.03520079625696,ATP_OK,ATO_CREEP,QT
130.79999999999686,SRC_5,STATION_EVENT,ROUTE_CONFLICT,-81.6791240101089,10.008654191779751,79.75715229252626,ATP_OK,ATO_CREEP,QT
130.89999999999685,SRC_5,STATION_EVENT,ROUTE_CONFLICT,-81.40111594807219,10.00792627486304,79.47912401010889,ATP_OK,ATO_CREEP,QT
130.99999999999685,SRC_5,STATION_EVENT,ROUTE_CONFLICT,-81.12312810548356,10.00719839151849,79.20111594807219,ATP_OK,ATO_CREEP,QT
131.09999999999684,SRC_5,STATION_EVENT,ROUTE_CONFLICT,-80.84516048141047,10.006470541743806,78.92312810548356,ATP_OK,ATO_CREEP,QT
131.19999999999683,SRC_5,STATION_EVENT,ROUTE_CONFLICT,-80.56721307492046,10.005742725536754,78.64516048141047,ATP_OK,ATO_CREEP,QT
131.29999999999683,SRC_5,STATION_EVENT,ROUTE_CONFLICT,-80.28928588508113,10.00501494289514,78.36721307492046,ATP_OK,ATO_CREEP,QT
131.39999999999682,SRC_5,STATION_EVENT,ROUTE_CONFLICT,-80.01137891096013,10.004287193816795,78.08928588508113,ATP_OK,ATO_CREEP,QT
131.49999999999682,SRC_5,STATION_EVENT,ROUTE_CONFLICT,-79.73349215162519,10.003559478299561,77.81137891096013,ATP_OK,ATO_CREEP,QT
131.5999999999968,SRC_5,STATION_EVENT,ROUTE_CONFLICT,-79.45562560614407,10.002831796341288,77.53349215162518,ATP_OK,ATO_CREEP,QT
131.6999999999968,SRC_5,STATION_EVENT,ROUTE_CONFLICT,-79.1777792735846,10.002104147939834,77.25562560614406,ATP_OK,ATO_CREEP,QT
131.7999999999968,SRC_5,STATION_EVENT,ROUTE_CONFLICT,-78.8999531530147,10.001376533093058,76.9777792735846,ATP_OK,ATO_CREEP,QT
131.8999999999968,SRC_5,STATION_EVENT,ROUTE_CONFLICT,-78.62214724350233,10.000648951798823,76.6999531530147,ATP_OK,ATO_CREEP,QT
131.9999999999968,SRC_5,STATION_EVENT,ROUTE_CONFLICT,-78.34436154411547,9.99992140405499,76.42214724350232,ATP_OK,ATO_CREEP,QT
132.09999999999678,SRC_5,STATION_EVENT,ROUTE_CONFLICT,-78.06659605392221,9.999193889859423,76.14436154411547,ATP_OK,ATO_CREEP,QT
132.19999999999678,SRC_5,STATION_EVENT,ROUTE_CONFLICT,-77.7888507719907,9.998466409209989,75.86659605392221,ATP_OK,ATO_CREEP,QT
132.29999999999677,SRC_5,STATION_EVENT,ROUTE_CONFLICT,-77.5111256973891,9.99773896210455,75.58885077199069,ATP_OK,ATO_CREEP,QT
132.39999999999677,SRC_5,STATION_EVENT,ROUTE_CONFLICT,-77.23342082918569,9.997011548540975,75.3111256973891,ATP_OK,ATO_CREEP,QT
132.49999999999676,SRC_5,STATION_EVENT,ROUTE_CONFLICT,-76.95573616644877,9.996284168517123,75.03342082918569,ATP_OK,ATO_CREEP,QT
132.59999999999675,SRC_5,STATION_EVENT,ROUTE_CONFLICT,-76.67807170824672,9.995556822030863,74.75573616644877,ATP_OK,ATO_CREEP,QT
132.69999999999675,SRC_5,STATION_EVENT,ROUTE_CONFLICT,-76.40042745364795,9.994829509080063,74.47807170824672,ATP_OK,ATO_CREEP,QT
132.79999999999674,SRC_5,STATION_EVENT,ROUTE_CONFLICT,-76.12280340172097,9.994102229662586,74.20042745364795,ATP_OK,ATO_CREEP,QT
132.89999999999674,SRC_5,STATION_EVENT,ROUTE_CONFLICT,-75.84519955153432,9.993374983776297,73.92280340172097,ATP_OK,ATO_CREEP,QT
132.99999999999673,SRC_5,STATION_EVENT,ROUTE_CONFLICT,-75.5676159021566,9.992647771419067,73.64519955153432,ATP_OK,ATO_CREEP,QT
133.09999999999673,SRC_5,STATION_EVENT,ROUTE_CONFLICT,-75.2900524526565,9.991920592588759,73.3676159021566,ATP_OK,ATO_CREEP,QT
133.19999999999672,SRC_5,STATION_EVENT,ROUTE_CONFLICT,-75.01250920210272,9.99119344728324,73.0900524526565,ATP_OK,ATO_CREEP,QT
133.29999999999671,SRC_5,STATION_EVENT,ROUTE_CONFLICT,-74.73498614956407,9.990466335500379,72.81250920210272,ATP_OK,ATO_CREEP,QT
133.3999999999967,SRC_5,STATION_EVENT,ROUTE_CONFLICT,-74.45748329410937,9.98973925723804,72.53498614956406,ATP_OK,ATO_CREEP,QT
133.4999999999967,SRC_5,STATION_EVENT,ROUTE_CONFLICT,-74.18000063480753,9.989012212494092,72.25748329410936,ATP_OK,ATO_CREEP,QT
133.5999999999967,SRC_5,STATION_EVENT,ROUTE_CONFLICT,-73.90253817072752,9.988285201266404,71.98000063480752,ATP_OK,ATO_CREEP,QT
133.6999999999967,SRC_5,STATION_EVENT,ROUTE_CONFLICT,-73.62509590093836,9.98755822355284,71.70253817072752,ATP_OK,ATO_CREEP,QT
133.7999999999967,SRC_5,STATION_EVENT,ROUTE_CONFLICT,-73.34767382450914,9.98683127935127,71.42509590093836,ATP_OK,ATO_CREEP,QT
133.89999999999668,SRC_5,STATION_EVENT,ROUTE_CONFLICT,-73.07027194050899,9.986104368659564,71.14767382450914,ATP_OK,ATO_CREEP,QT
133.99999999999667,SRC_5,STATION_EVENT,ROUTE_CONFLICT,-72.79289024800711,9.985377491475587,70.87027194050899,ATP_OK,ATO_CREEP,QT
134.09999999999667,SRC_5,STATION_EVENT,ROUTE_CONFLICT,-72.51552874607276,9.984650647797206,70.59289024800711,ATP_OK,ATO_CREEP,QT
134.19999999999666,SRC_5,STATION_EVENT,ROUTE_CONFLICT,-72.23818743377527,9.983923837622296,70.31552874607276,ATP_OK,ATO_CREEP,QT
134.29999999999666,SRC_5,STATION_EVENT,ROUTE_CONFLICT,-71.960866310184,9.983197060948719,70.03818743377526,ATP_OK,ATO_CREEP,QT
134.39999999999665,SRC_5,STATION_EVENT,ROUTE_CONFLICT,-71.6835653743684,9.982470317774347,69.760866310184,ATP_OK,ATO_CREEP,QT
134.49999999999665,SRC_5,STATION_EVENT,ROUTE_CONFLICT,-71.40628462539796,9.981743608097048,69.4835653743684,ATP_OK,ATO_CREEP,QT
134.59999999999664,SRC_5,STATION_EVENT,ROUTE_CONFLICT,-71.12902406234224,9.981016931914693,69.20628462539796,ATP_OK,ATO_CREEP,QT
134.69999999999663,SRC_5,STATION_EVENT,ROUTE_CONFLICT,-70.85178368427086,9.98029028922515,68.92902406234224,ATP_OK,ATO_CREEP,QT
134.79999999999663,SRC_5,STATION_EVENT,ROUTE_CONFLICT,-70.57456349025348,9.979563680026288,68.65178368427085,ATP_OK,ATO_CREEP,QT
134.89999999999662,SRC_5,STATION_EVENT,ROUTE_CONFLICT,-70.29736347935984,9.97883710431598,68.37456349025348,ATP_OK,ATO_CREEP,QT
134.99999999999662,SRC_5,STATION_EVENT,ROUTE_CONFLICT,-70.02018365065973,9.978110562092093,68.09736347935984,ATP_OK,ATO_CREEP,QT
135.0999999999966,SRC_5,STATION_EVENT,ROUTE_CONFLICT,-69.743024003223,9.977384053352496,67.82018365065973,ATP_OK,ATO_CREEP,QT
135.1999999999966,SRC_5,STATION_EVENT,ROUTE_CONFLICT,-69.46588453611956,9.976657578095061,67.543024003223,ATP_OK,ATO_CREEP,QT
135.2999999999966,SRC_5,STATION_EVENT,ROUTE_CONFLICT,-69.18876524841939,9.97593113631766,67.26588453611956,ATP_OK,ATO_CREEP,QT
135.3999999999966,SRC_5,STATION_EVENT,ROUTE_CONFLICT,-68.9116661391925,9.975204728018163,66.98876524841938,ATP_OK,ATO_CREEP,QT
135.4999999999966,SRC_5,STATION_EVENT,ROUTE_CONFLICT,-68.634587207509,9.97447835319444,66.7116661391925,ATP_OK,ATO_CREEP,QT
135.59999999999658,SRC_5,STATION_EVENT,ROUTE_CONFLICT,-68.35752845243901,9.973752011844361,66.434587207509,ATP_OK,ATO_CREEP,QT
135.69999999999658,SRC_5,STATION_EVENT,ROUTE_CONFLICT,-68.08048987305276,9.9730257039658,66.15752845243901,ATP_OK,ATO_CREEP,QT
135.79999999999657,SRC_5,STATION_EVENT,ROUTE_CONFLICT,-67.8034714684205,9.972299429556625,65.88048987305275,ATP_OK,ATO_CREEP,QT
135.89999999999657,SRC_5,STATION_EVENT,ROUTE_CONFLICT,-67.52647323761256,9.971573188614709,65.6034714684205,ATP_OK,ATO_CREEP,QT
135.99999999999656,SRC_5,STATION_EVENT,ROUTE_CONFLICT,-67.24949517969934,9.970846981137926,65.32647323761256,ATP_OK,ATO_CREEP,QT
136.09999999999656,SRC_5,STATION_EVENT,ROUTE_CONFLICT,-66.97253729375126,9.970120807124147,65.04949517969933,ATP_OK,ATO_CREEP,QT
136.19999999999655,SRC_5,STATION_EVENT,ROUTE_CONFLICT,-66.69559957883882,9.969394666571242,64.77253729375126,ATP_OK,ATO_CREEP,QT
136.29999999999654,SRC_5,STATION_EVENT,ROUTE_CONFLICT,-66.4186820340326,9.968668559477083,64.49559957883882,ATP_OK,ATO_CREEP,QT
136.39999999999654,SRC_5,STATION_EVENT,ROUTE_CONFLICT,-66.1417846584032,9.967942485839547,64.2186820340326,ATP_OK,ATO_CREEP,QT
136.49999999999653,SRC_5,STATION_EVENT,ROUTE_CONFLICT,-65.86490745102131,9.9672164456565,63.94178465840319,ATP_OK,ATO_CREEP,QT
136.59999999999653,SRC_5,STATION_EVENT,ROUTE_CONFLICT,-65.58805041095766,9.966490438925822,63.66490745102131,ATP_OK,ATO_CREEP,QT
136.69999999999652,SRC_5,STATION_EVENT,ROUTE_CONFLICT,-65.31121353728307,9.96576446564538,63.38805041095766,ATP_OK,ATO_CREEP,QT
136.79999999999652,SRC_5,STATION_EVENT,ROUTE_CONFLICT,-65.03439682906837,9.965038525813053,63.111213537283064,ATP_OK,ATO_CREEP,QT
136.8999999999965,SRC_5,STATION_EVENT,ROUTE_CONFLICT,-64.75760028538448,9.964312619426709,62.83439682906837,ATP_OK,ATO_CREEP,QT
136.9999999999965,SRC_5,STATION_EVENT,ROUTE_CONFLICT,-64.48082390530239,9.963586746484223,62.55760028538448,ATP_OK,ATO_CREEP,QT
137.0999999999965,SRC_5,STATION_EVENT,ROUTE_CONFLICT,-64.20406768789312,9.96286090698347,62.280823905302384,ATP_OK,ATO_CREEP,QT
137.1999999999965,SRC_5,STATION_EVENT,ROUTE_CONFLICT,-63.927331632227755,9.962135100922323,62.00406768789311,ATP_OK,ATO_CREEP,QT
137.2999999999965,SRC_5,STATION_EVENT,ROUTE_CONFLICT,-63.650615737377464,9.961409328298657,61.72733163222775,ATP_OK,ATO_CREEP,QT
137.39999999999648,SRC_5,STATION_EVENT,ROUTE_CONFLICT,-63.37392000241345,9.960683589110346,61.45061573737746,ATP_OK,ATO_CREEP,QT
137.49999999999648,SRC_5,STATION_EVENT,ROUTE_CONFLICT,-63.09724442640698,9.959957883355264,61.173920002413446,ATP_OK,ATO_CREEP,QT
137.59999999999647,SRC_5,STATION_EVENT,ROUTE_CONFLICT,-62.82058900842939,9.959232211031285,60.89724442640698,ATP_OK,ATO_CREEP,QT
137.69999999999646,SRC_5,STATION_EVENT,ROUTE_CONFLICT,-62.54395374755206,9.958506572136285,60.620589008429384,ATP_OK,ATO_CREEP,QT
137.79999999999646,SRC_5,STATION_EVENT,ROUTE_CONFLICT,-62.26733864284644,9.957780966668137,60.34395374755206,ATP_OK,ATO_CREEP,QT
137.89999999999645,SRC_5,STATION_EVENT,ROUTE_CONFLICT,-61.99074369338404,9.957055394624721,60.06733864284644,ATP_OK,ATO_CREEP,QT
137.99999999999645,SRC_5,STATION_EVENT,ROUTE_CONFLICT,-61.71416889823642,9.956329856003908,59.79074369338404,ATP_OK,ATO_CREEP,QT
138.09999999999644,SRC_5,STATION_EVENT,ROUTE_CONFLICT,-61.43761425647521,9.955604350803574,59.51416889823642,ATP_OK,ATO_CREEP,QT
138.19999999999644,SRC_5,STATION_EVENT,ROUTE_CONFLICT,-61.16107976717208,9.954878879021594,59.237614256475204,ATP_OK,ATO_CREEP,QT
138.29999999999643,SRC_5,STATION_EVENT,ROUTE_CONFLICT,-60.88456542939878,9.954153440655846,58.96107976717208,ATP_OK,ATO_CREEP,QT
138.39999999999642,SRC_5,STATION_EVENT,ROUTE_CONFLICT,-60.60807124222712,9.953428035704205,58.68456542939878,ATP_OK,ATO_CREEP,QT
138.49999999999642,SRC_5,STATION_EVENT,ROUTE_CONFLICT,-60.33159720472894,9.952702664164546,58.408071242227116,ATP_OK,ATO_CREEP,QT
138.5999999999964,SRC_5,STATION_EVENT,ROUTE_CONFLICT,-60.055143315976174,9.951977326034749,58.13159720472894,ATP_OK,ATO_CREEP,QT
138.6999999999964,SRC_5,STATION_EVENT,ROUTE_CONFLICT,-59.77870957504079,9.951252021312689,57.85514331597617,ATP_OK,ATO_CREEP,QT
138.7999999999964,SRC_5,STATION_EVENT,ROUTE_CONFLICT,-59.50229598099484,9.950526749996241,57.57870957504079,ATP_OK,ATO_CREEP,QT
138.8999999999964,SRC_5,STATION_EVENT,ROUTE_CONFLICT,-59.225902532910396,9.949801512083283,57.302295980994835,ATP_OK,ATO_CREEP,QT
138.9999999999964,SRC_5,STATION_EVENT,ROUTE_CONFLICT,-58.949529229859635,9.949076307571692,57.225902532910396,ATP_OK,ATO_CREEP,QT
139.09999999999638,SRC_5,STATION_EVENT,ROUTE_CONFLICT,-58.67317607091476,9.948351136459346,56.949529229859635,ATP_OK,ATO_CREEP,QT
139.19999999999638,SRC_5,STATION_EVENT,ROUTE_CONFLICT,-58.39684305514804,9.94762599874412,56.67317607091476,ATP_OK,ATO_CREEP,QT
139.29999999999637,SRC_5,STATION_EVENT,ROUTE_CONFLICT,-58.120530181631814,9.946900894423898,56.39684305514804,ATP_OK,ATO_CREEP,QT
139.39999999999637,SRC_5,STATION_EVENT,ROUTE_CONFLICT,-57.844237449438474,9.946175823496551,56.120530181631814,ATP_OK,ATO_CREEP,QT
139.49999999999636,SRC_5,STATION_EVENT,ROUTE_CONFLICT,-57.56796485764047,9.94545078595996,55.844237449438474,ATP_OK,ATO_CREEP,QT
139.59999999999636,SRC_5,STATION_EVENT,ROUTE_CONFLICT,-57.2917124053103,9.944725781812002,55.56796485764047,ATP_OK,ATO_CREEP,QT
139.69999999999635,SRC_5,STATION_EVENT,ROUTE_CONFLICT,-57.015480091520544,9.944000811050557,55.2917124053103,ATP_OK,ATO_CREEP,QT
139.79999999999634,SRC_5,STATION_EVENT,ROUTE_CONFLICT,-56.739267915343824,9.943275873673503,55.015480091520544,ATP_OK,ATO_CREEP,QT
139.89999999999634,SRC_5,STATION_EVENT,ROUTE_CONFLICT,-56.46307587585282,9.942550969678718,54.739267915343824,ATP_OK,ATO_CREEP,QT
139.99999999999633,SRC_5,STATION_EVENT,ROUTE_CONFLICT,-56.186903972120284,9.941826099064082,54.46307587585282,ATP_OK,ATO_CREEP,QT
140.09999999999633,SRC_5,STATION_EVENT,ROUTE_CONFLICT,-55.91075220321901,9.941101261827471,54.186903972120284,ATP_OK,ATO_CREEP,QT
140.19999999999632,SRC_5,STATION_EVENT,ROUTE_CONFLICT,-55.63462056822187,9.940376457966769,53.91075220321901,ATP_OK,ATO_CREEP,QT
140.29999999999632,SRC_5,STATION_EVENT,ROUTE_CONFLICT,-55.358509066201776,9.939651687479854,53.63462056822187,ATP_OK,ATO_CREEP,QT
140.3999999999963,SRC_5,STATION_EVENT,ROUTE_CONFLICT,-55.082417696231715,9.938926950364603,53.358509066201776,ATP_OK,ATO_CREEP,QT
140.4999999999963,SRC_5,STATION_EVENT,ROUTE_CONFLICT,-54.80634645738472,9.938202246618898,53.082417696231715,ATP_OK,ATO_CREEP,QT
140.5999999999963,SRC_5,STATION_EVENT,ROUTE_CONFLICT,-54.530295348733894,9.93747757624062,52.80634645738472,ATP_OK,ATO_CREEP,QT
140.6999999999963,SRC_5,STATION_EVENT,ROUTE_CONFLICT,-54.25426436935239,9.936752939227645,52.530295348733894,ATP_OK,ATO_CREEP,QT
140.7999999999963,SRC_5,STATION_EVENT,ROUTE_CONFLICT,-53.97825351831342,9.936028335577857,52.25426436935239,ATP_OK,ATO_CREEP,QT
140.89999999999628,SRC_5,STATION_EVENT,ROUTE_CONFLICT,-53.70226279469027,9.935303765289136,51.97825351831342,ATP_OK,ATO_CREEP,QT
140.99999999999628,SRC_5,STATION_EVENT,ROUTE_CONFLICT,-53.426292197556265,9.934579228359363,51.70226279469027,ATP_OK,ATO_CREEP,QT
141.09999999999627,SRC_5,STATION_EVENT,ROUTE_CONFLICT,-53.150341725984795,9.933854724786416,51.426292197556265,ATP_OK,ATO_CREEP,QT
141.19999999999627,SRC_5,STATION_EVENT,ROUTE_CONFLICT,-52.87441137904931,9.933130254568178,51.150341725984795,ATP_OK,ATO_CREEP,QT
141.29999999999626,SRC_5,STATION_EVENT,ROUTE_CONFLICT,-52.59850115582333,9.932405817702533,50.87441137904931,ATP_OK,ATO_CREEP,QT
141.39999999999625,SRC_5,STATION_EVENT,ROUTE_CONFLICT,-52.32261105538041,9.931681414187358,50.59850115582333,ATP_OK,ATO_CREEP,QT
141.49999999999625,SRC_5,STATION_EVENT,ROUTE_CONFLICT,-52.04674107679419,9.930957044020536,50.32261105538041,ATP_OK,ATO_CREEP,QT
141.59999999999624,SRC_5,STATION_EVENT,ROUTE_CONFLICT,-51.77089121913835,9.93023270719995,50.04674107679419,ATP_OK,ATO_CREEP,QT
141.69999999999624,SRC_5,STATION_EVENT,ROUTE_CONFLICT,-51.49506148148664,9.92950840372348,49.77089121913835,ATP_OK,ATO_CREEP,QT
141.79999999999623,SRC_5,STATION_EVENT,ROUTE_CONFLICT,-51.219251862912856,9.92878413358901,49.49506148148664,ATP_OK,ATO_CREEP,QT
141.89999999999623,SRC_5,STATION_EVENT,ROUTE_CONFLICT,-50.94346236249086,9.928059896794421,49.219251862912856,ATP_OK,ATO_CREEP,QT
141.99999999999622,SRC_5,STATION_EVENT,ROUTE_CONFLICT,-50.667692979294586,9.927335693337598,48.94346236249086,ATP_OK,ATO_CREEP,QT
142.09999999999621,SRC_5,STATION_EVENT,ROUTE_CONFLICT,-50.391943712398,9.926611523216419,48.667692979294586,ATP_OK,ATO_CREEP,QT
142.1999999999962,SRC_5,STATION_EVENT,ROUTE_CONFLICT,-50.11621456087515,9.925887386428771,48.391943712398,ATP_OK,ATO_CREEP,QT
142.2999999999962,SRC_5,STATION_EVENT,ROUTE_CONFLICT,-49.84050552380013,9.925163282972536,48.11621456087515,ATP_OK,ATO_CREEP,QT
142.3999999999962,SRC_5,STATION_EVENT,ROUTE_CONFLICT,-49.564816600247106,9.924439212845595,47.84050552380013,ATP_OK,ATO_CREEP,QT
142.4999999999962,SRC_5,STATION_EVENT,ROUTE_CONFLICT,-49.28914778929028,9.923715176045834,47.564816600247106,ATP_OK,ATO_CREEP,QT
142.5999999999962,SRC_5,STATION_EVENT,ROUTE_CONFLICT,-49.01349909000393,9.922991172571134,47.28914778929028,ATP_OK,ATO_CREEP,QT
142.69999999999618,SRC_5,STATION_EVENT,ROUTE_CONFLICT,-48.737870501462396,9.922267202419382,47.01349909000393,ATP_OK,ATO_CREEP,QT
142.79999999999617,SRC_5,STATION_EVENT,ROUTE_CONFLICT,-48.46226202274006,9.92154326558846,46.737870501462396,ATP_OK,ATO_CREEP,QT
142.89999999999617,SRC_5,STATION_EVENT,ROUTE_CONFLICT,-48.18667365291139,9.920819362076251,46.46226202274006,ATP_OK,ATO_CREEP,QT
142.99999999999616,SRC_5,STATION_EVENT,ROUTE_CONFLICT,-47.911105391050874,9.920095491880641,46.18667365291139,ATP_OK,ATO_CREEP,QT
143.09999999999616,SRC_5,STATION_EVENT,ROUTE_CONFLICT,-47.6355572362331,9.919371654999516,45.911105391050874,ATP_OK,ATO_CREEP,QT
143.19999999999615,SRC_5,STATION_EVENT,ROUTE_CONFLICT,-47.360029187532675,9.918647851430755,45.6355572362331,ATP_OK,ATO_CREEP,QT
143.29999999999615,SRC_5,STATION_EVENT,ROUTE_CONFLICT,-47.0845212440243,9.917924081172249,45.360029187532675,ATP_OK,ATO_CREEP,QT
143.39999999999614,SRC_5,STATION_EVENT,ROUTE_CONFLICT,-46.80903340478272,9.917200344221879,45.0845212440243,ATP_OK,ATO_CREEP,QT
143.49999999999613,SRC_5,STATION_EVENT,ROUTE_CONFLICT,-46.53356566888272,9.916476640577532,44.80903340478272,ATP_OK,ATO_CREEP,QT
143.59999999999613,SRC_5,STATION_EVENT,ROUTE_CONFLICT,-46.258118035399185,9.915752970237092,44.53356566888272,ATP_OK,ATO_CREEP,QT
143.69999999999612,SRC_5,STATION_EVENT,ROUTE_CONFLICT,-45.98269050340703,9.915029333198445,44.258118035399185,ATP_OK,ATO_CREEP,QT
143.79999999999612,SRC_5,STATION_EVENT,ROUTE_CONFLICT,-45.70728307198122,9.914305729459478,43.98269050340703,ATP_OK,ATO_CREEP,QT
143.8999999999961,SRC_5,STATION_EVENT,ROUTE_CONFLICT,-45.431895740196815,9.913582159018075,43.70728307198122,ATP_OK,ATO_CREEP,QT
143.9999999999961,SRC_5,STATION_EVENT,ROUTE_CONFLICT,-45.1565285071289,9.912858621872122,43.431895740196815,ATP_OK,ATO_CREEP,QT
144.0999999999961,SRC_5,STATION_EVENT,ROUTE_CONFLICT,-44.88118137185263,9.912135118019508,43.1565285071289,ATP_OK,ATO_CREEP,QT
144.1999999999961,SRC_5,STATION_EVENT,ROUTE_CONFLICT,-44.60585433344322,9.911411647458117,42.88118137185263,ATP_OK,ATO_CREEP,QT
144.2999999999961,SRC_5,STATION_EVENT,ROUTE_CONFLICT,-44.330547390975944,9.910688210185835,42.60585433344322,ATP_OK,ATO_CREEP,QT
144.39999999999608,SRC_5,STATION_EVENT,ROUTE_CONFLICT,-44.05526054352613,9.90996480620055,42.330547390975944,ATP_OK,ATO_CREEP,QT
144.49999999999608,SRC_5,STATION_EVENT,ROUTE_CONFLICT,-43.77999379016918,9.909241435500148,42.05526054352613,ATP_OK,ATO_CREEP,QT
144.59999999999607,SRC_5,STATION_EVENT,ROUTE_CONFLICT,-43.50474712998053,9.908518098082517,41.77999379016918,ATP_OK,ATO_CREEP,QT
144.69999999999607,SRC_5,STATION_EVENT,ROUTE_CONFLICT,-43.229520562035695,9.907794793945545,41.50474712998053,ATP_OK,ATO_CREEP,QT
144.79999999999606,SRC_5,STATION_EVENT,ROUTE_CONFLICT,-42.95431408541024,9.907071523087119,41.229520562035695,ATP_OK,ATO_CREEP,QT
144.89999999999606,SRC_5,STATION_EVENT,ROUTE_CONFLICT,-42.679127699179794,9.906348285505123,40.95431408541024,ATP_OK,ATO_CREEP,QT
144.99999999999605,SRC_5,STATION_EVENT,ROUTE_CONFLICT,-42.40396140242004,9.905625081197451,40.679127699179794,ATP_OK,ATO_CREEP,QT
145.09999999999604,SRC_5,STATION_EVENT,ROUTE_CONFLICT,-42.12881519420671,9.904901910161986,40.40396140242004,ATP_OK,ATO_CREEP,QT
145.19999999999604,SRC_5,STATION_EVENT,ROUTE_CONFLICT,-41.85368907361562,9.904178772396618,40.12881519420671,ATP_OK,ATO_CREEP,QT
145.29999999999603,SRC_5,STATION_EVENT,ROUTE_CONFLICT,-41.57858303972262,9.903455667899236,39.85368907361562,ATP_OK,ATO_CREEP,QT
145.39999999999603,SRC_5,STATION_EVENT,ROUTE_CONFLICT,-41.30349709160364,9.902732596667727,39.57858303972262,ATP_OK,ATO_CREEP,QT
145.49999999999602,SRC_5,STATION_EVENT,ROUTE_CONFLICT,-41.02843122833464,9.90200955869998,39.30349709160364,ATP_OK,ATO_CREEP,QT
145.59999999999602,SRC_5,STATION_EVENT,ROUTE_CONFLICT,-40.75338544899167,9.901286553993886,39.02843122833464,ATP_OK,ATO_CREEP,QT
145.699999999996,SRC_5,STATION_EVENT,ROUTE_CONFLICT,-40.478359752650825,9.900563582547331,38.75338544899167,ATP_OK,ATO_CREEP,QT
145.799999999996,SRC_5,STATION_EVENT,ROUTE_CONFLICT,-40.20335413838825,9.899840644358207,38.478359752650825,ATP_OK,ATO_CREEP,QT
145.899999999996,SRC_5,STATION_EVENT,ROUTE_CONFLICT,-39.928368605280156,9.899117739424403,38.20335413838825,ATP_OK,ATO_CREEP,QT
145.999999999996,SRC_5,STATION_EVENT,ROUTE_CONFLICT,-39.65340315240282,9.898394867743805,37.928368605280156,ATP_OK,ATO_CREEP,QT
146.099999999996,SRC_5,STATION_EVENT,ROUTE_CONFLICT,-39.37845777883256,9.897672029314307,37.65340315240282,ATP_OK,ATO_CREEP,QT
146.19999999999598,SRC_5,STATION_EVENT,ROUTE_CONFLICT,-39.103532483645786,9.896949224133797,37.37845777883256,ATP_OK,ATO_CREEP,QT
146.29999999999598,SRC_5,STATION_EVENT,ROUTE_CONFLICT,-38.828627265918925,9.896226452200166,37.103532483645786,ATP_OK,ATO_CREEP,QT
146.39999999999597,SRC_5,STATION_EVENT,ROUTE_CONFLICT,-38.55374212472849,9.895503713511303,36.828627265918925,ATP_OK,ATO_CREEP,QT
146.49999999999596,SRC_5,STATION_EVENT,ROUTE_CONFLICT,-38.278877059151036,9.894781008065099,36.55374212472849,ATP_OK,ATO_CREEP,QT
146.59999999999596,SRC_5,STATION_EVENT,ROUTE_CONFLICT,-38.00403206826319,9.894058335859444,36.278877059151036,ATP_OK,ATO_CREEP,QT
146.69999999999595,SRC_5,STATION_EVENT,ROUTE_CONFLICT,-37.729207151141644,9.893335696892231,36.00403206826319,ATP_OK,ATO_CREEP,QT
146.79999999999595,SRC_5,STATION_EVENT,ROUTE_CONFLICT,-37.45440230686312,9.89261309116135,35.729207151141644,ATP_OK,ATO_CREEP,QT
146.89999999999594,SRC_5,STATION_EVENT,ROUTE_CONFLICT,-37.17961753450443,9.891890518664692,35.45440230686312,ATP_OK,ATO_CREEP,QT
146.99999999999594,SRC_5,STATION_EVENT,ROUTE_CONFLICT,-36.90485283314242,9.891167979400146,35.17961753450443,ATP_OK,ATO_CREEP,QT
147.09999999999593,SRC_5,STATION_EVENT,ROUTE_CONFLICT,-36.63010820185401,9.890445473365608,34.90485283314242,ATP_OK,ATO_CREEP,QT
147.19999999999592,SRC_5,STATION_EVENT,ROUTE_CONFLICT,-36.355383639716166,9.889723000558964,34.63010820185401,ATP_OK,ATO_CREEP,QT
147.29999999999592,SRC_5,STATION_EVENT,ROUTE_CONFLICT,-36.08067914580593,9.889000560978111,34.355383639716166,ATP_OK,ATO_CREEP,QT
147.3999999999959,SRC_5,STATION_EVENT,ROUTE_CONFLICT,-35.80599471920039,9.888278154620942,34.08067914580593,ATP_OK,ATO_CREEP,QT
147.4999999999959,SRC_5,STATION_EVENT,ROUTE_CONFLICT,-35.531330358976696,9.887555781485343,33.80599471920039,ATP_OK,ATO_CREEP,QT
147.5999999999959,SRC_5,STATION_EVENT,ROUTE_CONFLICT,-35.25668606421205,9.88683344156921,33.531330358976696,ATP_OK,ATO_CREEP,QT
147.6999999999959,SRC_5,STATION_EVENT,ROUTE_CONFLICT,-34.98206183398372,9.886111134870438,33.25668606421205,ATP_OK,ATO_CREEP,QT
147.7999999999959,SRC_5,STATION_EVENT,ROUTE_CONFLICT,-34.707457667369034,9.885388861386918,32.98206183398372,ATP_OK,ATO_CREEP,QT
147.89999999999588,SRC_5,STATION_EVENT,ROUTE_CONFLICT,-34.432873563445376,9.88466662111654,32.707457667369034,ATP_OK,ATO_CREEP,QT
147.99999999999588,SRC_5,STATION_EVENT,ROUTE_CONFLICT,-34.158309521290185,9.8839444140572,32.432873563445376,ATP_OK,ATO_CREEP,QT
148.09999999999587,SRC_5,STATION_EVENT,ROUTE_CONFLICT,-33.88376553998096,9.88322224020679,32.158309521290185,ATP_OK,ATO_CREEP,QT
148.19999999999587,SRC_5,STATION_EVENT,ROUTE_CONFLICT,-33.60924161859527,9.882500099563204,31.883765539980963,ATP_OK,ATO_CREEP,QT
148.29999999999586,SRC_5,STATION_EVENT,ROUTE_CONFLICT,-33.33473775621072,9.881777992124336,31.60924161859527,ATP_OK,ATO_CREEP,QT
148.39999999999586,SRC_5,STATION_EVENT,ROUTE_CONFLICT,-33.06025395190499,9.88105591788808,31.33473775621072,ATP_OK,ATO_CREEP,QT
148.49999999999585,SRC_5,STATION_EVENT,ROUTE_CONFLICT,-32.78579020475582,9.88033387685233,31.06025395190499,ATP_OK,ATO_CREEP,QT
148.59999999999584,SRC_5,STATION_EVENT,ROUTE_CONFLICT,-32.511346513841,9.87961186901498,30.78579020475582,ATP_OK,ATO_CREEP,QT
148.69999999999584,SRC_5,STATION_EVENT,ROUTE_CONFLICT,-32.236922878238374,9.878889894373923,30.511346513840998,ATP_OK,ATO_CREEP,QT
148.79999999999583,SRC_5,STATION_EVENT,ROUTE_CONFLICT,-31.96251929702586,9.878167952927054,30.236922878238374,ATP_OK,ATO_CREEP,QT
148.89999999999583,SRC_5,STATION_EVENT,ROUTE_CONFLICT,-31.688135769281427,9.87744604467227,29.96251929702586,ATP_OK,ATO_CREEP,QT
148.99999999999582,SRC_5,STATION_EVENT,ROUTE_CONFLICT,-31.4137722940831,9.876724169607463,29.688135769281427,ATP_OK,ATO_CREEP,QT
149.09999999999582,SRC_5,STATION_EVENT,ROUTE_CONFLICT,-31.13942887050896,9.87600232773053,29.4137722940831,ATP_OK,ATO_CREEP,QT
149.1999999999958,SRC_5,STATION_EVENT,ROUTE_CONFLICT,-30.865105497637156,9.875280519039366,29.13942887050896,ATP_OK,ATO_CREEP,QT
125.29999999999715,SRC_6,STATION_EVENT,ROUTE_CONFLICT,-105.0,0.0,5.0,ATP_STANDSTILL,ATO_HOLD,HC
125.39999999999715,SRC_6,STATION_EVENT,ROUTE_CONFLICT,-105.0,0.0,5.0,ATP_STANDSTILL,ATO_HOLD,HC
125.49999999999714,SRC_6,STATION_EVENT,ROUTE_CONFLICT,-105.0,0.0,5.0,ATP_STANDSTILL,ATO_HOLD,HC
125.59999999999714,SRC_6,STATION_EVENT,ROUTE_CONFLICT,-105.0,0.0,5.0,ATP_STANDSTILL,ATO_HOLD,HC
125.69999999999713,SRC_6,STATION_EVENT,ROUTE_CONFLICT,-105.0,0.0,5.0,ATP_STANDSTILL,ATO_HOLD,HC
125.79999999999713,SRC_6,STATION_EVENT,ROUTE_CONFLICT,-105.0,0.0,5.0,ATP_STANDSTILL,ATO_HOLD,HC
125.89999999999712,SRC_6,STATION_EVENT,ROUTE_CONFLICT,-105.0,0.0,5.0,ATP_STANDSTILL,ATO_HOLD,HC
125.99999999999712,SRC_6,STATION_EVENT,ROUTE_CONFLICT,-105.0,0.0,5.0,ATP_STANDSTILL,ATO_HOLD,HC
126.09999999999711,SRC_6,STATION_EVENT,ROUTE_CONFLICT,-105.0,0.0,5.0,ATP_STANDSTILL,ATO_HOLD,HC
126.1999999999971,SRC_6,STATION_EVENT,ROUTE_CONFLICT,-105.0,0.0,5.0,ATP_STANDSTILL,ATO_HOLD,HC
126.2999999999971,SRC_6,STATION_EVENT,ROUTE_CONFLICT,-105.0,0.0,5.0,ATP_STANDSTILL,ATO_HOLD,HC
126.39999999999709,SRC_6,STATION_EVENT,ROUTE_CONFLICT,-105.0,0.0,5.0,ATP_STANDSTILL,ATO_HOLD,HC
126.49999999999709,SRC_6,STATION_EVENT,ROUTE_CONFLICT,-105.0,0.0,5.0,ATP_STANDSTILL,ATO_HOLD,HC
126.59999999999708,SRC_6,STATION_EVENT,ROUTE_CONFLICT,-105.0,0.0,5.0,ATP_STANDSTILL,ATO_HOLD,HC
126.69999999999708,SRC_6,STATION_EVENT,ROUTE_CONFLICT,-105.0,0.0,5.0,ATP_STANDSTILL,ATO_HOLD,HC
126.79999999999707,SRC_6,STATION_EVENT,ROUTE_CONFLICT,-105.0,0.0,5.0,ATP_STANDSTILL,ATO_HOLD,HC
126.89999999999706,SRC_6,STATION_EVENT,ROUTE_CONFLICT,-105.0,0.0,5.0,ATP_STANDSTILL,ATO_HOLD,HC
126.99999999999706,SRC_6,STATION_EVENT,ROUTE_CONFLICT,-105.0,0.0,5.0,ATP_STANDSTILL,ATO_HOLD,HC
127.09999999999705,SRC_6,STATION_EVENT,ROUTE_CONFLICT,-105.0,0.0,5.0,ATP_STANDSTILL,ATO_HOLD,HC
127.19999999999705,SRC_6,STATION_EVENT,ROUTE_CONFLICT,-105.0,0.0,5.0,ATP_STANDSTILL,ATO_HOLD,HC
127.29999999999704,SRC_6,STATION_EVENT,ROUTE_CONFLICT,-105.0,0.0,5.0,ATP_STANDSTILL,ATO_HOLD,HC
127.39999999999704,SRC_6,STATION_EVENT,ROUTE_CONFLICT,-105.0,0.0,5.0,ATP_STANDSTILL,ATO_HOLD,HC
127.49999999999703,SRC_6,STATION_EVENT,ROUTE_CONFLICT,-105.0,0.0,5.0,ATP_STANDSTILL,ATO_HOLD,HC
127.59999999999702,SRC_6,STATION_EVENT,ROUTE_CONFLICT,-105.0,0.0,5.0,ATP_STANDSTILL,ATO_HOLD,HC
127.69999999999702,SRC_6,STATION_EVENT,ROUTE_CONFLICT,-105.0,0.0,5.0,ATP_STANDSTILL,ATO_HOLD,HC
127.79999999999701,SRC_6,STATION_EVENT,ROUTE_CONFLICT,-105.0,0.0,5.0,ATP_STANDSTILL,ATO_HOLD,HC
127.89999999999701,SRC_6,STATION_EVENT,ROUTE_CONFLICT,-105.0,0.0,5.0,ATP_STANDSTILL,ATO_HOLD,HC
127.999999999997,SRC_6,STATION_EVENT,ROUTE_CONFLICT,-105.0,0.0,5.0,ATP_STANDSTILL,ATO_HOLD,HC
128.099999999997,SRC_6,STATION_EVENT,ROUTE_CONFLICT,-105.0,0.0,5.0,ATP_STANDSTILL,ATO_HOLD,HC
128.199999999997,SRC_6,STATION_EVENT,ROUTE_CONFLICT,-105.0,0.0,5.0,ATP_STANDSTILL,ATO_HOLD,HC
128.299999999997,SRC_6,STATION_EVENT,ROUTE_CONFLICT,-105.0,0.0,5.0,ATP_STANDSTILL,ATO_HOLD,HC
128.399999999997,SRC_6,STATION_EVENT,ROUTE_CONFLICT,-105.0,0.0,5.0,ATP_STANDSTILL,ATO_HOLD,HC
128.499999999997,SRC_6,STATION_EVENT,ROUTE_CONFLICT,-105.0,0.0,5.0,ATP_STANDSTILL,ATO_HOLD,HC
128.59999999999698,SRC_6,STATION_EVENT,ROUTE_CONFLICT,-105.0,0.0,5.0,ATP_STANDSTILL,ATO_HOLD,HC
128.69999999999698,SRC_6,STATION_EVENT,ROUTE_CONFLICT,-105.0,0.0,5.0,ATP_STANDSTILL,ATO_HOLD,HC
128.79999999999697,SRC_6,STATION_EVENT,ROUTE_CONFLICT,-105.0,0.0,5.0,ATP_STANDSTILL,ATO_HOLD,HC
128.89999999999696,SRC_6,STATION_EVENT,ROUTE_CONFLICT,-105.0,0.0,5.0,ATP_STANDSTILL,ATO_HOLD,HC
128.99999999999696,SRC_6,STATION_EVENT,ROUTE_CONFLICT,-105.0,0.0,5.0,ATP_STANDSTILL,ATO_HOLD,HC
129.09999999999695,SRC_6,STATION_EVENT,ROUTE_CONFLICT,-105.0,0.0,5.0,ATP_STANDSTILL,ATO_HOLD,HC
129.19999999999695,SRC_6,STATION_EVENT,ROUTE_CONFLICT,-105.0,0.0,5.0,ATP_STANDSTILL,ATO_HOLD,HC
129.29999999999694,SRC_6,STATION_EVENT,ROUTE_CONFLICT,-105.0,0.0,5.0,ATP_STANDSTILL,ATO_HOLD,HC
129.39999999999694,SRC_6,STATION_EVENT,ROUTE_CONFLICT,-105.0,0.0,5.0,ATP_STANDSTILL,ATO_HOLD,HC
129.49999999999693,SRC_6,STATION_EVENT,ROUTE_CONFLICT,-105.0,0.0,5.0,ATP_STANDSTILL,ATO_HOLD,HC
129.59999999999692,SRC_6,STATION_EVENT,ROUTE_CONFLICT,-105.0,0.0,5.0,ATP_STANDSTILL,ATO_HOLD,HC
129.69999999999692,SRC_6,STATION_EVENT,ROUTE_CONFLICT,-105.0,0.0,5.0,ATP_STANDSTILL,ATO_HOLD,HC
129.7999999999969,SRC_6,STATION_EVENT,ROUTE_CONFLICT,-105.0,0.0,5.0,ATP_STANDSTILL,ATO_HOLD,HC
129.8999999999969,SRC_6,STATION_EVENT,ROUTE_CONFLICT,-105.0,0.0,5.0,ATP_STANDSTILL,ATO_HOLD,HC
129.9999999999969,SRC_6,STATION_EVENT,ROUTE_CONFLICT,-105.0,0.0,5.0,ATP_STANDSTILL,ATO_HOLD,HC
130.0999999999969,SRC_6,STATION_EVENT,ROUTE_CONFLICT,-105.0,0.0,5.0,ATP_STANDSTILL,ATO_HOLD,HC
130.1999999999969,SRC_6,STATION_EVENT,ROUTE_CONFLICT,-105.0,0.0,5.0,ATP_STANDSTILL,ATO_HOLD,HC
130.29999999999688,SRC_6,STATION_EVENT,ROUTE_CONFLICT,-105.0,0.0,5.0,ATP_STANDSTILL,ATO_HOLD,HC
130.39999999999688,SRC_6,STATION_EVENT,ROUTE_CONFLICT,-105.0,0.0,5.0,ATP_STANDSTILL,ATO_HOLD,HC
130.49999999999687,SRC_6,STATION_EVENT,ROUTE_CONFLICT,-105.0,0.0,5.0,ATP_STANDSTILL,ATO_HOLD,HC
130.59999999999687,SRC_6,STATION_EVENT,ROUTE_CONFLICT,-105.0,0.0,5.0,ATP_STANDSTILL,ATO_HOLD,HC
130.69999999999686,SRC_6,STATION_EVENT,ROUTE_CONFLICT,-105.0,0.0,5.0,ATP_STANDSTILL,ATO_HOLD,HC
130.79999999999686,SRC_6,STATION_EVENT,ROUTE_CONFLICT,-105.0,0.0,5.0,ATP_STANDSTILL,ATO_HOLD,HC
130.89999999999685,SRC_6,STATION_EVENT,ROUTE_CONFLICT,-105.0,0.0,5.0,ATP_STANDSTILL,ATO_HOLD,HC
130.99999999999685,SRC_6,STATION_EVENT,ROUTE_CONFLICT,-105.0,0.0,5.0,ATP_STANDSTILL,ATO_HOLD,HC
131.09999999999684,SRC_6,STATION_EVENT,ROUTE_CONFLICT,-105.0,0.0,5.0,ATP_STANDSTILL,ATO_HOLD,HC
131.19999999999683,SRC_6,STATION_EVENT,ROUTE_CONFLICT,-105.0,0.0,5.0,ATP_STANDSTILL,ATO_HOLD,HC
131.29999999999683,SRC_6,STATION_EVENT,ROUTE_CONFLICT,-105.0,0.0,5.0,ATP_STANDSTILL,ATO_HOLD,HC
131.39999999999682,SRC_6,STATION_EVENT,ROUTE_CONFLICT,-105.0,0.0,5.0,ATP_STANDSTILL,ATO_HOLD,HC
131.49999999999682,SRC_6,STATION_EVENT,ROUTE_CONFLICT,-105.0,0.0,5.0,ATP_STANDSTILL,ATO_HOLD,HC
131.5999999999968,SRC_6,STATION_EVENT,ROUTE_CONFLICT,-105.0,0.0,5.0,ATP_STANDSTILL,ATO_HOLD,HC
131.6999999999968,SRC_6,STATION_EVENT,ROUTE_CONFLICT,-105.0,0.0,5.0,ATP_STANDSTILL,ATO_HOLD,HC
131.7999999999968,SRC_6,STATION_EVENT,ROUTE_CONFLICT,-105.0,0.0,5.0,ATP_STANDSTILL,ATO_HOLD,HC
131.8999999999968,SRC_6,STATION_EVENT,ROUTE_CONFLICT,-105.0,0.0,5.0,ATP_STANDSTILL,ATO_HOLD,HC
131.9999999999968,SRC_6,STATION_EVENT,ROUTE_CONFLICT,-105.0,0.0,5.0,ATP_STANDSTILL,ATO_HOLD,HC
132.09999999999678,SRC_6,STATION_EVENT,ROUTE_CONFLICT,-105.0,0.0,5.0,ATP_STANDSTILL,ATO_HOLD,HC
132.19999999999678,SRC_6,STATION_EVENT,ROUTE_CONFLICT,-105.0,0.0,5.0,ATP_STANDSTILL,ATO_HOLD,HC
132.29999999999677,SRC_6,STATION_EVENT,ROUTE_CONFLICT,-105.0,0.0,5.0,ATP_STANDSTILL,ATO_HOLD,HC
132.39999999999677,SRC_6,STATION_EVENT,ROUTE_CONFLICT,-105.0,0.0,5.0,ATP_STANDSTILL,ATO_HOLD,HC
132.49999999999676,SRC_6,STATION_EVENT,ROUTE_CONFLICT,-105.0,0.0,5.0,ATP_STANDSTILL,ATO_HOLD,HC
132.59999999999675,SRC_6,STATION_EVENT,ROUTE_CONFLICT,-105.0,0.0,5.0,ATP_STANDSTILL,ATO_HOLD,HC
132.69999999999675,SRC_6,STATION_EVENT,ROUTE_CONFLICT,-105.0,0.0,5.0,ATP_STANDSTILL,ATO_HOLD,HC
132.79999999999674,SRC_6,STATION_EVENT,ROUTE_CONFLICT,-105.0,0.0,5.0,ATP_STANDSTILL,ATO_HOLD,HC
132.89999999999674,SRC_6,STATION_EVENT,ROUTE_CONFLICT,-105.0,0.0,5.0,ATP_STANDSTILL,ATO_HOLD,HC
132.99999999999673,SRC_6,STATION_EVENT,ROUTE_CONFLICT,-105.0,0.0,5.0,ATP_STANDSTILL,ATO_HOLD,HC
133.09999999999673,SRC_6,STATION_EVENT,ROUTE_CONFLICT,-105.0,0.0,5.0,ATP_STANDSTILL,ATO_HOLD,HC
133.19999999999672,SRC_6,STATION_EVENT,ROUTE_CONFLICT,-105.0,0.0,5.0,ATP_STANDSTILL,ATO_HOLD,HC
133.29999999999671,SRC_6,STATION_EVENT,ROUTE_CONFLICT,-105.0,0.0,5.0,ATP_STANDSTILL,ATO_HOLD,HC
133.3999999999967,SRC_6,STATION_EVENT,ROUTE_CONFLICT,-105.0,0.0,5.0,ATP_STANDSTILL,ATO_HOLD,HC
133.4999999999967,SRC_6,STATION_EVENT,ROUTE_CONFLICT,-105.0,0.0,5.0,ATP_STANDSTILL,ATO_HOLD,HC
133.5999999999967,SRC_6,STATION_EVENT,ROUTE_CONFLICT,-105.0,0.0,5.0,ATP_STANDSTILL,ATO_HOLD,HC
133.6999999999967,SRC_6,STATION_EVENT,ROUTE_CONFLICT,-105.0,0.0,5.0,ATP_STANDSTILL,ATO_HOLD,HC
133.7999999999967,SRC_6,STATION_EVENT,ROUTE_CONFLICT,-105.0,0.0,5.0,ATP_STANDSTILL,ATO_HOLD,HC
133.89999999999668,SRC_6,STATION_EVENT,ROUTE_CONFLICT,-105.0,0.0,5.0,ATP_STANDSTILL,ATO_HOLD,HC
133.99999999999667,SRC_6,STATION_EVENT,ROUTE_CONFLICT,-105.0,0.0,5.0,ATP_STANDSTILL,ATO_HOLD,HC
134.09999999999667,SRC_6,STATION_EVENT,ROUTE_CONFLICT,-105.0,0.0,5.0,ATP_STANDSTILL,ATO_HOLD,HC
134.19999999999666,SRC_6,STATION_EVENT,ROUTE_CONFLICT,-105.0,0.0,5.0,ATP_STANDSTILL,ATO_HOLD,HC
134.29999999999666,SRC_6,STATION_EVENT,ROUTE_CONFLICT,-105.0,0.0,5.0,ATP_STANDSTILL,ATO_HOLD,HC
134.39999999999665,SRC_6,STATION_EVENT,ROUTE_CONFLICT,-105.0,0.0,5.0,ATP_STANDSTILL,ATO_HOLD,HC
134.49999999999665,SRC_6,STATION_EVENT,ROUTE_CONFLICT,-105.0,0.0,5.0,ATP_STANDSTILL,ATO_HOLD,HC
134.59999999999664,SRC_6,STATION_EVENT,ROUTE_CONFLICT,-105.0,0.0,5.0,ATP_STANDSTILL,ATO_HOLD,HC
134.69999999999663,SRC_6,STATION_EVENT,ROUTE_CONFLICT,-105.0,0.0,5.0,ATP_STANDSTILL,ATO_HOLD,HC
134.79999999999663,SRC_6,STATION_EVENT,ROUTE_CONFLICT,-105.0,0.0,5.0,ATP_STANDSTILL,ATO_HOLD,HC
134.89999999999662,SRC_6,STATION_EVENT,ROUTE_CONFLICT,-105.0,0.0,5.0,ATP_STANDSTILL,ATO_HOLD,HC
134.99999999999662,SRC_6,STATION_EVENT,ROUTE_CONFLICT,-105.0,0.0,5.0,ATP_STANDSTILL,ATO_HOLD,HC
135.0999999999966,SRC_6,STATION_EVENT,ROUTE_CONFLICT,-105.0,0.0,5.0,ATP_STANDSTILL,ATO_HOLD,HC
135.1999999999966,SRC_6,STATION_EVENT,ROUTE_CONFLICT,-105.0,0.0,5.0,ATP_STANDSTILL,ATO_HOLD,HC
135.2999999999966,SRC_6,STATION_EVENT,ROUTE_CONFLICT,-105.0,0.0,5.0,ATP_STANDSTILL,ATO_HOLD,HC
135.3999999999966,SRC_6,STATION_EVENT,ROUTE_CONFLICT,-105.0,0.0,5.0,ATP_STANDSTILL,ATO_HOLD,HC
135.4999999999966,SRC_6,STATION_EVENT,ROUTE_CONFLICT,-105.0,0.0,5.0,ATP_STANDSTILL,ATO_HOLD,HC
135.59999999999658,SRC_6,STATION_EVENT,ROUTE_CONFLICT,-105.0,0.0,5.0,ATP_STANDSTILL,ATO_HOLD,HC
135.69999999999658,SRC_6,STATION_EVENT,ROUTE_CONFLICT,-105.0,0.0,5.0,ATP_STANDSTILL,ATO_HOLD,HC
135.79999999999657,SRC_6,STATION_EVENT,ROUTE_CONFLICT,-105.0,0.0,5.0,ATP_STANDSTILL,ATO_HOLD,HC
135.89999999999657,SRC_6,STATION_EVENT,ROUTE_CONFLICT,-105.0,0.0,5.0,ATP_STANDSTILL,ATO_HOLD,HC
135.99999999999656,SRC_6,STATION_EVENT,ROUTE_CONFLICT,-105.0,0.0,5.0,ATP_STANDSTILL,ATO_HOLD,HC
136.09999999999656,SRC_6,STATION_EVENT,ROUTE_CONFLICT,-105.0,0.0,5.0,ATP_STANDSTILL,ATO_HOLD,HC
136.19999999999655,SRC_6,STATION_EVENT,ROUTE_CONFLICT,-105.0,0.0,5.0,ATP_STANDSTILL,ATO_HOLD,HC
136.29999999999654,SRC_6,STATION_EVENT,ROUTE_CONFLICT,-105.0,0.0,5.0,ATP_STANDSTILL,ATO_HOLD,HC
136.39999999999654,SRC_6,STATION_EVENT,ROUTE_CONFLICT,-105.0,0.0,5.0,ATP_STANDSTILL,ATO_HOLD,HC
136.49999999999653,SRC_6,STATION_EVENT,ROUTE_CONFLICT,-105.0,0.0,5.0,ATP_STANDSTILL,ATO_HOLD,HC
136.59999999999653,SRC_6,STATION_EVENT,ROUTE_CONFLICT,-105.0,0.0,5.0,ATP_STANDSTILL,ATO_HOLD,HC
136.69999999999652,SRC_6,STATION_EVENT,ROUTE_CONFLICT,-105.0,0.0,5.0,ATP_STANDSTILL,ATO_HOLD,HC
136.79999999999652,SRC_6,STATION_EVENT,ROUTE_CONFLICT,-105.0,0.0,5.0,ATP_STANDSTILL,ATO_HOLD,HC
136.8999999999965,SRC_6,STATION_EVENT,ROUTE_CONFLICT,-105.0,0.0,5.0,ATP_STANDSTILL,ATO_HOLD,HC
136.9999999999965,SRC_6,STATION_EVENT,ROUTE_CONFLICT,-105.0,0.0,5.0,ATP_STANDSTILL,ATO_HOLD,HC
137.0999999999965,SRC_6,STATION_EVENT,ROUTE_CONFLICT,-105.0,0.0,5.0,ATP_STANDSTILL,ATO_HOLD,HC
137.1999999999965,SRC_6,STATION_EVENT,ROUTE_CONFLICT,-105.0,0.0,5.0,ATP_STANDSTILL,ATO_HOLD,HC
137.2999999999965,SRC_6,STATION_EVENT,ROUTE_CONFLICT,-105.0,0.0,5.0,ATP_STANDSTILL,ATO_HOLD,HC
137.39999999999648,SRC_6,STATION_EVENT,ROUTE_CONFLICT,-105.0,0.0,5.0,ATP_STANDSTILL,ATO_HOLD,HC
137.49999999999648,SRC_6,STATION_EVENT,ROUTE_CONFLICT,-105.0,0.0,5.0,ATP_STANDSTILL,ATO_HOLD,HC
137.59999999999647,SRC_6,STATION_EVENT,ROUTE_CONFLICT,-105.0,0.0,5.0,ATP_STANDSTILL,ATO_HOLD,HC
137.69999999999646,SRC_6,STATION_EVENT,ROUTE_CONFLICT,-105.0,0.0,5.0,ATP_STANDSTILL,ATO_HOLD,HC
137.79999999999646,SRC_6,STATION_EVENT,ROUTE_CONFLICT,-105.0,0.0,5.0,ATP_STANDSTILL,ATO_HOLD,HC
137.89999999999645,SRC_6,STATION_EVENT,ROUTE_CONFLICT,-105.0,0.0,5.0,ATP_STANDSTILL,ATO_HOLD,HC
137.99999999999645,SRC_6,STATION_EVENT,ROUTE_CONFLICT,-105.0,0.0,5.0,ATP_STANDSTILL,ATO_HOLD,HC
138.09999999999644,SRC_6,STATION_EVENT,ROUTE_CONFLICT,-105.0,0.0,5.0,ATP_STANDSTILL,ATO_HOLD,HC
138.19999999999644,SRC_6,STATION_EVENT,ROUTE_CONFLICT,-105.0,0.0,5.0,ATP_STANDSTILL,ATO_HOLD,HC
138.29999999999643,SRC_6,STATION_EVENT,ROUTE_CONFLICT,-105.0,0.0,5.0,ATP_STANDSTILL,ATO_HOLD,HC
138.39999999999642,SRC_6,STATION_EVENT,ROUTE_CONFLICT,-105.0,0.0,5.0,ATP_STANDSTILL,ATO_HOLD,HC
138.49999999999642,SRC_6,STATION_EVENT,ROUTE_CONFLICT,-105.0,0.0,5.0,ATP_STANDSTILL,ATO_HOLD,HC
138.5999999999964,SRC_6,STATION_EVENT,ROUTE_CONFLICT,-105.0,0.0,5.0,ATP_STANDSTILL,ATO_HOLD,HC
138.6999999999964,SRC_6,STATION_EVENT,ROUTE_CONFLICT,-105.0,0.0,5.0,ATP_STANDSTILL,ATO_HOLD,HC
138.7999999999964,SRC_6,STATION_EVENT,ROUTE_CONFLICT,-105.0,0.0,5.0,ATP_STANDSTILL,ATO_HOLD,HC
138.8999999999964,SRC_6,STATION_EVENT,ROUTE_CONFLICT,-105.0,0.0,5.0,ATP_STANDSTILL,ATO_HOLD,HC
138.9999999999964,SRC_6,STATION_EVENT,ROUTE_CONFLICT,-105.0,0.0,5.0,ATP_STANDSTILL,ATO_HOLD,HC
139.09999999999638,SRC_6,STATION_EVENT,ROUTE_CONFLICT,-105.0,0.0,5.0,ATP_STANDSTILL,ATO_HOLD,HC
139.19999999999638,SRC_6,STATION_EVENT,ROUTE_CONFLICT,-105.0,0.0,5.0,ATP_STANDSTILL,ATO_HOLD,HC
139.29999999999637,SRC_6,STATION_EVENT,ROUTE_CONFLICT,-105.0,0.0,5.0,ATP_STANDSTILL,ATO_HOLD,HC
139.39999999999637,SRC_6,STATION_EVENT,ROUTE_CONFLICT,-105.0,0.0,5.0,ATP_STANDSTILL,ATO_HOLD,HC
139.49999999999636,SRC_6,STATION_EVENT,ROUTE_CONFLICT,-105.0,0.0,5.0,ATP_STANDSTILL,ATO_HOLD,HC
139.59999999999636,SRC_6,STATION_EVENT,ROUTE_CONFLICT,-105.0,0.0,5.0,ATP_STANDSTILL,ATO_HOLD,HC
139.69999999999635,SRC_6,STATION_EVENT,ROUTE_CONFLICT,-105.0,0.0,5.0,ATP_STANDSTILL,ATO_HOLD,HC
139.79999999999634,SRC_6,STATION_EVENT,ROUTE_CONFLICT,-105.0,0.0,5.0,ATP_STANDSTILL,ATO_HOLD,HC
139.89999999999634,SRC_6,STATION_EVENT,ROUTE_CONFLICT,-105.0,0.0,5.0,ATP_STANDSTILL,ATO_HOLD,HC
139.99999999999633,SRC_6,STATION_EVENT,ROUTE_CONFLICT,-105.0,0.0,5.0,ATP_STANDSTILL,ATO_HOLD,HC
140.09999999999633,SRC_6,STATION_EVENT,ROUTE_CONFLICT,-105.0,0.0,5.0,ATP_STANDSTILL,ATO_HOLD,HC
140.19999999999632,SRC_6,STATION_EVENT,ROUTE_CONFLICT,-105.0,0.0,5.0,ATP_STANDSTILL,ATO_HOLD,HC
140.29999999999632,SRC_6,STATION_EVENT,ROUTE_CONFLICT,-105.0,0.0,5.0,ATP_STANDSTILL,ATO_HOLD,HC
140.3999999999963,SRC_6,STATION_EVENT,ROUTE_CONFLICT,-105.0,0.0,5.0,ATP_STANDSTILL,ATO_HOLD,HC
140.4999999999963,SRC_6,STATION_EVENT,ROUTE_CONFLICT,-105.0,0.0,5.0,ATP_STANDSTILL,ATO_HOLD,HC
140.5999999999963,SRC_6,STATION_EVENT,ROUTE_CONFLICT,-105.0,0.0,5.0,ATP_STANDSTILL,ATO_HOLD,HC
140.6999999999963,SRC_6,STATION_EVENT,ROUTE_CONFLICT,-105.0,0.0,5.0,ATP_STANDSTILL,ATO_HOLD,HC
140.7999999999963,SRC_6,STATION_EVENT,ROUTE_CONFLICT,-105.0,0.0,5.0,ATP_STANDSTILL,ATO_HOLD,HC
140.89999999999628,SRC_6,STATION_EVENT,ROUTE_CONFLICT,-105.0,0.0,5.0,ATP_STANDSTILL,ATO_HOLD,HC
140.99999999999628,SRC_6,STATION_EVENT,ROUTE_CONFLICT,-105.0,0.0,5.0,ATP_STANDSTILL,ATO_HOLD,HC
141.09999999999627,SRC_6,STATION_EVENT,ROUTE_CONFLICT,-105.0,0.0,5.0,ATP_STANDSTILL,ATO_HOLD,HC
141.19999999999627,SRC_6,STATION_EVENT,ROUTE_CONFLICT,-105.0,0.0,5.0,ATP_STANDSTILL,ATO_HOLD,HC
141.29999999999626,SRC_6,STATION_EVENT,ROUTE_CONFLICT,-105.0,0.0,5.0,ATP_STANDSTILL,ATO_HOLD,HC
141.39999999999625,SRC_6,STATION_EVENT,ROUTE_CONFLICT,-105.0,0.0,5.0,ATP_STANDSTILL,ATO_HOLD,HC
141.49999999999625,SRC_6,STATION_EVENT,ROUTE_CONFLICT,-105.0,0.0,5.0,ATP_STANDSTILL,ATO_HOLD,HC
141.59999999999624,SRC_6,STATION_EVENT,ROUTE_CONFLICT,-105.0,0.0,5.0,ATP_STANDSTILL,ATO_HOLD,HC
141.69999999999624,SRC_6,STATION_EVENT,ROUTE_CONFLICT,-105.0,0.0,5.0,ATP_STANDSTILL,ATO_HOLD,HC
141.79999999999623,SRC_6,STATION_EVENT,ROUTE_CONFLICT,-105.0,0.0,5.0,ATP_STANDSTILL,ATO_HOLD,HC
141.89999999999623,SRC_6,STATION_EVENT,ROUTE_CONFLICT,-105.0,0.0,5.0,ATP_STANDSTILL,ATO_HOLD,HC
141.99999999999622,SRC_6,STATION_EVENT,ROUTE_CONFLICT,-105.0,0.0,5.0,ATP_STANDSTILL,ATO_HOLD,HC
142.09999999999621,SRC_6,STATION_EVENT,ROUTE_CONFLICT,-105.0,0.0,5.0,ATP_STANDSTILL,ATO_HOLD,HC
142.1999999999962,SRC_6,STATION_EVENT,ROUTE_CONFLICT,-105.0,0.0,5.0,ATP_STANDSTILL,ATO_HOLD,HC
142.2999999999962,SRC_6,STATION_EVENT,ROUTE_CONFLICT,-105.0,0.0,5.0,ATP_STANDSTILL,ATO_HOLD,HC
142.3999999999962,SRC_6,STATION_EVENT,ROUTE_CONFLICT,-105.0,0.0,5.0,ATP_STANDSTILL,ATO_HOLD,HC
142.4999999999962,SRC_6,STATION_EVENT,ROUTE_CONFLICT,-105.0,0.0,5.0,ATP_STANDSTILL,ATO_HOLD,HC
142.5999999999962,SRC_6,STATION_EVENT,ROUTE_CONFLICT,-105.0,0.0,5.0,ATP_STANDSTILL,ATO_HOLD,HC
142.69999999999618,SRC_6,STATION_EVENT,ROUTE_CONFLICT,-105.0,0.0,5.0,ATP_STANDSTILL,ATO_HOLD,HC
142.79999999999617,SRC_6,STATION_EVENT,ROUTE_CONFLICT,-105.0,0.0,5.0,ATP_STANDSTILL,ATO_HOLD,HC
142.89999999999617,SRC_6,STATION_EVENT,ROUTE_CONFLICT,-105.0,0.0,5.0,ATP_STANDSTILL,ATO_HOLD,HC
142.99999999999616,SRC_6,STATION_EVENT,ROUTE_CONFLICT,-105.0,0.0,5.0,ATP_STANDSTILL,ATO_HOLD,HC
143.09999999999616,SRC_6,STATION_EVENT,ROUTE_CONFLICT,-105.0,0.0,5.0,ATP_STANDSTILL,ATO_HOLD,HC
143.19999999999615,SRC_6,STATION_EVENT,ROUTE_CONFLICT,-105.0,0.0,5.0,ATP_STANDSTILL,ATO_HOLD,HC
143.29999999999615,SRC_6,STATION_EVENT,ROUTE_CONFLICT,-105.0,0.0,5.0,ATP_STANDSTILL,ATO_HOLD,HC
143.39999999999614,SRC_6,STATION_EVENT,ROUTE_CONFLICT,-105.0,0.0,5.0,ATP_STANDSTILL,ATO_HOLD,HC
143.49999999999613,SRC_6,STATION_EVENT,ROUTE_CONFLICT,-105.0,0.0,5.0,ATP_STANDSTILL,ATO_HOLD,HC
143.59999999999613,SRC_6,STATION_EVENT,ROUTE_CONFLICT,-105.0,0.0,5.0,ATP_STANDSTILL,ATO_HOLD,HC
143.69999999999612,SRC_6,STATION_EVENT,ROUTE_CONFLICT,-105.0,0.0,5.0,ATP_STANDSTILL,ATO_HOLD,HC
143.79999999999612,SRC_6,STATION_EVENT,ROUTE_CONFLICT,-105.0,0.0,5.0,ATP_STANDSTILL,ATO_HOLD,HC
143.8999999999961,SRC_6,STATION_EVENT,ROUTE_CONFLICT,-105.0,0.0,5.0,ATP_STANDSTILL,ATO_HOLD,HC
143.9999999999961,SRC_6,STATION_EVENT,ROUTE_CONFLICT,-105.0,0.0,5.0,ATP_STANDSTILL,ATO_HOLD,HC
144.0999999999961,SRC_6,STATION_EVENT,ROUTE_CONFLICT,-105.0,0.0,5.0,ATP_STANDSTILL,ATO_HOLD,HC
144.1999999999961,SRC_6,STATION_EVENT,ROUTE_CONFLICT,-105.0,0.0,5.0,ATP_STANDSTILL,ATO_HOLD,HC
144.2999999999961,SRC_6,STATION_EVENT,ROUTE_CONFLICT,-105.0,0.0,5.0,ATP_STANDSTILL,ATO_HOLD,HC
144.39999999999608,SRC_6,STATION_EVENT,ROUTE_CONFLICT,-105.0,0.0,5.0,ATP_STANDSTILL,ATO_HOLD,HC
144.49999999999608,SRC_6,STATION_EVENT,ROUTE_CONFLICT,-105.0,0.0,5.0,ATP_STANDSTILL,ATO_HOLD,HC
144.59999999999607,SRC_6,STATION_EVENT,ROUTE_CONFLICT,-105.0,0.0,5.0,ATP_STANDSTILL,ATO_HOLD,HC
144.69999999999607,SRC_6,STATION_EVENT,ROUTE_CONFLICT,-105.0,0.0,5.0,ATP_STANDSTILL,ATO_HOLD,HC
144.79999999999606,SRC_6,STATION_EVENT,ROUTE_CONFLICT,-105.0,0.0,5.0,ATP_STANDSTILL,ATO_HOLD,HC
144.89999999999606,SRC_6,STATION_EVENT,ROUTE_CONFLICT,-105.0,0.0,5.0,ATP_STANDSTILL,ATO_HOLD,HC
144.99999999999605,SRC_6,STATION_EVENT,ROUTE_CONFLICT,-105.0,0.0,5.0,ATP_STANDSTILL,ATO_HOLD,HC
145.09999999999604,SRC_6,STATION_EVENT,ROUTE_CONFLICT,-105.0,0.0,5.0,ATP_STANDSTILL,ATO_HOLD,HC
145.19999999999604,SRC_6,STATION_EVENT,ROUTE_CONFLICT,-105.0,0.0,5.0,ATP_STANDSTILL,ATO_HOLD,HC
145.29999999999603,SRC_6,STATION_EVENT,ROUTE_CONFLICT,-105.0,0.0,5.0,ATP_STANDSTILL,ATO_HOLD,HC
145.39999999999603,SRC_6,STATION_EVENT,ROUTE_CONFLICT,-105.0,0.0,5.0,ATP_STANDSTILL,ATO_HOLD,HC
145.49999999999602,SRC_6,STATION_EVENT,ROUTE_CONFLICT,-105.0,0.0,5.0,ATP_STANDSTILL,ATO_HOLD,HC
145.59999999999602,SRC_6,STATION_EVENT,ROUTE_CONFLICT,-105.0,0.0,5.0,ATP_STANDSTILL,ATO_HOLD,HC
145.699999999996,SRC_6,STATION_EVENT,ROUTE_CONFLICT,-105.0,0.0,5.0,ATP_STANDSTILL,ATO_HOLD,HC
145.799999999996,SRC_6,STATION_EVENT,ROUTE_CONFLICT,-105.0,0.0,5.0,ATP_STANDSTILL,ATO_HOLD,HC
145.899999999996,SRC_6,STATION_EVENT,ROUTE_CONFLICT,-105.0,0.0,5.0,ATP_STANDSTILL,ATO_HOLD,HC
145.999999999996,SRC_6,STATION_EVENT,ROUTE_CONFLICT,-105.0,0.0,5.0,ATP_STANDSTILL,ATO_HOLD,HC
146.099999999996,SRC_6,STATION_EVENT,ROUTE_CONFLICT,-105.0,0.0,5.0,ATP_STANDSTILL,ATO_HOLD,HC
146.19999999999598,SRC_6,STATION_EVENT,ROUTE_CONFLICT,-105.0,0.0,5.0,ATP_STANDSTILL,ATO_HOLD,HC
146.29999999999598,SRC_6,STATION_EVENT,ROUTE_CONFLICT,-105.0,0.0,5.0,ATP_STANDSTILL,ATO_HOLD,HC
146.39999999999597,SRC_6,STATION_EVENT,ROUTE_CONFLICT,-105.0,0.0,5.0,ATP_STANDSTILL,ATO_HOLD,HC
146.49999999999596,SRC_6,STATION_EVENT,ROUTE_CONFLICT,-105.0,0.0,5.0,ATP_STANDSTILL,ATO_HOLD,HC
146.59999999999596,SRC_6,STATION_EVENT,ROUTE_CONFLICT,-105.0,0.0,5.0,ATP_STANDSTILL,ATO_HOLD,HC
146.69999999999595,SRC_6,STATION_EVENT,ROUTE_CONFLICT,-105.0,0.0,5.0,ATP_STANDSTILL,ATO_HOLD,HC
146.79999999999595,SRC_6,STATION_EVENT,ROUTE_CONFLICT,-105.0,0.0,5.0,ATP_STANDSTILL,ATO_HOLD,HC
146.89999999999594,SRC_6,STATION_EVENT,ROUTE_CONFLICT,-105.0,0.0,5.0,ATP_STANDSTILL,ATO_HOLD,HC
146.99999999999594,SRC_6,STATION_EVENT,ROUTE_CONFLICT,-105.0,0.0,5.0,ATP_STANDSTILL,ATO_HOLD,HC
147.09999999999593,SRC_6,STATION_EVENT,ROUTE_CONFLICT,-105.0,0.0,5.0,ATP_STANDSTILL,ATO_HOLD,HC
147.19999999999592,SRC_6,STATION_EVENT,ROUTE_CONFLICT,-105.0,0.0,5.0,ATP_STANDSTILL,ATO_HOLD,HC
147.29999999999592,SRC_6,STATION_EVENT,ROUTE_CONFLICT,-105.0,0.0,5.0,ATP_STANDSTILL,ATO_HOLD,HC
147.3999999999959,SRC_6,STATION_EVENT,ROUTE_CONFLICT,-105.0,0.0,5.0,ATP_STANDSTILL,ATO_HOLD,HC
147.4999999999959,SRC_6,STATION_EVENT,ROUTE_CONFLICT,-105.0,0.0,5.0,ATP_STANDSTILL,ATO_HOLD,HC
147.5999999999959,SRC_6,STATION_EVENT,ROUTE_CONFLICT,-105.0,0.0,5.0,ATP_STANDSTILL,ATO_HOLD,HC
147.6999999999959,SRC_6,STATION_EVENT,ROUTE_CONFLICT,-105.0,0.0,5.0,ATP_STANDSTILL,ATO_HOLD,HC
147.7999999999959,SRC_6,STATION_EVENT,ROUTE_CONFLICT,-105.0,0.0,5.0,ATP_STANDSTILL,ATO_HOLD,HC
147.89999999999588,SRC_6,STATION_EVENT,ROUTE_CONFLICT,-105.0,0.0,5.0,ATP_STANDSTILL,ATO_HOLD,HC
147.99999999999588,SRC_6,STATION_EVENT,ROUTE_CONFLICT,-105.0,0.0,5.0,ATP_STANDSTILL,ATO_HOLD,HC
148.09999999999587,SRC_6,STATION_EVENT,ROUTE_CONFLICT,-105.0,0.0,5.0,ATP_STANDSTILL,ATO_HOLD,HC
148.19999999999587,SRC_6,STATION_EVENT,ROUTE_CONFLICT,-105.0,0.0,5.0,ATP_STANDSTILL,ATO_HOLD,HC
148.29999999999586,SRC_6,STATION_EVENT,ROUTE_CONFLICT,-105.0,0.0,5.0,ATP_STANDSTILL,ATO_HOLD,HC
148.39999999999586,SRC_6,STATION_EVENT,ROUTE_CONFLICT,-105.0,0.0,5.0,ATP_STANDSTILL,ATO_HOLD,HC
148.49999999999585,SRC_6,STATION_EVENT,ROUTE_CONFLICT,-105.0,0.0,5.0,ATP_STANDSTILL,ATO_HOLD,HC
148.59999999999584,SRC_6,STATION_EVENT,ROUTE_CONFLICT,-105.0,0.0,5.0,ATP_STANDSTILL,ATO_HOLD,HC
148.69999999999584,SRC_6,STATION_EVENT,ROUTE_CONFLICT,-105.0,0.0,5.0,ATP_STANDSTILL,ATO_HOLD,HC
148.79999999999583,SRC_6,STATION_EVENT,ROUTE_CONFLICT,-105.0,0.0,5.0,ATP_STANDSTILL,ATO_HOLD,HC
148.89999999999583,SRC_6,STATION_EVENT,ROUTE_CONFLICT,-105.0,0.0,5.0,ATP_STANDSTILL,ATO_HOLD,HC
148.99999999999582,SRC_6,STATION_EVENT,ROUTE_CONFLICT,-105.0,0.0,5.0,ATP_STANDSTILL,ATO_HOLD,HC
149.09999999999582,SRC_6,STATION_EVENT,ROUTE_CONFLICT,-105.0,0.0,5.0,ATP_STANDSTILL,ATO_HOLD,HC
149.1999999999958,SRC_6,STATION_EVENT,ROUTE_CONFLICT,-105.0,0.0,5.0,ATP_STANDSTILL,ATO_HOLD,HC
125.29999999999715,SRC_7,STATION_EVENT,ROUTE_CONFLICT,-105.0,0.0,5.0,ATP_STANDSTILL,ATO_HOLD,HC
125.39999999999715,SRC_7,STATION_EVENT,ROUTE_CONFLICT,-105.0,0.0,5.0,ATP_STANDSTILL,ATO_HOLD,HC
125.49999999999714,SRC_7,STATION_EVENT,ROUTE_CONFLICT,-105.0,0.0,5.0,ATP_STANDSTILL,ATO_HOLD,HC
125.59999999999714,SRC_7,STATION_EVENT,ROUTE_CONFLICT,-105.0,0.0,5.0,ATP_STANDSTILL,ATO_HOLD,HC
125.69999999999713,SRC_7,STATION_EVENT,ROUTE_CONFLICT,-105.0,0.0,5.0,ATP_STANDSTILL,ATO_HOLD,HC
125.79999999999713,SRC_7,STATION_EVENT,ROUTE_CONFLICT,-105.0,0.0,5.0,ATP_STANDSTILL,ATO_HOLD,HC
125.89999999999712,SRC_7,STATION_EVENT,ROUTE_CONFLICT,-105.0,0.0,5.0,ATP_STANDSTILL,ATO_HOLD,HC
125.99999999999712,SRC_7,STATION_EVENT,ROUTE_CONFLICT,-105.0,0.0,5.0,ATP_STANDSTILL,ATO_HOLD,HC
126.09999999999711,SRC_7,STATION_EVENT,ROUTE_CONFLICT,-105.0,0.0,5.0,ATP_STANDSTILL,ATO_HOLD,HC
126.1999999999971,SRC_7,STATION_EVENT,ROUTE_CONFLICT,-105.0,0.0,5.0,ATP_STANDSTILL,ATO_HOLD,HC
126.2999999999971,SRC_7,STATION_EVENT,ROUTE_CONFLICT,-105.0,0.0,5.0,ATP_STANDSTILL,ATO_HOLD,HC
126.39999999999709,SRC_7,STATION_EVENT,ROUTE_CONFLICT,-105.0,0.0,5.0,ATP_STANDSTILL,ATO_HOLD,HC
126.49999999999709,SRC_7,STATION_EVENT,ROUTE_CONFLICT,-105.0,0.0,5.0,ATP_STANDSTILL,ATO_HOLD,HC
126.59999999999708,SRC_7,STATION_EVENT,ROUTE_CONFLICT,-105.0,0.0,5.0,ATP_STANDSTILL,ATO_HOLD,HC
126.69999999999708,SRC_7,STATION_EVENT,ROUTE_CONFLICT,-105.0,0.0,5.0,ATP_STANDSTILL,ATO_HOLD,HC
126.79999999999707,SRC_7,STATION_EVENT,ROUTE_CONFLICT,-105.0,0.0,5.0,ATP_STANDSTILL,ATO_HOLD,HC
126.89999999999706,SRC_7,STATION_EVENT,ROUTE_CONFLICT,-105.0,0.0,5.0,ATP_STANDSTILL,ATO_HOLD,HC
126.99999999999706,SRC_7,STATION_EVENT,ROUTE_CONFLICT,-105.0,0.0,5.0,ATP_STANDSTILL,ATO_HOLD,HC
127.09999999999705,SRC_7,STATION_EVENT,ROUTE_CONFLICT,-105.0,0.0,5.0,ATP_STANDSTILL,ATO_HOLD,HC
127.19999999999705,SRC_7,STATION_EVENT,ROUTE_CONFLICT,-105.0,0.0,5.0,ATP_STANDSTILL,ATO_HOLD,HC
127.29999999999704,SRC_7,STATION_EVENT,ROUTE_CONFLICT,-105.0,0.0,5.0,ATP_STANDSTILL,ATO_HOLD,HC
127.39999999999704,SRC_7,STATION_EVENT,ROUTE_CONFLICT,-105.0,0.0,5.0,ATP_STANDSTILL,ATO_HOLD,HC
127.49999999999703,SRC_7,STATION_EVENT,ROUTE_CONFLICT,-105.0,0.0,5.0,ATP_STANDSTILL,ATO_HOLD,HC
127.59999999999702,SRC_7,STATION_EVENT,ROUTE_CONFLICT,-105.0,0.0,5.0,ATP_STANDSTILL,ATO_HOLD,HC
127.69999999999702,SRC_7,STATION_EVENT,ROUTE_CONFLICT,-105.0,0.0,5.0,ATP_STANDSTILL,ATO_HOLD,HC
127.79999999999701,SRC_7,STATION_EVENT,ROUTE_CONFLICT,-105.0,0.0,5.0,ATP_STANDSTILL,ATO_HOLD,HC
127.89999999999701,SRC_7,STATION_EVENT,ROUTE_CONFLICT,-105.0,0.0,5.0,ATP_STANDSTILL,ATO_HOLD,HC
127.999999999997,SRC_7,STATION_EVENT,ROUTE_CONFLICT,-105.0,0.0,5.0,ATP_STANDSTILL,ATO_HOLD,HC
128.099999999997,SRC_7,STATION_EVENT,ROUTE_CONFLICT,-105.0,0.0,5.0,ATP_STANDSTILL,ATO_HOLD,HC
128.199999999997,SRC_7,STATION_EVENT,ROUTE_CONFLICT,-105.0,0.0,5.0,ATP_STANDSTILL,ATO_HOLD,HC
128.299999999997,SRC_7,STATION_EVENT,ROUTE_CONFLICT,-105.0,0.0,5.0,ATP_STANDSTILL,ATO_HOLD,HC
128.399999999997,SRC_7,STATION_EVENT,ROUTE_CONFLICT,-105.0,0.0,5.0,ATP_STANDSTILL,ATO_HOLD,HC
128.499999999997,SRC_7,STATION_EVENT,ROUTE_CONFLICT,-105.0,0.0,5.0,ATP_STANDSTILL,ATO_HOLD,HC
128.59999999999698,SRC_7,STATION_EVENT,ROUTE_CONFLICT,-105.0,0.0,5.0,ATP_STANDSTILL,ATO_HOLD,HC
128.69999999999698,SRC_7,STATION_EVENT,ROUTE_CONFLICT,-105.0,0.0,5.0,ATP_STANDSTILL,ATO_HOLD,HC
128.79999999999697,SRC_7,STATION_EVENT,ROUTE_CONFLICT,-105.0,0.0,5.0,ATP_STANDSTILL,ATO_HOLD,HC
128.89999999999696,SRC_7,STATION_EVENT,ROUTE_CONFLICT,-105.0,0.0,5.0,ATP_STANDSTILL,ATO_HOLD,HC
128.99999999999696,SRC_7,STATION_EVENT,ROUTE_CONFLICT,-105.0,0.0,5.0,ATP_STANDSTILL,ATO_HOLD,HC
129.09999999999695,SRC_7,STATION_EVENT,ROUTE_CONFLICT,-105.0,0.0,5.0,ATP_STANDSTILL,ATO_HOLD,HC
129.19999999999695,SRC_7,STATION_EVENT,ROUTE_CONFLICT,-105.0,0.0,5.0,ATP_STANDSTILL,ATO_HOLD,HC
129.29999999999694,SRC_7,STATION_EVENT,ROUTE_CONFLICT,-105.0,0.0,5.0,ATP_STANDSTILL,ATO_HOLD,HC
129.39999999999694,SRC_7,STATION_EVENT,ROUTE_CONFLICT,-105.0,0.0,5.0,ATP_STANDSTILL,ATO_HOLD,HC
129.49999999999693,SRC_7,STATION_EVENT,ROUTE_CONFLICT,-105.0,0.0,5.0,ATP_STANDSTILL,ATO_HOLD,HC
129.59999999999692,SRC_7,STATION_EVENT,ROUTE_CONFLICT,-105.0,0.0,5.0,ATP_STANDSTILL,ATO_HOLD,HC
129.69999999999692,SRC_7,STATION_EVENT,ROUTE_CONFLICT,-105.0,0.0,5.0,ATP_STANDSTILL,ATO_HOLD,HC
129.7999999999969,SRC_7,STATION_EVENT,ROUTE_CONFLICT,-105.0,0.0,5.0,ATP_STANDSTILL,ATO_HOLD,HC
129.8999999999969,SRC_7,STATION_EVENT,ROUTE_CONFLICT,-105.0,0.0,5.0,ATP_STANDSTILL,ATO_HOLD,HC
129.9999999999969,SRC_7,STATION_EVENT,ROUTE_CONFLICT,-105.0,0.0,5.0,ATP_STANDSTILL,ATO_HOLD,HC
130.0999999999969,SRC_7,STATION_EVENT,ROUTE_CONFLICT,-105.0,0.0,5.0,ATP_STANDSTILL,ATO_HOLD,HC
130.1999999999969,SRC_7,STATION_EVENT,ROUTE_CONFLICT,-105.0,0.0,5.0,ATP_STANDSTILL,ATO_HOLD,HC
130.29999999999688,SRC_7,STATION_EVENT,ROUTE_CONFLICT,-105.0,0.0,5.0,ATP_STANDSTILL,ATO_HOLD,HC
130.39999999999688,SRC_7,STATION_EVENT,ROUTE_CONFLICT,-105.0,0.0,5.0,ATP_STANDSTILL,ATO_HOLD,HC
130.49999999999687,SRC_7,STATION_EVENT,ROUTE_CONFLICT,-105.0,0.0,5.0,ATP_STANDSTILL,ATO_HOLD,HC
130.59999999999687,SRC_7,STATION_EVENT,ROUTE_CONFLICT,-105.0,0.0,5.0,ATP_STANDSTILL,ATO_HOLD,HC
130.69999999999686,SRC_7,STATION_EVENT,ROUTE_CONFLICT,-105.0,0.0,5.0,ATP_STANDSTILL,ATO_HOLD,HC
130.79999999999686,SRC_7,STATION_EVENT,ROUTE_CONFLICT,-105.0,0.0,5.0,ATP_STANDSTILL,ATO_HOLD,HC
130.89999999999685,SRC_7,STATION_EVENT,ROUTE_CONFLICT,-105.0,0.0,5.0,ATP_STANDSTILL,ATO_HOLD,HC
130.99999999999685,SRC_7,STATION_EVENT,ROUTE_CONFLICT,-105.0,0.0,5.0,ATP_STANDSTILL,ATO_HOLD,HC
131.09999999999684,SRC_7,STATION_EVENT,ROUTE_CONFLICT,-105.0,0.0,5.0,ATP_STANDSTILL,ATO_HOLD,HC
131.19999999999683,SRC_7,STATION_EVENT,ROUTE_CONFLICT,-105.0,0.0,5.0,ATP_STANDSTILL,ATO_HOLD,HC
131.29999999999683,SRC_7,STATION_EVENT,ROUTE_CONFLICT,-105.0,0.0,5.0,ATP_STANDSTILL,ATO_HOLD,HC
131.39999999999682,SRC_7,STATION_EVENT,ROUTE_CONFLICT,-105.0,0.0,5.0,ATP_STANDSTILL,ATO_HOLD,HC
131.49999999999682,SRC_7,STATION_EVENT,ROUTE_CONFLICT,-105.0,0.0,5.0,ATP_STANDSTILL,ATO_HOLD,HC
131.5999999999968,SRC_7,STATION_EVENT,ROUTE_CONFLICT,-105.0,0.0,5.0,ATP_STANDSTILL,ATO_HOLD,HC
131.6999999999968,SRC_7,STATION_EVENT,ROUTE_CONFLICT,-105.0,0.0,5.0,ATP_STANDSTILL,ATO_HOLD,HC
131.7999999999968,SRC_7,STATION_EVENT,ROUTE_CONFLICT,-105.0,0.0,5.0,ATP_STANDSTILL,ATO_HOLD,HC
131.8999999999968,SRC_7,STATION_EVENT,ROUTE_CONFLICT,-105.0,0.0,5.0,ATP_STANDSTILL,ATO_HOLD,HC
131.9999999999968,SRC_7,STATION_EVENT,ROUTE_CONFLICT,-105.0,0.0,5.0,ATP_STANDSTILL,ATO_HOLD,HC
132.09999999999678,SRC_7,STATION_EVENT,ROUTE_CONFLICT,-105.0,0.0,5.0,ATP_STANDSTILL,ATO_HOLD,HC
132.19999999999678,SRC_7,STATION_EVENT,ROUTE_CONFLICT,-105.0,0.0,5.0,ATP_STANDSTILL,ATO_HOLD,HC
132.29999999999677,SRC_7,STATION_EVENT,ROUTE_CONFLICT,-105.0,0.0,5.0,ATP_STANDSTILL,ATO_HOLD,HC
132.39999999999677,SRC_7,STATION_EVENT,ROUTE_CONFLICT,-105.0,0.0,5.0,ATP_STANDSTILL,ATO_HOLD,HC
132.49999999999676,SRC_7,STATION_EVENT,ROUTE_CONFLICT,-105.0,0.0,5.0,ATP_STANDSTILL,ATO_HOLD,HC
132.59999999999675,SRC_7,STATION_EVENT,ROUTE_CONFLICT,-105.0,0.0,5.0,ATP_STANDSTILL,ATO_HOLD,HC
132.69999999999675,SRC_7,STATION_EVENT,ROUTE_CONFLICT,-105.0,0.0,5.0,ATP_STANDSTILL,ATO_HOLD,HC
132.79999999999674,SRC_7,STATION_EVENT,ROUTE_CONFLICT,-105.0,0.0,5.0,ATP_STANDSTILL,ATO_HOLD,HC
132.89999999999674,SRC_7,STATION_EVENT,ROUTE_CONFLICT,-105.0,0.0,5.0,ATP_STANDSTILL,ATO_HOLD,HC
132.99999999999673,SRC_7,STATION_EVENT,ROUTE_CONFLICT,-105.0,0.0,5.0,ATP_STANDSTILL,ATO_HOLD,HC
133.09999999999673,SRC_7,STATION_EVENT,ROUTE_CONFLICT,-105.0,0.0,5.0,ATP_STANDSTILL,ATO_HOLD,HC
133.19999999999672,SRC_7,STATION_EVENT,ROUTE_CONFLICT,-105.0,0.0,5.0,ATP_STANDSTILL,ATO_HOLD,HC
133.29999999999671,SRC_7,STATION_EVENT,ROUTE_CONFLICT,-105.0,0.0,5.0,ATP_STANDSTILL,ATO_HOLD,HC
133.3999999999967,SRC_7,STATION_EVENT,ROUTE_CONFLICT,-105.0,0.0,5.0,ATP_STANDSTILL,ATO_HOLD,HC
133.4999999999967,SRC_7,STATION_EVENT,ROUTE_CONFLICT,-105.0,0.0,5.0,ATP_STANDSTILL,ATO_HOLD,HC
133.5999999999967,SRC_7,STATION_EVENT,ROUTE_CONFLICT,-105.0,0.0,5.0,ATP_STANDSTILL,ATO_HOLD,HC
133.6999999999967,SRC_7,STATION_EVENT,ROUTE_CONFLICT,-105.0,0.0,5.0,ATP_STANDSTILL,ATO_HOLD,HC
133.7999999999967,SRC_7,STATION_EVENT,ROUTE_CONFLICT,-105.0,0.0,5.0,ATP_STANDSTILL,ATO_HOLD,HC
133.89999999999668,SRC_7,STATION_EVENT,ROUTE_CONFLICT,-105.0,0.0,5.0,ATP_STANDSTILL,ATO_HOLD,HC
133.99999999999667,SRC_7,STATION_EVENT,ROUTE_CONFLICT,-105.0,0.0,5.0,ATP_STANDSTILL,ATO_HOLD,HC
134.09999999999667,SRC_7,STATION_EVENT,ROUTE_CONFLICT,-105.0,0.0,5.0,ATP_STANDSTILL,ATO_HOLD,HC
134.19999999999666,SRC_7,STATION_EVENT,ROUTE_CONFLICT,-105.0,0.0,5.0,ATP_STANDSTILL,ATO_HOLD,HC
134.29999999999666,SRC_7,STATION_EVENT,ROUTE_CONFLICT,-105.0,0.0,5.0,ATP_STANDSTILL,ATO_HOLD,HC
134.39999999999665,SRC_7,STATION_EVENT,ROUTE_CONFLICT,-105.0,0.0,5.0,ATP_STANDSTILL,ATO_HOLD,HC
134.49999999999665,SRC_7,STATION_EVENT,ROUTE_CONFLICT,-105.0,0.0,5.0,ATP_STANDSTILL,ATO_HOLD,HC
134.59999999999664,SRC_7,STATION_EVENT,ROUTE_CONFLICT,-105.0,0.0,5.0,ATP_STANDSTILL,ATO_HOLD,HC
134.69999999999663,SRC_7,STATION_EVENT,ROUTE_CONFLICT,-105.0,0.0,5.0,ATP_STANDSTILL,ATO_HOLD,HC
134.79999999999663,SRC_7,STATION_EVENT,ROUTE_CONFLICT,-105.0,0.0,5.0,ATP_STANDSTILL,ATO_HOLD,HC
134.89999999999662,SRC_7,STATION_EVENT,ROUTE_CONFLICT,-105.0,0.0,5.0,ATP_STANDSTILL,ATO_HOLD,HC
134.99999999999662,SRC_7,STATION_EVENT,ROUTE_CONFLICT,-105.0,0.0,5.0,ATP_STANDSTILL,ATO_HOLD,HC
135.0999999999966,SRC_7,STATION_EVENT,ROUTE_CONFLICT,-105.0,0.0,5.0,ATP_STANDSTILL,ATO_HOLD,HC
135.1999999999966,SRC_7,STATION_EVENT,ROUTE_CONFLICT,-105.0,0.0,5.0,ATP_STANDSTILL,ATO_HOLD,HC
135.2999999999966,SRC_7,STATION_EVENT,ROUTE_CONFLICT,-105.0,0.0,5.0,ATP_STANDSTILL,ATO_HOLD,HC
135.3999999999966,SRC_7,STATION_EVENT,ROUTE_CONFLICT,-105.0,0.0,5.0,ATP_STANDSTILL,ATO_HOLD,HC
135.4999999999966,SRC_7,STATION_EVENT,ROUTE_CONFLICT,-105.0,0.0,5.0,ATP_STANDSTILL,ATO_HOLD,HC
135.59999999999658,SRC_7,STATION_EVENT,ROUTE_CONFLICT,-105.0,0.0,5.0,ATP_STANDSTILL,ATO_HOLD,HC
135.69999999999658,SRC_7,STATION_EVENT,ROUTE_CONFLICT,-105.0,0.0,5.0,ATP_STANDSTILL,ATO_HOLD,HC
135.79999999999657,SRC_7,STATION_EVENT,ROUTE_CONFLICT,-105.0,0.0,5.0,ATP_STANDSTILL,ATO_HOLD,HC
135.89999999999657,SRC_7,STATION_EVENT,ROUTE_CONFLICT,-105.0,0.0,5.0,ATP_STANDSTILL,ATO_HOLD,HC
135.99999999999656,SRC_7,STATION_EVENT,ROUTE_CONFLICT,-105.0,0.0,5.0,ATP_STANDSTILL,ATO_HOLD,HC
136.09999999999656,SRC_7,STATION_EVENT,ROUTE_CONFLICT,-105.0,0.0,5.0,ATP_STANDSTILL,ATO_HOLD,HC
136.19999999999655,SRC_7,STATION_EVENT,ROUTE_CONFLICT,-105.0,0.0,5.0,ATP_STANDSTILL,ATO_HOLD,HC
136.29999999999654,SRC_7,STATION_EVENT,ROUTE_CONFLICT,-105.0,0.0,5.0,ATP_STANDSTILL,ATO_HOLD,HC
136.39999999999654,SRC_7,STATION_EVENT,ROUTE_CONFLICT,-105.0,0.0,5.0,ATP_STANDSTILL,ATO_HOLD,HC
136.49999999999653,SRC_7,STATION_EVENT,ROUTE_CONFLICT,-105.0,0.0,5.0,ATP_STANDSTILL,ATO_HOLD,HC
136.59999999999653,SRC_7,STATION_EVENT,ROUTE_CONFLICT,-105.0,0.0,5.0,ATP_STANDSTILL,ATO_HOLD,HC
136.69999999999652,SRC_7,STATION_EVENT,ROUTE_CONFLICT,-105.0,0.0,5.0,ATP_STANDSTILL,ATO_HOLD,HC
136.79999999999652,SRC_7,STATION_EVENT,ROUTE_CONFLICT,-105.0,0.0,5.0,ATP_STANDSTILL,ATO_HOLD,HC
136.8999999999965,SRC_7,STATION_EVENT,ROUTE_CONFLICT,-105.0,0.0,5.0,ATP_STANDSTILL,ATO_HOLD,HC
136.9999999999965,SRC_7,STATION_EVENT,ROUTE_CONFLICT,-105.0,0.0,5.0,ATP_STANDSTILL,ATO_HOLD,HC
137.0999999999965,SRC_7,STATION_EVENT,ROUTE_CONFLICT,-105.0,0.0,5.0,ATP_STANDSTILL,ATO_HOLD,HC
137.1999999999965,SRC_7,STATION_EVENT,ROUTE_CONFLICT,-105.0,0.0,5.0,ATP_STANDSTILL,ATO_HOLD,HC
137.2999999999965,SRC_7,STATION_EVENT,ROUTE_CONFLICT,-105.0,0.0,5.0,ATP_STANDSTILL,ATO_HOLD,HC
137.39999999999648,SRC_7,STATION_EVENT,ROUTE_CONFLICT,-105.0,0.0,5.0,ATP_STANDSTILL,ATO_HOLD,HC
137.49999999999648,SRC_7,STATION_EVENT,ROUTE_CONFLICT,-105.0,0.0,5.0,ATP_STANDSTILL,ATO_HOLD,HC
137.59999999999647,SRC_7,STATION_EVENT,ROUTE_CONFLICT,-105.0,0.0,5.0,ATP_STANDSTILL,ATO_HOLD,HC
137.69999999999646,SRC_7,STATION_EVENT,ROUTE_CONFLICT,-105.0,0.0,5.0,ATP_STANDSTILL,ATO_HOLD,HC
137.79999999999646,SRC_7,STATION_EVENT,ROUTE_CONFLICT,-105.0,0.0,5.0,ATP_STANDSTILL,ATO_HOLD,HC
137.89999999999645,SRC_7,STATION_EVENT,ROUTE_CONFLICT,-105.0,0.0,5.0,ATP_STANDSTILL,ATO_HOLD,HC
137.99999999999645,SRC_7,STATION_EVENT,ROUTE_CONFLICT,-105.0,0.0,5.0,ATP_STANDSTILL,ATO_HOLD,HC
138.09999999999644,SRC_7,STATION_EVENT,ROUTE_CONFLICT,-105.0,0.0,5.0,ATP_STANDSTILL,ATO_HOLD,HC
138.19999999999644,SRC_7,STATION_EVENT,ROUTE_CONFLICT,-105.0,0.0,5.0,ATP_STANDSTILL,ATO_HOLD,HC
138.29999999999643,SRC_7,STATION_EVENT,ROUTE_CONFLICT,-105.0,0.0,5.0,ATP_STANDSTILL,ATO_HOLD,HC
138.39999999999642,SRC_7,STATION_EVENT,ROUTE_CONFLICT,-105.0,0.0,5.0,ATP_STANDSTILL,ATO_HOLD,HC
138.49999999999642,SRC_7,STATION_EVENT,ROUTE_CONFLICT,-105.0,0.0,5.0,ATP_STANDSTILL,ATO_HOLD,HC
138.5999999999964,SRC_7,STATION_EVENT,ROUTE_CONFLICT,-105.0,0.0,5.0,ATP_STANDSTILL,ATO_HOLD,HC
138.6999999999964,SRC_7,STATION_EVENT,ROUTE_CONFLICT,-105.0,0.0,5.0,ATP_STANDSTILL,ATO_HOLD,HC
138.7999999999964,SRC_7,STATION_EVENT,ROUTE_CONFLICT,-105.0,0.0,5.0,ATP_STANDSTILL,ATO_HOLD,HC
138.8999999999964,SRC_7,STATION_EVENT,ROUTE_CONFLICT,-105.0,0.0,5.0,ATP_STANDSTILL,ATO_HOLD,HC
138.9999999999964,SRC_7,STATION_EVENT,ROUTE_CONFLICT,-105.0,0.0,5.0,ATP_STANDSTILL,ATO_HOLD,HC
139.09999999999638,SRC_7,STATION_EVENT,ROUTE_CONFLICT,-105.0,0.0,5.0,ATP_STANDSTILL,ATO_HOLD,HC
139.19999999999638,SRC_7,STATION_EVENT,ROUTE_CONFLICT,-105.0,0.0,5.0,ATP_STANDSTILL,ATO_HOLD,HC
139.29999999999637,SRC_7,STATION_EVENT,ROUTE_CONFLICT,-105.0,0.0,5.0,ATP_STANDSTILL,ATO_HOLD,HC
139.39999999999637,SRC_7,STATION_EVENT,ROUTE_CONFLICT,-105.0,0.0,5.0,ATP_STANDSTILL,ATO_HOLD,HC
139.49999999999636,SRC_7,STATION_EVENT,ROUTE_CONFLICT,-105.0,0.0,5.0,ATP_STANDSTILL,ATO_HOLD,HC
139.59999999999636,SRC_7,STATION_EVENT,ROUTE_CONFLICT,-105.0,0.0,5.0,ATP_STANDSTILL,ATO_HOLD,HC
139.69999999999635,SRC_7,STATION_EVENT,ROUTE_CONFLICT,-105.0,0.0,5.0,ATP_STANDSTILL,ATO_HOLD,HC
139.79999999999634,SRC_7,STATION_EVENT,ROUTE_CONFLICT,-105.0,0.0,5.0,ATP_STANDSTILL,ATO_HOLD,HC
139.89999999999634,SRC_7,STATION_EVENT,ROUTE_CONFLICT,-105.0,0.0,5.0,ATP_STANDSTILL,ATO_HOLD,HC
139.99999999999633,SRC_7,STATION_EVENT,ROUTE_CONFLICT,-105.0,0.0,5.0,ATP_STANDSTILL,ATO_HOLD,HC
140.09999999999633,SRC_7,STATION_EVENT,ROUTE_CONFLICT,-105.0,0.0,5.0,ATP_STANDSTILL,ATO_HOLD,HC
140.19999999999632,SRC_7,STATION_EVENT,ROUTE_CONFLICT,-105.0,0.0,5.0,ATP_STANDSTILL,ATO_HOLD,HC
140.29999999999632,SRC_7,STATION_EVENT,ROUTE_CONFLICT,-105.0,0.0,5.0,ATP_STANDSTILL,ATO_HOLD,HC
140.3999999999963,SRC_7,STATION_EVENT,ROUTE_CONFLICT,-105.0,0.0,5.0,ATP_STANDSTILL,ATO_HOLD,HC
140.4999999999963,SRC_7,STATION_EVENT,ROUTE_CONFLICT,-105.0,0.0,5.0,ATP_STANDSTILL,ATO_HOLD,HC
140.5999999999963,SRC_7,STATION_EVENT,ROUTE_CONFLICT,-105.0,0.0,5.0,ATP_STANDSTILL,ATO_HOLD,HC
140.6999999999963,SRC_7,STATION_EVENT,ROUTE_CONFLICT,-105.0,0.0,5.0,ATP_STANDSTILL,ATO_HOLD,HC
140.7999999999963,SRC_7,STATION_EVENT,ROUTE_CONFLICT,-105.0,0.0,5.0,ATP_STANDSTILL,ATO_HOLD,HC
140.89999999999628,SRC_7,STATION_EVENT,ROUTE_CONFLICT,-105.0,0.0,5.0,ATP_STANDSTILL,ATO_HOLD,HC
140.99999999999628,SRC_7,STATION_EVENT,ROUTE_CONFLICT,-105.0,0.0,5.0,ATP_STANDSTILL,ATO_HOLD,HC
141.09999999999627,SRC_7,STATION_EVENT,ROUTE_CONFLICT,-105.0,0.0,5.0,ATP_STANDSTILL,ATO_HOLD,HC
141.19999999999627,SRC_7,STATION_EVENT,ROUTE_CONFLICT,-105.0,0.0,5.0,ATP_STANDSTILL,ATO_HOLD,HC
141.29999999999626,SRC_7,STATION_EVENT,ROUTE_CONFLICT,-105.0,0.0,5.0,ATP_STANDSTILL,ATO_HOLD,HC
141.39999999999625,SRC_7,STATION_EVENT,ROUTE_CONFLICT,-105.0,0.0,5.0,ATP_STANDSTILL,ATO_HOLD,HC
141.49999999999625,SRC_7,STATION_EVENT,ROUTE_CONFLICT,-105.0,0.0,5.0,ATP_STANDSTILL,ATO_HOLD,HC
141.59999999999624,SRC_7,STATION_EVENT,ROUTE_CONFLICT,-105.0,0.0,5.0,ATP_STANDSTILL,ATO_HOLD,HC
141.69999999999624,SRC_7,STATION_EVENT,ROUTE_CONFLICT,-105.0,0.0,5.0,ATP_STANDSTILL,ATO_HOLD,HC
141.79999999999623,SRC_7,STATION_EVENT,ROUTE_CONFLICT,-105.0,0.0,5.0,ATP_STANDSTILL,ATO_HOLD,HC
141.89999999999623,SRC_7,STATION_EVENT,ROUTE_CONFLICT,-105.0,0.0,5.0,ATP_STANDSTILL,ATO_HOLD,HC
141.99999999999622,SRC_7,STATION_EVENT,ROUTE_CONFLICT,-105.0,0.0,5.0,ATP_STANDSTILL,ATO_HOLD,HC
142.09999999999621,SRC_7,STATION_EVENT,ROUTE_CONFLICT,-105.0,0.0,5.0,ATP_STANDSTILL,ATO_HOLD,HC
142.1999999999962,SRC_7,STATION_EVENT,ROUTE_CONFLICT,-105.0,0.0,5.0,ATP_STANDSTILL,ATO_HOLD,HC
142.2999999999962,SRC_7,STATION_EVENT,ROUTE_CONFLICT,-105.0,0.0,5.0,ATP_STANDSTILL,ATO_HOLD,HC
142.3999999999962,SRC_7,STATION_EVENT,ROUTE_CONFLICT,-105.0,0.0,5.0,ATP_STANDSTILL,ATO_HOLD,HC
142.4999999999962,SRC_7,STATION_EVENT,ROUTE_CONFLICT,-105.0,0.0,5.0,ATP_STANDSTILL,ATO_HOLD,HC
142.5999999999962,SRC_7,STATION_EVENT,ROUTE_CONFLICT,-105.0,0.0,5.0,ATP_STANDSTILL,ATO_HOLD,HC
142.69999999999618,SRC_7,STATION_EVENT,ROUTE_CONFLICT,-105.0,0.0,5.0,ATP_STANDSTILL,ATO_HOLD,HC
142.79999999999617,SRC_7,STATION_EVENT,ROUTE_CONFLICT,-105.0,0.0,5.0,ATP_STANDSTILL,ATO_HOLD,HC
142.89999999999617,SRC_7,STATION_EVENT,ROUTE_CONFLICT,-105.0,0.0,5.0,ATP_STANDSTILL,ATO_HOLD,HC
142.99999999999616,SRC_7,STATION_EVENT,ROUTE_CONFLICT,-105.0,0.0,5.0,ATP_STANDSTILL,ATO_HOLD,HC
143.09999999999616,SRC_7,STATION_EVENT,ROUTE_CONFLICT,-105.0,0.0,5.0,ATP_STANDSTILL,ATO_HOLD,HC
143.19999999999615,SRC_7,STATION_EVENT,ROUTE_CONFLICT,-105.0,0.0,5.0,ATP_STANDSTILL,ATO_HOLD,HC
143.29999999999615,SRC_7,STATION_EVENT,ROUTE_CONFLICT,-105.0,0.0,5.0,ATP_STANDSTILL,ATO_HOLD,HC
143.39999999999614,SRC_7,STATION_EVENT,ROUTE_CONFLICT,-105.0,0.0,5.0,ATP_STANDSTILL,ATO_HOLD,HC
143.49999999999613,SRC_7,STATION_EVENT,ROUTE_CONFLICT,-105.0,0.0,5.0,ATP_STANDSTILL,ATO_HOLD,HC
143.59999999999613,SRC_7,STATION_EVENT,ROUTE_CONFLICT,-105.0,0.0,5.0,ATP_STANDSTILL,ATO_HOLD,HC
143.69999999999612,SRC_7,STATION_EVENT,ROUTE_CONFLICT,-105.0,0.0,5.0,ATP_STANDSTILL,ATO_HOLD,HC
143.79999999999612,SRC_7,STATION_EVENT,ROUTE_CONFLICT,-105.0,0.0,5.0,ATP_STANDSTILL,ATO_HOLD,HC
143.8999999999961,SRC_7,STATION_EVENT,ROUTE_CONFLICT,-105.0,0.0,5.0,ATP_STANDSTILL,ATO_HOLD,HC
143.9999999999961,SRC_7,STATION_EVENT,ROUTE_CONFLICT,-105.0,0.0,5.0,ATP_STANDSTILL,ATO_HOLD,HC
144.0999999999961,SRC_7,STATION_EVENT,ROUTE_CONFLICT,-105.0,0.0,5.0,ATP_STANDSTILL,ATO_HOLD,HC
144.1999999999961,SRC_7,STATION_EVENT,ROUTE_CONFLICT,-105.0,0.0,5.0,ATP_STANDSTILL,ATO_HOLD,HC
144.2999999999961,SRC_7,STATION_EVENT,ROUTE_CONFLICT,-105.0,0.0,5.0,ATP_STANDSTILL,ATO_HOLD,HC
144.39999999999608,SRC_7,STATION_EVENT,ROUTE_CONFLICT,-105.0,0.0,5.0,ATP_STANDSTILL,ATO_HOLD,HC
144.49999999999608,SRC_7,STATION_EVENT,ROUTE_CONFLICT,-105.0,0.0,5.0,ATP_STANDSTILL,ATO_HOLD,HC
144.59999999999607,SRC_7,STATION_EVENT,ROUTE_CONFLICT,-105.0,0.0,5.0,ATP_STANDSTILL,ATO_HOLD,HC
144.69999999999607,SRC_7,STATION_EVENT,ROUTE_CONFLICT,-105.0,0.0,5.0,ATP_STANDSTILL,ATO_HOLD,HC
144.79999999999606,SRC_7,STATION_EVENT,ROUTE_CONFLICT,-105.0,0.0,5.0,ATP_STANDSTILL,ATO_HOLD,HC
144.89999999999606,SRC_7,STATION_EVENT,ROUTE_CONFLICT,-105.0,0.0,5.0,ATP_STANDSTILL,ATO_HOLD,HC
144.99999999999605,SRC_7,STATION_EVENT,ROUTE_CONFLICT,-105.0,0.0,5.0,ATP_STANDSTILL,ATO_HOLD,HC
145.09999999999604,SRC_7,STATION_EVENT,ROUTE_CONFLICT,-105.0,0.0,5.0,ATP_STANDSTILL,ATO_HOLD,HC
145.19999999999604,SRC_7,STATION_EVENT,ROUTE_CONFLICT,-105.0,0.0,5.0,ATP_STANDSTILL,ATO_HOLD,HC
145.29999999999603,SRC_7,STATION_EVENT,ROUTE_CONFLICT,-105.0,0.0,5.0,ATP_STANDSTILL,ATO_HOLD,HC
145.39999999999603,SRC_7,STATION_EVENT,ROUTE_CONFLICT,-105.0,0.0,5.0,ATP_STANDSTILL,ATO_HOLD,HC
145.49999999999602,SRC_7,STATION_EVENT,ROUTE_CONFLICT,-105.0,0.0,5.0,ATP_STANDSTILL,ATO_HOLD,HC
145.59999999999602,SRC_7,STATION_EVENT,ROUTE_CONFLICT,-105.0,0.0,5.0,ATP_STANDSTILL,ATO_HOLD,HC
145.699999999996,SRC_7,STATION_EVENT,ROUTE_CONFLICT,-105.0,0.0,5.0,ATP_STANDSTILL,ATO_HOLD,HC
145.799999999996,SRC_7,STATION_EVENT,ROUTE_CONFLICT,-105.0,0.0,5.0,ATP_STANDSTILL,ATO_HOLD,HC
145.899999999996,SRC_7,STATION_EVENT,ROUTE_CONFLICT,-105.0,0.0,5.0,ATP_STANDSTILL,ATO_HOLD,HC
145.999999999996,SRC_7,STATION_EVENT,ROUTE_CONFLICT,-105.0,0.0,5.0,ATP_STANDSTILL,ATO_HOLD,HC
146.099999999996,SRC_7,STATION_EVENT,ROUTE_CONFLICT,-105.0,0.0,5.0,ATP_STANDSTILL,ATO_HOLD,HC
146.19999999999598,SRC_7,STATION_EVENT,ROUTE_CONFLICT,-105.0,0.0,5.0,ATP_STANDSTILL,ATO_HOLD,HC
146.29999999999598,SRC_7,STATION_EVENT,ROUTE_CONFLICT,-105.0,0.0,5.0,ATP_STANDSTILL,ATO_HOLD,HC
146.39999999999597,SRC_7,STATION_EVENT,ROUTE_CONFLICT,-105.0,0.0,5.0,ATP_STANDSTILL,ATO_HOLD,HC
146.49999999999596,SRC_7,STATION_EVENT,ROUTE_CONFLICT,-105.0,0.0,5.0,ATP_STANDSTILL,ATO_HOLD,HC
146.59999999999596,SRC_7,STATION_EVENT,ROUTE_CONFLICT,-105.0,0.0,5.0,ATP_STANDSTILL,ATO_HOLD,HC
146.69999999999595,SRC_7,STATION_EVENT,ROUTE_CONFLICT,-105.0,0.0,5.0,ATP_STANDSTILL,ATO_HOLD,HC
146.79999999999595,SRC_7,STATION_EVENT,ROUTE_CONFLICT,-105.0,0.0,5.0,ATP_STANDSTILL,ATO_HOLD,HC
146.89999999999594,SRC_7,STATION_EVENT,ROUTE_CONFLICT,-105.0,0.0,5.0,ATP_STANDSTILL,ATO_HOLD,HC
146.99999999999594,SRC_7,STATION_EVENT,ROUTE_CONFLICT,-105.0,0.0,5.0,ATP_STANDSTILL,ATO_HOLD,HC
147.09999999999593,SRC_7,STATION_EVENT,ROUTE_CONFLICT,-105.0,0.0,5.0,ATP_STANDSTILL,ATO_HOLD,HC
147.19999999999592,SRC_7,STATION_EVENT,ROUTE_CONFLICT,-105.0,0.0,5.0,ATP_STANDSTILL,ATO_HOLD,HC
147.29999999999592,SRC_7,STATION_EVENT,ROUTE_CONFLICT,-105.0,0.0,5.0,ATP_STANDSTILL,ATO_HOLD,HC
147.3999999999959,SRC_7,STATION_EVENT,ROUTE_CONFLICT,-105.0,0.0,5.0,ATP_STANDSTILL,ATO_HOLD,HC
147.4999999999959,SRC_7,STATION_EVENT,ROUTE_CONFLICT,-105.0,0.0,5.0,ATP_STANDSTILL,ATO_HOLD,HC
147.5999999999959,SRC_7,STATION_EVENT,ROUTE_CONFLICT,-105.0,0.0,5.0,ATP_STANDSTILL,ATO_HOLD,HC
147.6999999999959,SRC_7,STATION_EVENT,ROUTE_CONFLICT,-105.0,0.0,5.0,ATP_STANDSTILL,ATO_HOLD,HC
147.7999999999959,SRC_7,STATION_EVENT,ROUTE_CONFLICT,-105.0,0.0,5.0,ATP_STANDSTILL,ATO_HOLD,HC
147.89999999999588,SRC_7,STATION_EVENT,ROUTE_CONFLICT,-105.0,0.0,5.0,ATP_STANDSTILL,ATO_HOLD,HC
147.99999999999588,SRC_7,STATION_EVENT,ROUTE_CONFLICT,-105.0,0.0,5.0,ATP_STANDSTILL,ATO_HOLD,HC
148.09999999999587,SRC_7,STATION_EVENT,ROUTE_CONFLICT,-105.0,0.0,5.0,ATP_STANDSTILL,ATO_HOLD,HC
148.19999999999587,SRC_7,STATION_EVENT,ROUTE_CONFLICT,-105.0,0.0,5.0,ATP_STANDSTILL,ATO_HOLD,HC
148.29999999999586,SRC_7,STATION_EVENT,ROUTE_CONFLICT,-105.0,0.0,5.0,ATP_STANDSTILL,ATO_HOLD,HC
148.39999999999586,SRC_7,STATION_EVENT,ROUTE_CONFLICT,-105.0,0.0,5.0,ATP_STANDSTILL,ATO_HOLD,HC
148.49999999999585,SRC_7,STATION_EVENT,ROUTE_CONFLICT,-105.0,0.0,5.0,ATP_STANDSTILL,ATO_HOLD,HC
148.59999999999584,SRC_7,STATION_EVENT,ROUTE_CONFLICT,-105.0,0.0,5.0,ATP_STANDSTILL,ATO_HOLD,HC
148.69999999999584,SRC_7,STATION_EVENT,ROUTE_CONFLICT,-105.0,0.0,5.0,ATP_STANDSTILL,ATO_HOLD,HC
148.79999999999583,SRC_7,STATION_EVENT,ROUTE_CONFLICT,-105.0,0.0,5.0,ATP_STANDSTILL,ATO_HOLD,HC
148.89999999999583,SRC_7,STATION_EVENT,ROUTE_CONFLICT,-105.0,0.0,5.0,ATP_STANDSTILL,ATO_HOLD,HC
148.99999999999582,SRC_7,STATION_EVENT,ROUTE_CONFLICT,-105.0,0.0,5.0,ATP_STANDSTILL,ATO_HOLD,HC
149.09999999999582,SRC_7,STATION_EVENT,ROUTE_CONFLICT,-105.0,0.0,5.0,ATP_STANDSTILL,ATO_HOLD,HC
149.1999999999958,SRC_7,STATION_EVENT,ROUTE_CONFLICT,-105.0,0.0,5.0,ATP_STANDSTILL,ATO_HOLD,HC
