sim_time,train_id,event,reason,pos_m,speed_kmh,distance_to_eoa_m,collision_partner_id,collision_overlap_m,collision_gap_m,atp_state,ato_state,ato_profile_phase
263.99999999999153,T01,STATION_EVENT,STOP_TARGET_ASSIGNED,1807.5618084325342,25.476287450812155,190.76494985575346,,,,,,
263.99999999999153,T01,STATION_EVENT,RECEIVE_ROUTE_ASSIGNED,1807.5618084325342,25.476287450812155,190.76494985575346,,,,,,
264.09999999999155,T01,STATION_EVENT,STOP_TARGET_ASSIGNED,1808.2710392548856,25.588331758492988,190.02313177971996,,,,,,
264.09999999999155,T01,STATION_EVENT,RECEIVE_ROUTE_ASSIGNED,1808.2710392548856,25.588331758492988,190.02313177971996,,,,,,
264.1999999999916,T01,STATION_EVENT,STOP_TARGET_ASSIGNED,1808.9837573205039,25.727368966011994,189.2784394162511,,,,,,
264.1999999999916,T01,STATION_EVENT,RECEIVE_ROUTE_ASSIGNED,1808.9837573205039,25.727368966011994,189.2784394162511,,,,,,
264.2999999999916,T01,STATION_EVENT,STOP_TARGET_ASSIGNED,1809.7007124081354,25.893397343455554,188.5300854473519,,,,,,
264.2999999999916,T01,STATION_EVENT,RECEIVE_ROUTE_ASSIGNED,1809.7007124081354,25.893397343455554,188.5300854473519,,,,,,
264.3999999999916,T01,STATION_EVENT,STOP_TARGET_ASSIGNED,1810.4226542483016,26.086415148510305,187.77728260533877,,,,,,
264.3999999999916,T01,STATION_EVENT,RECEIVE_ROUTE_ASSIGNED,1810.4226542483016,26.086415148510305,187.77728260533877,,,,,,
264.49999999999164,T01,STATION_EVENT,STOP_TARGET_ASSIGNED,1811.1503325229203,26.306420624036704,187.01924367316428,,,,,,
264.49999999999164,T01,STATION_EVENT,RECEIVE_ROUTE_ASSIGNED,1811.1503325229203,26.306420624036704,187.01924367316428,,,,,,
264.59999999999167,T01,STATION_EVENT,STOP_TARGET_ASSIGNED,1811.8844968648602,26.55341199564327,186.25518148481456,,,,,,
264.59999999999167,T01,STATION_EVENT,RECEIVE_ROUTE_ASSIGNED,1811.8844968648602,26.55341199564327,186.25518148481456,,,,,,
264.6999999999917,T01,STATION_EVENT,STOP_TARGET_ASSIGNED,1812.6258968574284,26.827387469261517,185.48430892577767,,,,,,
264.6999999999917,T01,STATION_EVENT,RECEIVE_ROUTE_ASSIGNED,1812.6258968574284,26.827387469261517,185.48430892577767,,,,,,
264.7999999999917,T01,STATION_EVENT,STOP_TARGET_ASSIGNED,1813.3752820337893,27.12834522872162,184.70583893358116,,,,,,
264.7999999999917,T01,STATION_EVENT,RECEIVE_ROUTE_ASSIGNED,1813.3752820337893,27.12834522872162,184.70583893358116,,,,,,
264.89999999999173,T01,STATION_EVENT,STOP_TARGET_ASSIGNED,1814.1334018763177,27.4562834333288,183.91898449840232,,,,,,
264.89999999999173,T01,STATION_EVENT,RECEIVE_ROUTE_ASSIGNED,1814.1334018763177,27.4562834333288,183.91898449840232,,,,,,
264.99999999999176,T01,STATION_EVENT,STOP_TARGET_ASSIGNED,1814.901005815884,27.811200215440415,183.12295866374734,,,,,,
264.99999999999176,T01,STATION_EVENT,RECEIVE_ROUTE_ASSIGNED,1814.901005815884,27.811200215440415,183.12295866374734,,,,,,
265.0999999999918,T01,STATION_EVENT,STOP_TARGET_ASSIGNED,1815.6785094432594,28.169060955588176,182.31697452720277,,,,,,
265.0999999999918,T01,STATION_EVENT,RECEIVE_ROUTE_ASSIGNED,1815.6785094432594,28.169060955588176,182.31697452720277,,,,,,
265.1999999999918,T01,STATION_EVENT,STOP_TARGET_ASSIGNED,1816.465948254146,28.5265334282595,181.50059571845873,,,,,,
265.1999999999918,T01,STATION_EVENT,RECEIVE_ROUTE_ASSIGNED,1816.465948254146,28.5265334282595,181.50059571845873,,,,,,
265.2999999999918,T01,STATION_EVENT,STOP_TARGET_ASSIGNED,1817.2633114672142,28.88361791265003,180.68405174585405,,,,,,
265.2999999999918,T01,STATION_EVENT,RECEIVE_ROUTE_ASSIGNED,1817.2633114672142,28.88361791265003,180.68405174585405,,,,,,
265.39999999999185,T01,STATION_EVENT,STOP_TARGET_ASSIGNED,1818.0705883088915,29.240314688114836,179.8866885327859,,,,,,
265.39999999999185,T01,STATION_EVENT,RECEIVE_ROUTE_ASSIGNED,1818.0705883088915,29.240314688114836,179.8866885327859,,,,,,
265.49999999999187,T01,STATION_EVENT,STOP_TARGET_ASSIGNED,1818.8877680133676,29.596624034167345,179.0794116911086,,,,,,
265.49999999999187,T01,STATION_EVENT,RECEIVE_ROUTE_ASSIGNED,1818.8877680133676,29.596624034167345,179.0794116911086,,,,,,
265.5999999999919,T01,STATION_EVENT,STOP_TARGET_ASSIGNED,1819.7148398225988,29.952546230478195,178.26223198663251,,,,,,
265.5999999999919,T01,STATION_EVENT,RECEIVE_ROUTE_ASSIGNED,1819.7148398225988,29.952546230478195,178.26223198663251,,,,,,
265.6999999999919,T01,STATION_EVENT,STOP_TARGET_ASSIGNED,1820.551792986312,30.308081556874132,177.43516017740126,,,,,,
265.6999999999919,T01,STATION_EVENT,RECEIVE_ROUTE_ASSIGNED,1820.551792986312,30.308081556874132,177.43516017740126,,,,,,
265.79999999999194,T01,STATION_EVENT,STOP_TARGET_ASSIGNED,1821.3986167620094,30.663230293336895,176.59820701368812,,,,,,
265.79999999999194,T01,STATION_EVENT,RECEIVE_ROUTE_ASSIGNED,1821.3986167620094,30.663230293336895,176.59820701368812,,,,,,
265.89999999999196,T01,STATION_EVENT,STOP_TARGET_ASSIGNED,1822.2553004149725,31.017992720002106,175.7513832379907,,,,,,
265.89999999999196,T01,STATION_EVENT,RECEIVE_ROUTE_ASSIGNED,1822.2553004149725,31.017992720002106,175.7513832379907,,,,,,
265.999999999992,T01,STATION_EVENT,STOP_TARGET_ASSIGNED,1823.1218332182664,31.372369117158158,174.89469958502764,,,,,,
265.999999999992,T01,STATION_EVENT,RECEIVE_ROUTE_ASSIGNED,1823.1218332182664,31.372369117158158,174.89469958502764,,,,,,
266.099999999992,T01,STATION_EVENT,STOP_TARGET_ASSIGNED,1823.9982044527442,31.726359765245125,174.02816678173372,,,,,,
266.099999999992,T01,STATION_EVENT,RECEIVE_ROUTE_ASSIGNED,1823.9982044527442,31.726359765245125,174.02816678173372,,,,,,
266.19999999999203,T01,STATION_EVENT,STOP_TARGET_ASSIGNED,1824.8844034070512,32.07996494485364,173.15179554725592,,,,,,
266.19999999999203,T01,STATION_EVENT,RECEIVE_ROUTE_ASSIGNED,1824.8844034070512,32.07996494485364,173.15179554725592,,,,,,
266.29999999999205,T01,STATION_EVENT,STOP_TARGET_ASSIGNED,1825.7804193776287,32.433184936723805,172.2655965929489,,,,,,
266.29999999999205,T01,STATION_EVENT,RECEIVE_ROUTE_ASSIGNED,1825.7804193776287,32.433184936723805,172.2655965929489,,,,,,
266.3999999999921,T01,STATION_EVENT,STOP_TARGET_ASSIGNED,1826.6862416687186,32.78602002174408,171.36958062237136,,,,,,
266.3999999999921,T01,STATION_EVENT,RECEIVE_ROUTE_ASSIGNED,1826.6862416687186,32.78602002174408,171.36958062237136,,,,,,
266.4999999999921,T01,STATION_EVENT,STOP_TARGET_ASSIGNED,1827.6018595923672,33.1384704809502,170.4637583312815,,,,,,
266.4999999999921,T01,STATION_EVENT,RECEIVE_ROUTE_ASSIGNED,1827.6018595923672,33.1384704809502,170.4637583312815,,,,,,
266.5999999999921,T01,STATION_EVENT,STOP_TARGET_ASSIGNED,1828.5272624684294,33.49053659552407,169.5481404076329,,,,,,
266.5999999999921,T01,STATION_EVENT,RECEIVE_ROUTE_ASSIGNED,1828.5272624684294,33.49053659552407,169.5481404076329,,,,,,
266.69999999999214,T01,STATION_EVENT,STOP_TARGET_ASSIGNED,1829.4624396245727,33.84221864679268,168.6227375315707,,,,,,
266.69999999999214,T01,STATION_EVENT,RECEIVE_ROUTE_ASSIGNED,1829.4624396245727,33.84221864679268,168.6227375315707,,,,,,
266.79999999999217,T01,STATION_EVENT,STOP_TARGET_ASSIGNED,1830.4073803962813,34.193516916227004,167.68756037542744,,,,,,
266.79999999999217,T01,STATION_EVENT,RECEIVE_ROUTE_ASSIGNED,1830.4073803962813,34.193516916227004,167.68756037542744,,,,,,
266.8999999999922,T01,STATION_EVENT,STOP_TARGET_ASSIGNED,1831.36207412686,34.54443168544091,166.74261960371882,,,,,,
266.8999999999922,T01,STATION_EVENT,RECEIVE_ROUTE_ASSIGNED,1831.36207412686,34.54443168544091,166.74261960371882,,,,,,
266.9999999999922,T01,STATION_EVENT,STOP_TARGET_ASSIGNED,1832.326175891733,34.87089538542298,165.78792587314,,,,,,
266.9999999999922,T01,STATION_EVENT,RECEIVE_ROUTE_ASSIGNED,1832.326175891733,34.87089538542298,165.78792587314,,,,,,
267.09999999999224,T01,STATION_EVENT,STOP_TARGET_ASSIGNED,1833.299675415097,35.221070296781065,164.823824108267,,,,,,
267.09999999999224,T01,STATION_EVENT,RECEIVE_ROUTE_ASSIGNED,1833.299675415097,35.221070296781065,164.823824108267,,,,,,
267.19999999999226,T01,STATION_EVENT,STOP_TARGET_ASSIGNED,1834.282526659722,35.544219316212875,163.8503245849031,,,,,,
267.19999999999226,T01,STATION_EVENT,RECEIVE_ROUTE_ASSIGNED,1834.282526659722,35.544219316212875,163.8503245849031,,,,,,
267.2999999999923,T01,STATION_EVENT,STOP_TARGET_ASSIGNED,1835.2739789324628,35.84034432113237,162.86747334027814,,,,,,
267.2999999999923,T01,STATION_EVENT,RECEIVE_ROUTE_ASSIGNED,1835.2739789324628,35.84034432113237,162.86747334027814,,,,,,
267.3999999999923,T01,STATION_EVENT,STOP_TARGET_ASSIGNED,1836.273538785415,36.12796509142347,161.8760210675373,,,,,,
267.3999999999923,T01,STATION_EVENT,RECEIVE_ROUTE_ASSIGNED,1836.273538785415,36.12796509142347,161.8760210675373,,,,,,
267.4999999999923,T01,STATION_EVENT,STOP_TARGET_ASSIGNED,1837.2807128046738,36.38856429522061,160.8764612145851,,,,,,
267.4999999999923,T01,STATION_EVENT,RECEIVE_ROUTE_ASSIGNED,1837.2807128046738,36.38856429522061,160.8764612145851,,,,,,
267.59999999999235,T01,STATION_EVENT,STOP_TARGET_ASSIGNED,1838.2947504182089,36.62214387929572,159.86928719532625,,,,,,
267.59999999999235,T01,STATION_EVENT,RECEIVE_ROUTE_ASSIGNED,1838.2947504182089,36.62214387929572,159.86928719532625,,,,,,
267.6999999999924,T01,STATION_EVENT,STOP_TARGET_ASSIGNED,1839.31490110839,36.828705813746026,158.8552495817912,,,,,,
267.6999999999924,T01,STATION_EVENT,RECEIVE_ROUTE_ASSIGNED,1839.31490110839,36.828705813746026,158.8552495817912,,,,,,
267.7999999999924,T01,STATION_EVENT,STOP_TARGET_ASSIGNED,1840.3404144126025,37.00825208955663,157.8350988916102,,,,,,
267.7999999999924,T01,STATION_EVENT,RECEIVE_ROUTE_ASSIGNED,1840.3404144126025,37.00825208955663,157.8350988916102,,,,,,
267.8999999999924,T01,STATION_EVENT,STOP_TARGET_ASSIGNED,1841.3708513937493,37.18321055301518,156.80958558739758,,,,,,
267.8999999999924,T01,STATION_EVENT,RECEIVE_ROUTE_ASSIGNED,1841.3708513937493,37.18321055301518,156.80958558739758,,,,,,
267.99999999999244,T01,STATION_EVENT,STOP_TARGET_ASSIGNED,1842.4057731470075,37.331155681580675,155.77914860625083,,,,,,
267.99999999999244,T01,STATION_EVENT,RECEIVE_ROUTE_ASSIGNED,1842.4057731470075,37.331155681580675,155.77914860625083,,,,,,
268.09999999999246,T01,STATION_EVENT,STOP_TARGET_ASSIGNED,1843.4444602609567,37.4543165227601,154.7442268529926,,,,,,
268.09999999999246,T01,STATION_EVENT,RECEIVE_ROUTE_ASSIGNED,1843.4444602609567,37.4543165227601,154.7442268529926,,,,,,
268.1999999999925,T01,STATION_EVENT,STOP_TARGET_ASSIGNED,1844.4861933784434,37.55046793628694,153.7055397390434,,,,,,
268.1999999999925,T01,STATION_EVENT,RECEIVE_ROUTE_ASSIGNED,1844.4861933784434,37.55046793628694,153.7055397390434,,,,,,
268.2999999999925,T01,STATION_EVENT,STOP_TARGET_ASSIGNED,1845.5305436217325,37.64274958052113,152.66380662155666,,,,,,
268.2999999999925,T01,STATION_EVENT,RECEIVE_ROUTE_ASSIGNED,1845.5305436217325,37.64274958052113,152.66380662155666,,,,,,
268.39999999999253,T01,STATION_EVENT,STOP_TARGET_ASSIGNED,1846.5774639846265,37.73551654784886,151.6194563782676,,,,,,
268.39999999999253,T01,STATION_EVENT,RECEIVE_ROUTE_ASSIGNED,1846.5774639846265,37.73551654784886,151.6194563782676,,,,,,
268.49999999999255,T01,STATION_EVENT,STOP_TARGET_ASSIGNED,1847.6269679476727,37.82876879147307,150.57253601537354,,,,,,
268.49999999999255,T01,STATION_EVENT,RECEIVE_ROUTE_ASSIGNED,1847.6269679476727,37.82876879147307,150.57253601537354,,,,,,
268.5999999999926,T01,STATION_EVENT,STOP_TARGET_ASSIGNED,1848.6786871511172,37.89501385652477,149.52303205232738,,,,,,
268.5999999999926,T01,STATION_EVENT,RECEIVE_ROUTE_ASSIGNED,1848.6786871511172,37.89501385652477,149.52303205232738,,,,,,
268.6999999999926,T01,STATION_EVENT,STOP_TARGET_ASSIGNED,1849.7320895110897,37.9499560614961,148.47131284888292,,,,,,
268.6999999999926,T01,STATION_EVENT,RECEIVE_ROUTE_ASSIGNED,1849.7320895110897,37.9499560614961,148.47131284888292,,,,,,
268.7999999999926,T01,STATION_EVENT,STOP_TARGET_ASSIGNED,1850.7868253984232,37.99102782651725,147.41791048891037,,,,,,
268.7999999999926,T01,STATION_EVENT,RECEIVE_ROUTE_ASSIGNED,1850.7868253984232,37.99102782651725,147.41791048891037,,,,,,
268.89999999999264,T01,STATION_EVENT,STOP_TARGET_ASSIGNED,1851.8428012046152,38.039230219308955,146.36317460157693,,,,,,
268.89999999999264,T01,STATION_EVENT,RECEIVE_ROUTE_ASSIGNED,1851.8428012046152,38.039230219308955,146.36317460157693,,,,,,
268.99999999999267,T01,STATION_EVENT,STOP_TARGET_ASSIGNED,1852.8997409144527,38.0604288889945,145.30719879538492,,,,,,
268.99999999999267,T01,STATION_EVENT,RECEIVE_ROUTE_ASSIGNED,1852.8997409144527,38.0604288889945,145.30719879538492,,,,,,
269.0999999999927,T01,STATION_EVENT,STOP_TARGET_ASSIGNED,1853.957107160091,38.06994079696203,144.25025908554744,,,,,,
269.0999999999927,T01,STATION_EVENT,RECEIVE_ROUTE_ASSIGNED,1853.957107160091,38.06994079696203,144.25025908554744,,,,,,
269.1999999999927,T01,STATION_EVENT,STOP_TARGET_ASSIGNED,1855.0147353317727,38.07928756411556,143.19289283990906,,,,,,
269.1999999999927,T01,STATION_EVENT,RECEIVE_ROUTE_ASSIGNED,1855.0147353317727,38.07928756411556,143.19289283990906,,,,,,
269.29999999999274,T01,STATION_EVENT,STOP_TARGET_ASSIGNED,1856.0726208424287,38.08846920312167,142.13526466822736,,,,,,
269.29999999999274,T01,STATION_EVENT,RECEIVE_ROUTE_ASSIGNED,1856.0726208424287,38.08846920312167,142.13526466822736,,,,,,
269.39999999999276,T01,STATION_EVENT,STOP_TARGET_ASSIGNED,1857.1307591053421,38.09748572665109,141.0773791575714,,,,,,
269.39999999999276,T01,STATION_EVENT,RECEIVE_ROUTE_ASSIGNED,1857.1307591053421,38.09748572665109,141.0773791575714,,,,,,
269.4999999999928,T01,STATION_EVENT,STOP_TARGET_ASSIGNED,1858.189145534148,38.10633714737863,140.01924089465797,,,,,,
269.4999999999928,T01,STATION_EVENT,RECEIVE_ROUTE_ASSIGNED,1858.189145534148,38.10633714737863,140.01924089465797,,,,,,
269.5999999999928,T01,STATION_EVENT,STOP_TARGET_ASSIGNED,1859.2477755428338,38.11502347798311,138.96085446585198,,,,,,
269.5999999999928,T01,STATION_EVENT,RECEIVE_ROUTE_ASSIGNED,1859.2477755428338,38.11502347798311,138.96085446585198,,,,,,
269.6999999999928,T01,STATION_EVENT,STOP_TARGET_ASSIGNED,1860.3066445457384,38.12354473114719,137.9022244571663,,,,,,
269.6999999999928,T01,STATION_EVENT,RECEIVE_ROUTE_ASSIGNED,1860.3066445457384,38.12354473114719,137.9022244571663,,,,,,
269.79999999999285,T01,STATION_EVENT,STOP_TARGET_ASSIGNED,1861.3657479575538,38.13190091955738,136.84335545426165,,,,,,
269.79999999999285,T01,STATION_EVENT,RECEIVE_ROUTE_ASSIGNED,1861.3657479575538,38.13190091955738,136.84335545426165,,,,,,
269.8999999999929,T01,STATION_EVENT,STOP_TARGET_ASSIGNED,1862.425081193324,38.140092055903864,135.78425204244627,,,,,,
269.8999999999929,T01,STATION_EVENT,RECEIVE_ROUTE_ASSIGNED,1862.425081193324,38.140092055903864,135.78425204244627,,,,,,
269.9999999999929,T01,STATION_EVENT,STOP_TARGET_ASSIGNED,1863.484639668446,38.14811815288044,134.724918806676,,,,,,
269.9999999999929,T01,STATION_EVENT,RECEIVE_ROUTE_ASSIGNED,1863.484639668446,38.14811815288044,134.724918806676,,,,,,
270.0999999999929,T01,STATION_EVENT,STOP_TARGET_ASSIGNED,1864.5444187986693,38.15597922318447,133.66536033155398,,,,,,
270.0999999999929,T01,STATION_EVENT,RECEIVE_ROUTE_ASSIGNED,1864.5444187986693,38.15597922318447,133.66536033155398,,,,,,
270.19999999999294,T01,STATION_EVENT,STOP_TARGET_ASSIGNED,1865.6044140000956,38.16367527951669,132.60558120133078,,,,,,
270.19999999999294,T01,STATION_EVENT,RECEIVE_ROUTE_ASSIGNED,1865.6044140000956,38.16367527951669,132.60558120133078,,,,,,
270.29999999999296,T01,STATION_EVENT,STOP_TARGET_ASSIGNED,1866.6646206891803,38.17120633458123,131.54558599990446,,,,,,
270.29999999999296,T01,STATION_EVENT,RECEIVE_ROUTE_ASSIGNED,1866.6646206891803,38.17120633458123,131.54558599990446,,,,,,
270.399999999993,T01,STATION_EVENT,STOP_TARGET_ASSIGNED,1867.7250342827313,38.17857240108543,130.48537931081978,,,,,,
270.399999999993,T01,STATION_EVENT,RECEIVE_ROUTE_ASSIGNED,1867.7250342827313,38.17857240108543,130.48537931081978,,,,,,
270.499999999993,T01,STATION_EVENT,STOP_TARGET_ASSIGNED,1868.7856501979095,38.18577349173982,129.42496571726883,,,,,,
270.499999999993,T01,STATION_EVENT,RECEIVE_ROUTE_ASSIGNED,1868.7856501979095,38.18577349173982,129.42496571726883,,,,,,
270.59999999999303,T01,STATION_EVENT,STOP_TARGET_ASSIGNED,1869.846463852229,38.192809619257986,128.3643498020906,,,,,,
270.59999999999303,T01,STATION_EVENT,RECEIVE_ROUTE_ASSIGNED,1869.846463852229,38.192809619257986,128.3643498020906,,,,,,
270.69999999999305,T01,STATION_EVENT,STOP_TARGET_ASSIGNED,1870.907470663557,38.19968079635646,127.30353614777118,,,,,,
270.69999999999305,T01,STATION_EVENT,RECEIVE_ROUTE_ASSIGNED,1870.907470663557,38.19968079635646,127.30353614777118,,,,,,
270.7999999999931,T01,STATION_EVENT,STOP_TARGET_ASSIGNED,1871.968666050114,38.206387035754716,126.24252933644311,,,,,,
270.7999999999931,T01,STATION_EVENT,RECEIVE_ROUTE_ASSIGNED,1871.968666050114,38.206387035754716,126.24252933644311,,,,,,
270.8999999999931,T01,STATION_EVENT,STOP_TARGET_ASSIGNED,1873.0300454304743,38.21292835017497,125.18133394988604,,,,,,
270.8999999999931,T01,STATION_EVENT,RECEIVE_ROUTE_ASSIGNED,1873.0300454304743,38.21292835017497,125.18133394988604,,,,,,
270.9999999999931,T01,STATION_EVENT,STOP_TARGET_ASSIGNED,1874.091604223565,38.21930475234216,124.11995456952582,,,,,,
270.9999999999931,T01,STATION_EVENT,RECEIVE_ROUTE_ASSIGNED,1874.091604223565,38.21930475234216,124.11995456952582,,,,,,
271.09999999999314,T01,STATION_EVENT,STOP_TARGET_ASSIGNED,1875.1533378486668,38.225516254983845,123.05839577643519,,,,,,
271.09999999999314,T01,STATION_EVENT,RECEIVE_ROUTE_ASSIGNED,1875.1533378486668,38.225516254983845,123.05839577643519,,,,,,
271.19999999999317,T01,STATION_EVENT,STOP_TARGET_ASSIGNED,1876.2152417254142,38.231562870830075,121.99666215133334,,,,,,
271.19999999999317,T01,STATION_EVENT,RECEIVE_ROUTE_ASSIGNED,1876.2152417254142,38.231562870830075,121.99666215133334,,,,,,
271.2999999999932,T01,STATION_EVENT,STOP_TARGET_ASSIGNED,1877.2773112737955,38.23744461261336,120.93475827458587,,,,,,
271.2999999999932,T01,STATION_EVENT,RECEIVE_ROUTE_ASSIGNED,1877.2773112737955,38.23744461261336,120.93475827458587,,,,,,
271.3999999999932,T01,STATION_EVENT,STOP_TARGET_ASSIGNED,1878.3392350868382,38.221069926460224,119.87268872620461,,,,,,
271.3999999999932,T01,STATION_EVENT,RECEIVE_ROUTE_ASSIGNED,1878.3392350868382,38.221069926460224,119.87268872620461,,,,,,
271.49999999999324,T01,STATION_EVENT,STOP_TARGET_ASSIGNED,1879.400400341146,38.18282838369122,118.81076491316185,,,,,,
271.49999999999324,T01,STATION_EVENT,RECEIVE_ROUTE_ASSIGNED,1879.400400341146,38.18282838369122,118.81076491316185,,,,,,
271.59999999999326,T01,STATION_EVENT,STOP_TARGET_ASSIGNED,1880.4602681107226,38.127651025830204,117.7495996588541,,,,,,
271.59999999999326,T01,STATION_EVENT,RECEIVE_ROUTE_ASSIGNED,1880.4602681107226,38.127651025830204,117.7495996588541,,,,,,
271.6999999999933,T01,STATION_EVENT,STOP_TARGET_ASSIGNED,1881.5188181665287,38.0879529922176,117.43973188927748,,,,,,
271.6999999999933,T01,STATION_EVENT,RECEIVE_ROUTE_ASSIGNED,1881.5188181665287,38.0879529922176,117.43973188927748,,,,,,
271.7999999999933,T01,STATION_EVENT,STOP_TARGET_ASSIGNED,1882.5758905418224,38.02125802893041,116.38118183347137,,,,,,
271.7999999999933,T01,STATION_EVENT,RECEIVE_ROUTE_ASSIGNED,1882.5758905418224,38.02125802893041,116.38118183347137,,,,,,
271.8999999999933,T01,STATION_EVENT,STOP_TARGET_ASSIGNED,1883.6307832361406,37.93101596196778,115.32410945817765,,,,,,
271.8999999999933,T01,STATION_EVENT,RECEIVE_ROUTE_ASSIGNED,1883.6307832361406,37.93101596196778,115.32410945817765,,,,,,
271.99999999999335,T01,STATION_EVENT,STOP_TARGET_ASSIGNED,1884.6829261955886,37.8232771182861,114.2692167638595,,,,,,
271.99999999999335,T01,STATION_EVENT,RECEIVE_ROUTE_ASSIGNED,1884.6829261955886,37.8232771182861,114.2692167638595,,,,,,
272.0999999999934,T01,STATION_EVENT,STOP_TARGET_ASSIGNED,1885.731830933764,37.697864030345364,113.21707380441148,,,,,,
272.0999999999934,T01,STATION_EVENT,RECEIVE_ROUTE_ASSIGNED,1885.731830933764,37.697864030345364,113.21707380441148,,,,,,
272.1999999999934,T01,STATION_EVENT,STOP_TARGET_ASSIGNED,1886.7770041074875,37.55460447773717,112.16816906623603,,,,,,
272.1999999999934,T01,STATION_EVENT,RECEIVE_ROUTE_ASSIGNED,1886.7770041074875,37.55460447773717,112.16816906623603,,,,,,
272.2999999999934,T01,STATION_EVENT,STOP_TARGET_ASSIGNED,1887.8179476853463,37.39333312809516,111.12299589251256,,,,,,
272.2999999999934,T01,STATION_EVENT,RECEIVE_ROUTE_ASSIGNED,1887.8179476853463,37.39333312809516,111.12299589251256,,,,,,
272.39999999999344,T01,STATION_EVENT,STOP_TARGET_ASSIGNED,1888.8541591433068,37.2138918450517,110.08205231465377,,,,,,
272.39999999999344,T01,STATION_EVENT,RECEIVE_ROUTE_ASSIGNED,1888.8541591433068,37.2138918450517,110.08205231465377,,,,,,
272.49999999999346,T01,STATION_EVENT,STOP_TARGET_ASSIGNED,1889.8857613117104,37.061464280017695,109.0458408566933,,,,,,
272.49999999999346,T01,STATION_EVENT,RECEIVE_ROUTE_ASSIGNED,1889.8857613117104,37.061464280017695,109.0458408566933,,,,,,
272.5999999999935,T01,STATION_EVENT,STOP_TARGET_ASSIGNED,1890.912769833342,36.88314927746608,108.01423868828965,,,,,,
272.5999999999935,T01,STATION_EVENT,RECEIVE_ROUTE_ASSIGNED,1890.912769833342,36.88314927746608,108.01423868828965,,,,,,
272.6999999999935,T01,STATION_EVENT,STOP_TARGET_ASSIGNED,1891.934887951143,36.709355204211825,106.98723016665804,,,,,,
272.6999999999935,T01,STATION_EVENT,RECEIVE_ROUTE_ASSIGNED,1891.934887951143,36.709355204211825,106.98723016665804,,,,,,
272.79999999999353,T01,STATION_EVENT,STOP_TARGET_ASSIGNED,1892.9525536389692,36.56257431927297,105.96511204885701,,,,,,
272.79999999999353,T01,STATION_EVENT,RECEIVE_ROUTE_ASSIGNED,1892.9525536389692,36.56257431927297,105.96511204885701,,,,,,
272.89999999999355,T01,STATION_EVENT,STOP_TARGET_ASSIGNED,1893.965767234329,36.388804546619895,104.94744636103087,,,,,,
272.89999999999355,T01,STATION_EVENT,RECEIVE_ROUTE_ASSIGNED,1893.965767234329,36.388804546619895,104.94744636103087,,,,,,
272.9999999999936,T01,STATION_EVENT,STOP_TARGET_ASSIGNED,1894.9737790738452,36.18804789854471,103.93423276567114,,,,,,
272.9999999999936,T01,STATION_EVENT,RECEIVE_ROUTE_ASSIGNED,1894.9737790738452,36.18804789854471,103.93423276567114,,,,,,
273.0999999999936,T01,STATION_EVENT,STOP_TARGET_ASSIGNED,1895.9759281869788,35.96668824706892,102.92622092615488,,,,,,
273.0999999999936,T01,STATION_EVENT,RECEIVE_ROUTE_ASSIGNED,1895.9759281869788,35.96668824706892,102.92622092615488,,,,,,
273.1999999999936,T01,STATION_EVENT,STOP_TARGET_ASSIGNED,1896.9723036517519,35.77234521659607,101.92407181302133,,,,,,
273.1999999999936,T01,STATION_EVENT,RECEIVE_ROUTE_ASSIGNED,1896.9723036517519,35.77234521659607,101.92407181302133,,,,,,
273.29999999999364,T01,STATION_EVENT,STOP_TARGET_ASSIGNED,1897.9632426048688,35.57525940782177,100.92769634824822,,,,,,
273.29999999999364,T01,STATION_EVENT,RECEIVE_ROUTE_ASSIGNED,1897.9632426048688,35.57525940782177,100.92769634824822,,,,,,
273.39999999999367,T01,STATION_EVENT,STOP_TARGET_ASSIGNED,1898.949082156492,35.40518830905096,99.93675739513128,,,,,,
273.39999999999367,T01,STATION_EVENT,RECEIVE_ROUTE_ASSIGNED,1898.949082156492,35.40518830905096,99.93675739513128,,,,,,
273.4999999999937,T01,STATION_EVENT,STOP_TARGET_ASSIGNED,1899.9298226867468,35.20812986928125,98.95091784350802,,,,,,
273.4999999999937,T01,STATION_EVENT,RECEIVE_ROUTE_ASSIGNED,1899.9298226867468,35.20812986928125,98.95091784350802,,,,,,
273.5999999999937,T01,STATION_EVENT,STOP_TARGET_ASSIGNED,1900.904714574613,34.98408605708489,97.97017731325332,,,,,,
273.5999999999937,T01,STATION_EVENT,RECEIVE_ROUTE_ASSIGNED,1900.904714574613,34.98408605708489,97.97017731325332,,,,,,
273.69999999999374,T01,STATION_EVENT,STOP_TARGET_ASSIGNED,1901.8737582535055,34.78705882316174,96.99528542538701,,,,,,
273.69999999999374,T01,STATION_EVENT,RECEIVE_ROUTE_ASSIGNED,1901.8737582535055,34.78705882316174,96.99528542538701,,,,,,
273.79999999999376,T01,STATION_EVENT,STOP_TARGET_ASSIGNED,1902.837258871119,34.58498564501286,96.02624174649463,,,,,,
273.79999999999376,T01,STATION_EVENT,RECEIVE_ROUTE_ASSIGNED,1902.837258871119,34.58498564501286,96.02624174649463,,,,,,
273.8999999999938,T01,STATION_EVENT,STOP_TARGET_ASSIGNED,1903.7947715512905,34.355927327330484,95.06274112888104,,,,,,
273.8999999999938,T01,STATION_EVENT,RECEIVE_ROUTE_ASSIGNED,1903.7947715512905,34.355927327330484,95.06274112888104,,,,,,
273.9999999999938,T01,STATION_EVENT,STOP_TARGET_ASSIGNED,1904.746296733611,34.15388579973898,94.10522844870957,,,,,,
273.9999999999938,T01,STATION_EVENT,RECEIVE_ROUTE_ASSIGNED,1904.746296733611,34.15388579973898,94.10522844870957,,,,,,
274.0999999999938,T01,STATION_EVENT,STOP_TARGET_ASSIGNED,1905.691834856295,33.924859033505,93.15370326638913,,,,,,
274.0999999999938,T01,STATION_EVENT,RECEIVE_ROUTE_ASSIGNED,1905.691834856295,33.924859033505,93.15370326638913,,,,,,
274.19999999999385,T01,STATION_EVENT,STOP_TARGET_ASSIGNED,1906.6313863560013,33.72284894534938,92.20816514370517,,,,,,
274.19999999999385,T01,STATION_EVENT,RECEIVE_ROUTE_ASSIGNED,1906.6313863560013,33.72284894534938,92.20816514370517,,,,,,
274.2999999999939,T01,STATION_EVENT,STOP_TARGET_ASSIGNED,1907.565214108636,33.51274924433919,91.26861364399883,,,,,,
274.2999999999939,T01,STATION_EVENT,RECEIVE_ROUTE_ASSIGNED,1907.565214108636,33.51274924433919,91.26861364399883,,,,,,
274.3999999999939,T01,STATION_EVENT,STOP_TARGET_ASSIGNED,1908.4935809695949,33.3296647446958,90.33478589136416,,,,,,
274.3999999999939,T01,STATION_EVENT,RECEIVE_ROUTE_ASSIGNED,1908.4935809695949,33.3296647446958,90.33478589136416,,,,,,
274.4999999999939,T01,STATION_EVENT,STOP_TARGET_ASSIGNED,1909.416487333435,33.119593451793186,89.40641903040523,,,,,,
274.4999999999939,T01,STATION_EVENT,RECEIVE_ROUTE_ASSIGNED,1909.416487333435,33.119593451793186,89.40641903040523,,,,,,
274.59999999999394,T01,STATION_EVENT,STOP_TARGET_ASSIGNED,1910.3331835934105,32.88253726643115,88.48351266656505,,,,,,
274.59999999999394,T01,STATION_EVENT,RECEIVE_ROUTE_ASSIGNED,1910.3331835934105,32.88253726643115,88.48351266656505,,,,,,
274.69999999999396,T01,STATION_EVENT,STOP_TARGET_ASSIGNED,1911.2436701953106,32.67249807037635,87.56681640658962,,,,,,
274.69999999999396,T01,STATION_EVENT,RECEIVE_ROUTE_ASSIGNED,1911.2436701953106,32.67249807037635,87.56681640658962,,,,,,
274.799999999994,T01,STATION_EVENT,STOP_TARGET_ASSIGNED,1912.1481733992077,32.451732610219906,86.65632980468945,,,,,,
274.799999999994,T01,STATION_EVENT,RECEIVE_ROUTE_ASSIGNED,1912.1481733992077,32.451732610219906,86.65632980468945,,,,,,
274.899999999994,T01,STATION_EVENT,STOP_TARGET_ASSIGNED,1913.0469194474633,32.257982864177215,85.75182660079236,,,,,,
274.899999999994,T01,STATION_EVENT,RECEIVE_ROUTE_ASSIGNED,1913.0469194474633,32.257982864177215,85.75182660079236,,,,,,
274.99999999999403,T01,STATION_EVENT,STOP_TARGET_ASSIGNED,1913.9399087492525,32.037246864648374,84.85308055253677,,,,,,
274.99999999999403,T01,STATION_EVENT,RECEIVE_ROUTE_ASSIGNED,1913.9399087492525,32.037246864648374,84.85308055253677,,,,,,
275.09999999999405,T01,STATION_EVENT,STOP_TARGET_ASSIGNED,1914.8263917123097,31.789526475474965,83.96009125074761,,,,,,
275.09999999999405,T01,STATION_EVENT,RECEIVE_ROUTE_ASSIGNED,1914.8263917123097,31.789526475474965,83.96009125074761,,,,,,
275.1999999999941,T01,STATION_EVENT,STOP_TARGET_ASSIGNED,1915.706368795865,31.56882354051136,83.07360828769038,,,,,,
275.1999999999941,T01,STATION_EVENT,RECEIVE_ROUTE_ASSIGNED,1915.706368795865,31.56882354051136,83.07360828769038,,,,,,
275.2999999999941,T01,STATION_EVENT,STOP_TARGET_ASSIGNED,1916.5800714582508,31.337768151255887,82.19363120413504,,,,,,
275.2999999999941,T01,STATION_EVENT,RECEIVE_ROUTE_ASSIGNED,1916.5800714582508,31.337768151255887,82.19363120413504,,,,,,
275.3999999999941,T01,STATION_EVENT,STOP_TARGET_ASSIGNED,1917.44773113985,31.133728923887386,81.31992854174928,,,,,,
275.3999999999941,T01,STATION_EVENT,RECEIVE_ROUTE_ASSIGNED,1917.44773113985,31.133728923887386,81.31992854174928,,,,,,
275.49999999999415,T01,STATION_EVENT,STOP_TARGET_ASSIGNED,1918.3093482626728,30.902703919356284,80.45226886015007,,,,,,
275.49999999999415,T01,STATION_EVENT,RECEIVE_ROUTE_ASSIGNED,1918.3093482626728,30.902703919356284,80.45226886015007,,,,,,
275.59999999999417,T01,STATION_EVENT,STOP_TARGET_ASSIGNED,1919.1649232471486,30.698694962904334,79.59065173732733,,,,,,
275.59999999999417,T01,STATION_EVENT,RECEIVE_ROUTE_ASSIGNED,1919.1649232471486,30.698694962904334,79.59065173732733,,,,,,
275.6999999999942,T01,STATION_EVENT,STATION_LINE_OCCUPIED,1920.014591003892,30.477383522619874,78.73507675285146,,,,,,
287.39999999999685,T01,STATION_STATE,final_approach,1975.2115848846406,9.790088031953255,22.960427506687893,,,,,,
287.39999999999685,T01,EOA_UPDATE,STATION_STOP_TARGET,1975.2115848846406,9.790088031953255,22.960427506687893,,,,,,
309.80000000000194,T01,STATION_STATE,aligned_stop,2000.0,0.0,-1.141640981064711,,,,,,
309.80000000000194,T01,STATION_STATE,dwell_started,2000.0,0.0,-1.141640981064711,,,,,,
309.80000000000194,T01,EOA_UPDATE,SAFETY_RESTRICTION,2000.0,0.0,-1.141640981064711,,,,,,
352.2000000000116,T02,STATION_EVENT,STOP_TARGET_ASSIGNED,1807.2724113513848,25.903893570132475,191.71354631444865,,,,,,
352.2000000000116,T02,STATION_EVENT,RECEIVE_ROUTE_ASSIGNED,1807.2724113513848,25.903893570132475,191.71354631444865,,,,,,
352.3000000000116,T02,STATION_EVENT,STOP_TARGET_ASSIGNED,1807.9942706729796,26.069977584691298,191.03180659845475,,,,,,
352.3000000000116,T02,STATION_EVENT,RECEIVE_ROUTE_ASSIGNED,1807.9942706729796,26.069977584691298,191.03180659845475,,,,,,
352.40000000001163,T02,STATION_EVENT,STOP_TARGET_ASSIGNED,1808.7211182920828,26.26305099073785,190.34604024293958,,,,,,
352.40000000001163,T02,STATION_EVENT,RECEIVE_ROUTE_ASSIGNED,1808.7211182920828,26.26305099073785,190.34604024293958,,,,,,
352.50000000001165,T02,STATION_EVENT,STOP_TARGET_ASSIGNED,1809.4537038895348,26.48311202581737,189.65553500479155,,,,,,
352.50000000001165,T02,STATION_EVENT,RECEIVE_ROUTE_ASSIGNED,1809.4537038895348,26.48311202581737,189.65553500479155,,,,,,
352.6000000000117,T02,STATION_EVENT,STOP_TARGET_ASSIGNED,1810.1927770969799,26.73015891021887,188.95957868721212,,,,,,
352.6000000000117,T02,STATION_EVENT,RECEIVE_ROUTE_ASSIGNED,1810.1927770969799,26.73015891021887,188.95957868721212,,,,,,
352.7000000000117,T02,STATION_EVENT,STOP_TARGET_ASSIGNED,1810.9390874963517,27.004189844550083,188.25745914013942,,,,,,
352.7000000000117,T02,STATION_EVENT,RECEIVE_ROUTE_ASSIGNED,1810.9390874963517,27.004189844550083,188.25745914013942,,,,,,
352.8000000000117,T02,STATION_EVENT,STOP_TARGET_ASSIGNED,1811.6933846192942,27.305203007313157,187.54846426073618,,,,,,
352.8000000000117,T02,STATION_EVENT,RECEIVE_ROUTE_ASSIGNED,1811.6933846192942,27.305203007313157,187.54846426073618,,,,,,
352.90000000001174,T02,STATION_EVENT,STOP_TARGET_ASSIGNED,1812.4564179465135,27.633196552481024,186.83188199394067,,,,,,
352.90000000001174,T02,STATION_EVENT,RECEIVE_ROUTE_ASSIGNED,1812.4564179465135,27.633196552481024,186.83188199394067,,,,,,
353.00000000001177,T02,STATION_EVENT,STOP_TARGET_ASSIGNED,1813.228936907063,27.98816860707457,186.1070003330824,,,,,,
353.00000000001177,T02,STATION_EVENT,RECEIVE_ROUTE_ASSIGNED,1813.228936907063,27.98816860707457,186.1070003330824,,,,,,
353.1000000000118,T02,STATION_EVENT,STOP_TARGET_ASSIGNED,1814.011353656605,28.345837359952647,185.3731073205604,,,,,,
353.1000000000118,T02,STATION_EVENT,RECEIVE_ROUTE_ASSIGNED,1814.011353656605,28.345837359952647,185.3731073205604,,,,,,
353.2000000000118,T02,STATION_EVENT,STOP_TARGET_ASSIGNED,1814.8037002585954,28.703117983363537,184.62981140849547,,,,,,
353.2000000000118,T02,STATION_EVENT,RECEIVE_ROUTE_ASSIGNED,1814.8037002585954,28.703117983363537,184.62981140849547,,,,,,
353.30000000001183,T02,STATION_EVENT,STOP_TARGET_ASSIGNED,1815.6059659355392,29.060010756581843,183.87708213660449,,,,,,
353.30000000001183,T02,STATION_EVENT,RECEIVE_ROUTE_ASSIGNED,1815.6059659355392,29.060010756581843,183.87708213660449,,,,,,
353.40000000001186,T02,STATION_EVENT,STOP_TARGET_ASSIGNED,1816.4181399177007,29.416515959041067,183.1149297435079,,,,,,
353.40000000001186,T02,STATION_EVENT,RECEIVE_ROUTE_ASSIGNED,1816.4181399177007,29.416515959041067,183.1149297435079,,,,,,
353.5000000000119,T02,STATION_EVENT,STOP_TARGET_ASSIGNED,1817.2402114431086,29.77263387033249,182.33186008229927,,,,,,
353.5000000000119,T02,STATION_EVENT,RECEIVE_ROUTE_ASSIGNED,1817.2402114431086,29.77263387033249,182.33186008229927,,,,,,
353.6000000000119,T02,STATION_EVENT,STOP_TARGET_ASSIGNED,1818.0721697575605,30.128364770204076,181.5097885568914,,,,,,
353.6000000000119,T02,STATION_EVENT,RECEIVE_ROUTE_ASSIGNED,1818.0721697575605,30.128364770204076,181.5097885568914,,,,,,
353.7000000000119,T02,STATION_EVENT,STOP_TARGET_ASSIGNED,1818.9140041146266,30.483708938559325,180.67783024243954,,,,,,
353.7000000000119,T02,STATION_EVENT,RECEIVE_ROUTE_ASSIGNED,1818.9140041146266,30.483708938559325,180.67783024243954,,,,,,
353.80000000001195,T02,STATION_EVENT,STOP_TARGET_ASSIGNED,1819.7657037756546,30.838666655456194,179.83599588537345,,,,,,
353.80000000001195,T02,STATION_EVENT,RECEIVE_ROUTE_ASSIGNED,1819.7657037756546,30.838666655456194,179.83599588537345,,,,,,
353.90000000001197,T02,STATION_EVENT,STOP_TARGET_ASSIGNED,1820.6272580097736,31.193238201105984,178.98429622434537,,,,,,
353.90000000001197,T02,STATION_EVENT,RECEIVE_ROUTE_ASSIGNED,1820.6272580097736,31.193238201105984,178.98429622434537,,,,,,
354.000000000012,T02,STATION_EVENT,STOP_TARGET_ASSIGNED,1821.4986560938983,31.547423855872196,178.12274199022636,,,,,,
354.000000000012,T02,STATION_EVENT,RECEIVE_ROUTE_ASSIGNED,1821.4986560938983,31.547423855872196,178.12274199022636,,,,,,
354.100000000012,T02,STATION_EVENT,STOP_TARGET_ASSIGNED,1822.3798873127337,31.90122390026949,177.25134390610174,,,,,,
354.100000000012,T02,STATION_EVENT,RECEIVE_ROUTE_ASSIGNED,1822.3798873127337,31.90122390026949,177.25134390610174,,,,,,
354.20000000001204,T02,STATION_EVENT,STOP_TARGET_ASSIGNED,1823.2709409587785,32.25463861496252,176.37011268726633,,,,,,
354.20000000001204,T02,STATION_EVENT,RECEIVE_ROUTE_ASSIGNED,1823.2709409587785,32.25463861496252,176.37011268726633,,,,,,
354.30000000001206,T02,STATION_EVENT,STOP_TARGET_ASSIGNED,1824.1718063323303,32.60766828076488,175.4790590412215,,,,,,
354.30000000001206,T02,STATION_EVENT,RECEIVE_ROUTE_ASSIGNED,1824.1718063323303,32.60766828076488,175.4790590412215,,,,,,
354.4000000000121,T02,STATION_EVENT,STOP_TARGET_ASSIGNED,1825.0824727414888,32.96031317863797,174.57819366766967,,,,,,
354.4000000000121,T02,STATION_EVENT,RECEIVE_ROUTE_ASSIGNED,1825.0824727414888,32.96031317863797,174.57819366766967,,,,,,
354.5000000000121,T02,STATION_EVENT,STOP_TARGET_ASSIGNED,1826.00292950216,33.312573589689926,173.6675272585112,,,,,,
354.5000000000121,T02,STATION_EVENT,RECEIVE_ROUTE_ASSIGNED,1826.00292950216,33.312573589689926,173.6675272585112,,,,,,
354.60000000001213,T02,STATION_EVENT,STOP_TARGET_ASSIGNED,1826.933165938061,33.66444979517451,172.74707049784,,,,,,
354.60000000001213,T02,STATION_EVENT,RECEIVE_ROUTE_ASSIGNED,1826.933165938061,33.66444979517451,172.74707049784,,,,,,
354.70000000001215,T02,STATION_EVENT,STOP_TARGET_ASSIGNED,1827.8731713807229,34.015942076490056,171.81683406193906,,,,,,
354.70000000001215,T02,STATION_EVENT,RECEIVE_ROUTE_ASSIGNED,1827.8731713807229,34.015942076490056,171.81683406193906,,,,,,
354.8000000000122,T02,STATION_EVENT,STOP_TARGET_ASSIGNED,1828.822935169496,34.367050715178294,170.87682861927715,,,,,,
354.8000000000122,T02,STATION_EVENT,RECEIVE_ROUTE_ASSIGNED,1828.822935169496,34.367050715178294,170.87682861927715,,,,,,
354.9000000000122,T02,STATION_EVENT,STOP_TARGET_ASSIGNED,1829.782446651553,34.71777599292336,169.92706483050392,,,,,,
354.9000000000122,T02,STATION_EVENT,RECEIVE_ROUTE_ASSIGNED,1829.782446651553,34.71777599292336,169.92706483050392,,,,,,
355.0000000000122,T02,STATION_EVENT,STOP_TARGET_ASSIGNED,1830.7513571952575,35.043783153787,168.96755334844693,,,,,,
355.0000000000122,T02,STATION_EVENT,RECEIVE_ROUTE_ASSIGNED,1830.7513571952575,35.043783153787,168.96755334844693,,,,,,
355.10000000001224,T02,STATION_EVENT,STOP_TARGET_ASSIGNED,1831.7289481594703,35.34276626952898,167.99864280474253,,,,,,
355.10000000001224,T02,STATION_EVENT,RECEIVE_ROUTE_ASSIGNED,1831.7289481594703,35.34276626952898,167.99864280474253,,,,,,
355.20000000001227,T02,STATION_EVENT,STOP_TARGET_ASSIGNED,1832.7152189025128,35.66872722953422,167.0210518405297,,,,,,
355.20000000001227,T02,STATION_EVENT,RECEIVE_ROUTE_ASSIGNED,1832.7152189025128,35.66872722953422,167.0210518405297,,,,,,
355.3000000000123,T02,STATION_EVENT,STOP_TARGET_ASSIGNED,1833.71016877961,35.96766392147553,166.0347810974872,,,,,,
355.3000000000123,T02,STATION_EVENT,RECEIVE_ROUTE_ASSIGNED,1833.71016877961,35.96766392147553,166.0347810974872,,,,,,
355.4000000000123,T02,STATION_EVENT,STOP_TARGET_ASSIGNED,1834.7130471431522,36.23957825355163,165.03983122038994,,,,,,
355.4000000000123,T02,STATION_EVENT,RECEIVE_ROUTE_ASSIGNED,1834.7130471431522,36.23957825355163,165.03983122038994,,,,,,
355.50000000001234,T02,STATION_EVENT,STOP_TARGET_ASSIGNED,1835.7232957946985,36.49832465778915,164.03695285684785,,,,,,
355.50000000001234,T02,STATION_EVENT,RECEIVE_ROUTE_ASSIGNED,1835.7232957946985,36.49832465778915,164.03695285684785,,,,,,
355.60000000001236,T02,STATION_EVENT,STOP_TARGET_ASSIGNED,1836.7403565753618,36.730051549974284,163.02670420530148,,,,,,
355.60000000001236,T02,STATION_EVENT,RECEIVE_ROUTE_ASSIGNED,1836.7403565753618,36.730051549974284,163.02670420530148,,,,,,
355.7000000000124,T02,STATION_EVENT,STOP_TARGET_ASSIGNED,1837.7635184551455,36.93760379444772,162.00964342463817,,,,,,
355.7000000000124,T02,STATION_EVENT,RECEIVE_ROUTE_ASSIGNED,1837.7635184551455,36.93760379444772,162.00964342463817,,,,,,
355.8000000000124,T02,STATION_EVENT,STOP_TARGET_ASSIGNED,1838.7920704561823,37.1181402802108,160.98648154485454,,,,,,
355.8000000000124,T02,STATION_EVENT,RECEIVE_ROUTE_ASSIGNED,1838.7920704561823,37.1181402802108,160.98648154485454,,,,,,
355.9000000000124,T02,STATION_EVENT,STOP_TARGET_ASSIGNED,1839.8255954154506,37.29565678711559,159.95792954381773,,,,,,
355.9000000000124,T02,STATION_EVENT,RECEIVE_ROUTE_ASSIGNED,1839.8255954154506,37.29565678711559,159.95792954381773,,,,,,
356.00000000001245,T02,STATION_EVENT,STOP_TARGET_ASSIGNED,1840.8636762005804,37.446159742233014,158.9244045845494,,,,,,
356.00000000001245,T02,STATION_EVENT,RECEIVE_ROUTE_ASSIGNED,1840.8636762005804,37.446159742233014,158.9244045845494,,,,,,
356.10000000001247,T02,STATION_EVENT,STOP_TARGET_ASSIGNED,1841.9055931067037,37.57185749864252,157.88632379941964,,,,,,
356.10000000001247,T02,STATION_EVENT,RECEIVE_ROUTE_ASSIGNED,1841.9055931067037,37.57185749864252,157.88632379941964,,,,,,
356.2000000000125,T02,STATION_EVENT,STOP_TARGET_ASSIGNED,1842.9506264833094,37.67054561696587,156.8444068932963,,,,,,
356.2000000000125,T02,STATION_EVENT,RECEIVE_ROUTE_ASSIGNED,1842.9506264833094,37.67054561696587,156.8444068932963,,,,,,
356.3000000000125,T02,STATION_EVENT,STOP_TARGET_ASSIGNED,1843.9983471594005,37.765343061587096,155.7993735166906,,,,,,
356.3000000000125,T02,STATION_EVENT,RECEIVE_ROUTE_ASSIGNED,1843.9983471594005,37.765343061587096,155.7993735166906,,,,,,
356.40000000001254,T02,STATION_EVENT,STOP_TARGET_ASSIGNED,1845.0487078355804,37.86062562337347,154.7516528405995,,,,,,
356.40000000001254,T02,STATION_EVENT,RECEIVE_ROUTE_ASSIGNED,1845.0487078355804,37.86062562337347,154.7516528405995,,,,,,
356.50000000001256,T02,STATION_EVENT,STOP_TARGET_ASSIGNED,1846.1013401476694,37.92890084702793,153.70129216441956,,,,,,
356.50000000001256,T02,STATION_EVENT,RECEIVE_ROUTE_ASSIGNED,1846.1013401476694,37.92890084702793,153.70129216441956,,,,,,
356.6000000000126,T02,STATION_EVENT,STOP_TARGET_ASSIGNED,1847.1557117759737,37.98585639088287,152.64865985233064,,,,,,
356.6000000000126,T02,STATION_EVENT,RECEIVE_ROUTE_ASSIGNED,1847.1557117759737,37.98585639088287,152.64865985233064,,,,,,
356.7000000000126,T02,STATION_EVENT,STOP_TARGET_ASSIGNED,1848.2114728555316,38.028941337278326,151.5942882240263,,,,,,
356.7000000000126,T02,STATION_EVENT,RECEIVE_ROUTE_ASSIGNED,1848.2114728555316,38.028941337278326,151.5942882240263,,,,,,
356.80000000001263,T02,STATION_EVENT,STOP_TARGET_ASSIGNED,1849.26852977347,38.07915675428119,150.5385271444684,,,,,,
356.80000000001263,T02,STATION_EVENT,RECEIVE_ROUTE_ASSIGNED,1849.26852977347,38.07915675428119,150.5385271444684,,,,,,
356.90000000001265,T02,STATION_EVENT,STOP_TARGET_ASSIGNED,1850.3266065102034,38.102368290522314,149.48147022653006,,,,,,
356.90000000001265,T02,STATION_EVENT,RECEIVE_ROUTE_ASSIGNED,1850.3266065102034,38.102368290522314,149.48147022653006,,,,,,
357.0000000000127,T02,STATION_EVENT,STOP_TARGET_ASSIGNED,1851.3851654621228,38.11387624767665,148.42339348979658,,,,,,
357.0000000000127,T02,STATION_EVENT,RECEIVE_ROUTE_ASSIGNED,1851.3851654621228,38.11387624767665,148.42339348979658,,,,,,
357.1000000000127,T02,STATION_EVENT,STOP_TARGET_ASSIGNED,1852.444041783746,38.125218909184035,147.3648345378772,,,,,,
357.1000000000127,T02,STATION_EVENT,RECEIVE_ROUTE_ASSIGNED,1852.444041783746,38.125218909184035,147.3648345378772,,,,,,
357.2000000000127,T02,STATION_EVENT,STOP_TARGET_ASSIGNED,1853.5032308837024,38.13639628768483,146.3059582162541,,,,,,
357.2000000000127,T02,STATION_EVENT,RECEIVE_ROUTE_ASSIGNED,1853.5032308837024,38.13639628768483,146.3059582162541,,,,,,
357.30000000001274,T02,STATION_EVENT,STOP_TARGET_ASSIGNED,1854.5627281709733,38.14740839582468,145.24676911629763,,,,,,
357.30000000001274,T02,STATION_EVENT,RECEIVE_ROUTE_ASSIGNED,1854.5627281709733,38.14740839582468,145.24676911629763,,,,,,
357.40000000001277,T02,STATION_EVENT,STOP_TARGET_ASSIGNED,1855.622529054891,38.15825524625439,144.1872718290267,,,,,,
357.40000000001277,T02,STATION_EVENT,RECEIVE_ROUTE_ASSIGNED,1855.622529054891,38.15825524625439,144.1872718290267,,,,,,
357.5000000000128,T02,STATION_EVENT,STOP_TARGET_ASSIGNED,1856.6826289451394,38.16893685162986,143.12747094510905,,,,,,
357.5000000000128,T02,STATION_EVENT,RECEIVE_ROUTE_ASSIGNED,1856.6826289451394,38.16893685162986,143.12747094510905,,,,,,
357.6000000000128,T02,STATION_EVENT,STOP_TARGET_ASSIGNED,1857.7430232517538,38.17945322461199,142.0673710548606,,,,,,
357.6000000000128,T02,STATION_EVENT,RECEIVE_ROUTE_ASSIGNED,1857.7430232517538,38.17945322461199,142.0673710548606,,,,,,
357.70000000001284,T02,STATION_EVENT,STOP_TARGET_ASSIGNED,1858.8037073851215,38.18980437786658,141.0069767482462,,,,,,
357.70000000001284,T02,STATION_EVENT,RECEIVE_ROUTE_ASSIGNED,1858.8037073851215,38.18980437786658,141.0069767482462,,,,,,
357.80000000001286,T02,STATION_EVENT,STOP_TARGET_ASSIGNED,1859.8646767559817,38.19999032406424,139.94629261487853,,,,,,
357.80000000001286,T02,STATION_EVENT,RECEIVE_ROUTE_ASSIGNED,1859.8646767559817,38.19999032406424,139.94629261487853,,,,,,
357.9000000000129,T02,STATION_EVENT,STOP_TARGET_ASSIGNED,1860.9259267754253,38.2100110758803,138.8853232440183,,,,,,
357.9000000000129,T02,STATION_EVENT,RECEIVE_ROUTE_ASSIGNED,1860.9259267754253,38.2100110758803,138.8853232440183,,,,,,
358.0000000000129,T02,STATION_EVENT,STOP_TARGET_ASSIGNED,1861.9874528548958,38.21986664599473,137.8240732245747,,,,,,
358.0000000000129,T02,STATION_EVENT,RECEIVE_ROUTE_ASSIGNED,1861.9874528548958,38.21986664599473,137.8240732245747,,,,,,
358.1000000000129,T02,STATION_EVENT,STOP_TARGET_ASSIGNED,1863.0492504061885,38.229557047091994,136.76254714510424,,,,,,
358.1000000000129,T02,STATION_EVENT,RECEIVE_ROUTE_ASSIGNED,1863.0492504061885,38.229557047091994,136.76254714510424,,,,,,
358.20000000001295,T02,STATION_EVENT,STOP_TARGET_ASSIGNED,1864.1113148414518,38.23908229186105,135.70074959381145,,,,,,
358.20000000001295,T02,STATION_EVENT,RECEIVE_ROUTE_ASSIGNED,1864.1113148414518,38.23908229186105,135.70074959381145,,,,,,
358.300000000013,T02,STATION_EVENT,STOP_TARGET_ASSIGNED,1865.173641573186,38.248442392995194,134.63868515854824,,,,,,
358.300000000013,T02,STATION_EVENT,RECEIVE_ROUTE_ASSIGNED,1865.173641573186,38.248442392995194,134.63868515854824,,,,,,
358.400000000013,T02,STATION_EVENT,STOP_TARGET_ASSIGNED,1866.236226014244,38.25763736319196,133.57635842681407,,,,,,
358.400000000013,T02,STATION_EVENT,RECEIVE_ROUTE_ASSIGNED,1866.236226014244,38.25763736319196,133.57635842681407,,,,,,
358.500000000013,T02,STATION_EVENT,STOP_TARGET_ASSIGNED,1867.2990635778322,38.26666721515307,132.51377398575596,,,,,,
358.500000000013,T02,STATION_EVENT,RECEIVE_ROUTE_ASSIGNED,1867.2990635778322,38.26666721515307,132.51377398575596,,,,,,
358.60000000001304,T02,STATION_EVENT,STOP_TARGET_ASSIGNED,1868.362149677509,38.27553196158433,131.45093642216784,,,,,,
358.60000000001304,T02,STATION_EVENT,RECEIVE_ROUTE_ASSIGNED,1868.362149677509,38.27553196158433,131.45093642216784,,,,,,
358.70000000001306,T02,STATION_EVENT,STOP_TARGET_ASSIGNED,1869.4254797271865,38.2842316151955,130.38785032249098,,,,,,
358.70000000001306,T02,STATION_EVENT,RECEIVE_ROUTE_ASSIGNED,1869.4254797271865,38.2842316151955,130.38785032249098,,,,,,
358.8000000000131,T02,STATION_EVENT,STOP_TARGET_ASSIGNED,1870.4890491411295,38.29276618870028,129.32452027281352,,,,,,
358.8000000000131,T02,STATION_EVENT,RECEIVE_ROUTE_ASSIGNED,1870.4890491411295,38.29276618870028,129.32452027281352,,,,,,
358.9000000000131,T02,STATION_EVENT,STOP_TARGET_ASSIGNED,1871.552480617367,38.27430010041052,128.2609508588705,,,,,,
358.9000000000131,T02,STATION_EVENT,RECEIVE_ROUTE_ASSIGNED,1871.552480617367,38.27430010041052,128.2609508588705,,,,,,
359.00000000001313,T02,STATION_EVENT,STOP_TARGET_ASSIGNED,1872.6152330028503,38.24387165438633,127.19751938263289,,,,,,
359.00000000001313,T02,STATION_EVENT,RECEIVE_ROUTE_ASSIGNED,1872.6152330028503,38.24387165438633,127.19751938263289,,,,,,
359.10000000001315,T02,STATION_EVENT,STOP_TARGET_ASSIGNED,1873.677133830123,38.212987909239864,126.13476699714965,,,,,,
359.10000000001315,T02,STATION_EVENT,RECEIVE_ROUTE_ASSIGNED,1873.677133830123,38.212987909239864,126.13476699714965,,,,,,
359.2000000000132,T02,STATION_EVENT,STOP_TARGET_ASSIGNED,1874.7385518088186,38.20910655684346,125.07286616987699,,,,,,
359.2000000000132,T02,STATION_EVENT,RECEIVE_ROUTE_ASSIGNED,1874.7385518088186,38.20910655684346,125.07286616987699,,,,,,
359.3000000000132,T02,STATION_EVENT,STOP_TARGET_ASSIGNED,1875.8000107003106,38.21593363058389,124.01144819118144,,,,,,
359.3000000000132,T02,STATION_EVENT,RECEIVE_ROUTE_ASSIGNED,1875.8000107003106,38.21593363058389,124.01144819118144,,,,,,
359.4000000000132,T02,STATION_EVENT,STOP_TARGET_ASSIGNED,1876.8616569419842,38.22259576991601,122.94998929968938,,,,,,
359.4000000000132,T02,STATION_EVENT,RECEIVE_ROUTE_ASSIGNED,1876.8616569419842,38.22259576991601,122.94998929968938,,,,,,
359.50000000001324,T02,STATION_EVENT,STOP_TARGET_ASSIGNED,1877.9234859525047,38.229092987565444,121.88834305801583,,,,,,
359.50000000001324,T02,STATION_EVENT,RECEIVE_ROUTE_ASSIGNED,1877.9234859525047,38.229092987565444,121.88834305801583,,,,,,
359.60000000001327,T02,STATION_EVENT,STOP_TARGET_ASSIGNED,1878.9854931508912,38.23542529626048,120.82651404749527,,,,,,
359.60000000001327,T02,STATION_EVENT,RECEIVE_ROUTE_ASSIGNED,1878.9854931508912,38.23542529626048,120.82651404749527,,,,,,
359.7000000000133,T02,STATION_EVENT,STOP_TARGET_ASSIGNED,1880.0473211243273,38.216188791134265,119.76450684910878,,,,,,
359.7000000000133,T02,STATION_EVENT,RECEIVE_ROUTE_ASSIGNED,1880.0473211243273,38.216188791134265,119.76450684910878,,,,,,
359.8000000000133,T02,STATION_EVENT,STOP_TARGET_ASSIGNED,1881.1083976600812,38.181321783151695,118.55267887567265,,,,,,
359.8000000000133,T02,STATION_EVENT,RECEIVE_ROUTE_ASSIGNED,1881.1083976600812,38.181321783151695,118.55267887567265,,,,,,
359.90000000001334,T02,STATION_EVENT,STOP_TARGET_ASSIGNED,1882.1682388821673,38.12724620704429,117.4916023399187,,,,,,
359.90000000001334,T02,STATION_EVENT,RECEIVE_ROUTE_ASSIGNED,1882.1682388821673,38.12724620704429,117.4916023399187,,,,,,
360.00000000001336,T02,STATION_EVENT,STOP_TARGET_ASSIGNED,1883.2263401753937,38.056046905264004,116.4317611178326,,,,,,
360.00000000001336,T02,STATION_EVENT,RECEIVE_ROUTE_ASSIGNED,1883.2263401753937,38.056046905264004,116.4317611178326,,,,,,
360.1000000000134,T02,STATION_EVENT,STOP_TARGET_ASSIGNED,1884.2822232200663,37.967532311160745,115.3736598246062,,,,,,
360.1000000000134,T02,STATION_EVENT,RECEIVE_ROUTE_ASSIGNED,1884.2822232200663,37.967532311160745,115.3736598246062,,,,,,
360.2000000000134,T02,STATION_EVENT,STOP_TARGET_ASSIGNED,1885.3354044516275,37.86151636124971,114.31777677993364,,,,,,
360.2000000000134,T02,STATION_EVENT,RECEIVE_ROUTE_ASSIGNED,1885.3354044516275,37.86151636124971,114.31777677993364,,,,,,
360.3000000000134,T02,STATION_EVENT,STOP_TARGET_ASSIGNED,1886.3853952242152,37.73781926507732,113.26459554837243,,,,,,
360.3000000000134,T02,STATION_EVENT,RECEIVE_ROUTE_ASSIGNED,1886.3853952242152,37.73781926507732,113.26459554837243,,,,,,
360.40000000001345,T02,STATION_EVENT,STOP_TARGET_ASSIGNED,1887.4317019889772,37.596267797780385,112.21460477578466,,,,,,
360.40000000001345,T02,STATION_EVENT,RECEIVE_ROUTE_ASSIGNED,1887.4317019889772,37.596267797780385,112.21460477578466,,,,,,
360.5000000000135,T02,STATION_EVENT,STOP_TARGET_ASSIGNED,1888.473826480615,37.43669560012609,111.16829801102267,,,,,,
360.5000000000135,T02,STATION_EVENT,RECEIVE_ROUTE_ASSIGNED,1888.473826480615,37.43669560012609,111.16829801102267,,,,,,
360.6000000000135,T02,STATION_EVENT,STOP_TARGET_ASSIGNED,1889.5112659123686,37.25894348613581,110.12617351938502,,,,,,
360.6000000000135,T02,STATION_EVENT,RECEIVE_ROUTE_ASSIGNED,1889.5112659123686,37.25894348613581,110.12617351938502,,,,,,
360.7000000000135,T02,STATION_EVENT,STOP_TARGET_ASSIGNED,1890.544142974256,37.10820496975161,109.08873408763134,,,,,,
360.7000000000135,T02,STATION_EVENT,RECEIVE_ROUTE_ASSIGNED,1890.544142974256,37.10820496975161,109.08873408763134,,,,,,
360.80000000001354,T02,STATION_EVENT,STOP_TARGET_ASSIGNED,1891.5724731383325,36.931566843769644,108.05585702574399,,,,,,
360.80000000001354,T02,STATION_EVENT,RECEIVE_ROUTE_ASSIGNED,1891.5724731383325,36.931566843769644,108.05585702574399,,,,,,
360.90000000001356,T02,STATION_EVENT,STOP_TARGET_ASSIGNED,1892.5959592138179,36.759430591179395,107.02752686166741,,,,,,
360.90000000001356,T02,STATION_EVENT,RECEIVE_ROUTE_ASSIGNED,1892.5959592138179,36.759430591179395,107.02752686166741,,,,,,
361.0000000000136,T02,STATION_EVENT,STOP_TARGET_ASSIGNED,1893.614288908286,36.56030741052028,106.00404078618203,,,,,,
361.0000000000136,T02,STATION_EVENT,RECEIVE_ROUTE_ASSIGNED,1893.614288908286,36.56030741052028,106.00404078618203,,,,,,
361.1000000000136,T02,STATION_EVENT,STOP_TARGET_ASSIGNED,1894.627462612739,36.38819931009441,104.98571109171394,,,,,,
361.1000000000136,T02,STATION_EVENT,RECEIVE_ROUTE_ASSIGNED,1894.627462612739,36.38819931009441,104.98571109171394,,,,,,
361.20000000001363,T02,STATION_EVENT,STOP_TARGET_ASSIGNED,1895.6354807171635,36.18910420846811,103.9725373872609,,,,,,
361.20000000001363,T02,STATION_EVENT,RECEIVE_ROUTE_ASSIGNED,1895.6354807171635,36.18910420846811,103.9725373872609,,,,,,
361.30000000001365,T02,STATION_EVENT,STOP_TARGET_ASSIGNED,1896.6376785987025,35.9691432623405,102.96451928283636,,,,,,
361.30000000001365,T02,STATION_EVENT,RECEIVE_ROUTE_ASSIGNED,1896.6376785987025,35.9691432623405,102.96451928283636,,,,,,
361.4000000000137,T02,STATION_EVENT,STOP_TARGET_ASSIGNED,1897.6341416833548,35.77619883262177,101.96232140129746,,,,,,
361.4000000000137,T02,STATION_EVENT,RECEIVE_ROUTE_ASSIGNED,1897.6341416833548,35.77619883262177,101.96232140129746,,,,,,
361.5000000000137,T02,STATION_EVENT,STOP_TARGET_ASSIGNED,1898.6252073541461,35.58052946436362,100.96585831664515,,,,,,
361.5000000000137,T02,STATION_EVENT,RECEIVE_ROUTE_ASSIGNED,1898.6252073541461,35.58052946436362,100.96585831664515,,,,,,
361.6000000000137,T02,STATION_EVENT,STOP_TARGET_ASSIGNED,1899.6112129675594,35.411874701381116,99.97479264585377,,,,,,
361.6000000000137,T02,STATION_EVENT,RECEIVE_ROUTE_ASSIGNED,1899.6112129675594,35.411874701381116,99.97479264585377,,,,,,
361.70000000001374,T02,STATION_EVENT,STOP_TARGET_ASSIGNED,1900.592158900816,35.21623249309703,98.98878703244054,,,,,,
361.70000000001374,T02,STATION_EVENT,RECEIVE_ROUTE_ASSIGNED,1900.592158900816,35.21623249309703,98.98878703244054,,,,,,
361.80000000001377,T02,STATION_EVENT,STOP_TARGET_ASSIGNED,1901.56729553001,34.99360480886738,98.0078410991839,,,,,,
361.80000000001377,T02,STATION_EVENT,RECEIVE_ROUTE_ASSIGNED,1901.56729553001,34.99360480886738,98.0078410991839,,,,,,
361.9000000000138,T02,STATION_EVENT,STOP_TARGET_ASSIGNED,1902.536623285693,34.79799360030306,97.03270446999,,,,,,
361.9000000000138,T02,STATION_EVENT,RECEIVE_ROUTE_ASSIGNED,1902.536623285693,34.79799360030306,97.03270446999,,,,,,
362.0000000000138,T02,STATION_EVENT,STOP_TARGET_ASSIGNED,1903.500447885473,34.59737758386811,96.06337671430697,,,,,,
362.0000000000138,T02,STATION_EVENT,RECEIVE_ROUTE_ASSIGNED,1903.500447885473,34.59737758386811,96.06337671430697,,,,,,
362.10000000001384,T02,STATION_EVENT,STOP_TARGET_ASSIGNED,1904.458325023073,34.369776323339806,95.09955211452689,,,,,,
362.10000000001384,T02,STATION_EVENT,RECEIVE_ROUTE_ASSIGNED,1904.458325023073,34.369776323339806,95.09955211452689,,,,,,
362.20000000001386,T02,STATION_EVENT,STOP_TARGET_ASSIGNED,1905.4102551351946,34.16919174941738,94.14167497692688,,,,,,
362.20000000001386,T02,STATION_EVENT,RECEIVE_ROUTE_ASSIGNED,1905.4102551351946,34.16919174941738,94.14167497692688,,,,,,
362.3000000000139,T02,STATION_EVENT,STOP_TARGET_ASSIGNED,1906.3562386571816,33.94162183365488,93.18974486480533,,,,,,
362.3000000000139,T02,STATION_EVENT,RECEIVE_ROUTE_ASSIGNED,1906.3562386571816,33.94162183365488,93.18974486480533,,,,,,
362.4000000000139,T02,STATION_EVENT,STOP_TARGET_ASSIGNED,1907.2962760228427,33.741068493935046,92.24376134281829,,,,,,
362.4000000000139,T02,STATION_EVENT,RECEIVE_ROUTE_ASSIGNED,1907.2962760228427,33.741068493935046,92.24376134281829,,,,,,
362.5000000000139,T02,STATION_EVENT,STOP_TARGET_ASSIGNED,1908.230630421543,33.53244821248997,91.30372397715723,,,,,,
362.5000000000139,T02,STATION_EVENT,RECEIVE_ROUTE_ASSIGNED,1908.230630421543,33.53244821248997,91.30372397715723,,,,,,
362.60000000001395,T02,STATION_EVENT,STOP_TARGET_ASSIGNED,1909.15881502213,33.296843029765846,90.36936957845683,,,,,,
362.60000000001395,T02,STATION_EVENT,RECEIVE_ROUTE_ASSIGNED,1909.15881502213,33.296843029765846,90.36936957845683,,,,,,
362.700000000014,T02,STATION_EVENT,STOP_TARGET_ASSIGNED,1910.08083027033,33.08825484062722,89.44118497786985,,,,,,
362.700000000014,T02,STATION_EVENT,RECEIVE_ROUTE_ASSIGNED,1910.08083027033,33.08825484062722,89.44118497786985,,,,,,
362.800000000014,T02,STATION_EVENT,STOP_TARGET_ASSIGNED,1910.9966766104071,32.85268164493486,88.51916972967001,,,,,,
362.800000000014,T02,STATION_EVENT,RECEIVE_ROUTE_ASSIGNED,1910.9966766104071,32.85268164493486,88.51916972967001,,,,,,
362.900000000014,T02,STATION_EVENT,STOP_TARGET_ASSIGNED,1911.9063544849791,32.644125324258304,87.60332338959279,,,,,,
362.900000000014,T02,STATION_EVENT,RECEIVE_ROUTE_ASSIGNED,1911.9063544849791,32.644125324258304,87.60332338959279,,,,,,
363.00000000001404,T02,STATION_EVENT,STOP_TARGET_ASSIGNED,1912.8100879190088,32.42468192587947,86.69364551502076,,,,,,
363.00000000001404,T02,STATION_EVENT,RECEIVE_ROUTE_ASSIGNED,1912.8100879190088,32.42468192587947,86.69364551502076,,,,,,
363.10000000001406,T02,STATION_EVENT,STOP_TARGET_ASSIGNED,1913.7081009199342,32.232254140753014,85.78991208099114,,,,,,
363.10000000001406,T02,STATION_EVENT,RECEIVE_ROUTE_ASSIGNED,1913.7081009199342,32.232254140753014,85.78991208099114,,,,,,
363.2000000000141,T02,STATION_EVENT,STOP_TARGET_ASSIGNED,1914.600393894149,32.01284000270515,84.89189908006574,,,,,,
363.2000000000141,T02,STATION_EVENT,RECEIVE_ROUTE_ASSIGNED,1914.600393894149,32.01284000270515,84.89189908006574,,,,,,
363.3000000000141,T02,STATION_EVENT,STOP_TARGET_ASSIGNED,1915.486217246623,31.766441375419866,83.99960610585094,,,,,,
363.3000000000141,T02,STATION_EVENT,RECEIVE_ROUTE_ASSIGNED,1915.486217246623,31.766441375419866,83.99960610585094,,,,,,
363.40000000001413,T02,STATION_EVENT,STOP_TARGET_ASSIGNED,1916.3655714338192,31.54706010271286,83.11378275337688,,,,,,
363.40000000001413,T02,STATION_EVENT,RECEIVE_ROUTE_ASSIGNED,1916.3655714338192,31.54706010271286,83.11378275337688,,,,,,
363.50000000001415,T02,STATION_EVENT,STOP_TARGET_ASSIGNED,1917.2386897868712,31.317461317032734,82.23442856618067,,,,,,
363.50000000001415,T02,STATION_EVENT,RECEIVE_ROUTE_ASSIGNED,1917.2386897868712,31.317461317032734,82.23442856618067,,,,,,
363.6000000000142,T02,STATION_EVENT,STOP_TARGET_ASSIGNED,1918.1058056188576,31.114878585986656,81.36131021312872,,,,,,
363.6000000000142,T02,STATION_EVENT,RECEIVE_ROUTE_ASSIGNED,1918.1058056188576,31.114878585986656,81.36131021312872,,,,,,
363.7000000000142,T02,STATION_EVENT,STOP_TARGET_ASSIGNED,1918.9669193488276,30.885309971843895,80.49419438114228,,,,,,
363.7000000000142,T02,STATION_EVENT,RECEIVE_ROUTE_ASSIGNED,1918.9669193488276,30.885309971843895,80.49419438114228,,,,,,
363.8000000000142,T02,STATION_EVENT,STOP_TARGET_ASSIGNED,1919.8220313942697,30.682757299990058,79.63308065117235,,,,,,
363.8000000000142,T02,STATION_EVENT,RECEIVE_ROUTE_ASSIGNED,1919.8220313942697,30.682757299990058,79.63308065117235,,,,,,
363.90000000001424,T02,STATION_EVENT,STATION_LINE_OCCUPIED,1920.6712781047934,30.463005857715935,78.77796860573017,,,,,,
375.30000000001684,T02,STATION_STATE,final_approach,1975.131466887106,9.776537546064555,23.74016909329157,,,,,,
375.30000000001684,T02,EOA_UPDATE,STATION_STOP_TARGET,1975.131466887106,9.776537546064555,23.74016909329157,,,,,,
397.80000000002195,T02,STATION_STATE,aligned_stop,2000.0,0.0,-1.1480882163414208,,,,,,
397.80000000002195,T02,STATION_STATE,dwell_started,2000.0,0.0,-1.1480882163414208,,,,,,
397.80000000002195,T02,EOA_UPDATE,SAFETY_RESTRICTION,2000.0,0.0,-1.1480882163414208,,,,,,
471.5000000000387,T03,STATION_EVENT,STOP_TARGET_ASSIGNED,1808.1473310303065,25.41998215305705,190.13858445311485,,,,,,
471.5000000000387,T03,STATION_EVENT,RECEIVE_ROUTE_ASSIGNED,1808.1473310303065,25.41998215305705,190.13858445311485,,,,,,
471.60000000003873,T03,STATION_EVENT,STOP_TARGET_ASSIGNED,1808.8547111796288,25.511388598153673,189.39810762701495,,,,,,
471.60000000003873,T03,STATION_EVENT,RECEIVE_ROUTE_ASSIGNED,1808.8547111796288,25.511388598153673,189.39810762701495,,,,,,
471.70000000003876,T03,STATION_EVENT,STOP_TARGET_ASSIGNED,1809.565005316515,25.629789257660526,188.65535847022647,,,,,,
471.70000000003876,T03,STATION_EVENT,RECEIVE_ROUTE_ASSIGNED,1809.565005316515,25.629789257660526,188.65535847022647,,,,,,
471.8000000000388,T03,STATION_EVENT,STOP_TARGET_ASSIGNED,1810.2789632563322,25.775182409172526,187.90954962649607,,,,,,
471.8000000000388,T03,STATION_EVENT,RECEIVE_ROUTE_ASSIGNED,1810.2789632563322,25.775182409172526,187.90954962649607,,,,,,
471.9000000000388,T03,STATION_EVENT,STOP_TARGET_ASSIGNED,1810.9973347664559,25.947566319740428,187.15989378968789,,,,,,
471.9000000000388,T03,STATION_EVENT,RECEIVE_ROUTE_ASSIGNED,1810.9973347664559,25.947566319740428,187.15989378968789,,,,,,
472.0000000000388,T03,STATION_EVENT,STOP_TARGET_ASSIGNED,1811.7208695659444,26.14693924344385,186.40560370405797,,,,,,
472.0000000000388,T03,STATION_EVENT,RECEIVE_ROUTE_ASSIGNED,1811.7208695659444,26.14693924344385,186.40560370405797,,,,,,
472.10000000003885,T03,STATION_EVENT,STOP_TARGET_ASSIGNED,1812.4503173251446,26.373299418965008,185.64589216459512,,,,,,
472.10000000003885,T03,STATION_EVENT,RECEIVE_ROUTE_ASSIGNED,1812.4503173251446,26.373299418965008,185.64589216459512,,,,,,
472.20000000003887,T03,STATION_EVENT,STOP_TARGET_ASSIGNED,1813.1864276652298,26.62664506716311,184.87997201743497,,,,,,
472.20000000003887,T03,STATION_EVENT,RECEIVE_ROUTE_ASSIGNED,1813.1864276652298,26.62664506716311,184.87997201743497,,,,,,
472.3000000000389,T03,STATION_EVENT,STOP_TARGET_ASSIGNED,1813.9299501576716,26.90697438864948,184.10705616034556,,,,,,
472.3000000000389,T03,STATION_EVENT,RECEIVE_ROUTE_ASSIGNED,1813.9299501576716,26.90697438864948,184.10705616034556,,,,,,
472.4000000000389,T03,STATION_EVENT,STOP_TARGET_ASSIGNED,1814.681634323644,27.214285561363365,183.32635754328157,,,,,,
472.4000000000389,T03,STATION_EVENT,RECEIVE_ROUTE_ASSIGNED,1814.681634323644,27.214285561363365,183.32635754328157,,,,,,
472.50000000003894,T03,STATION_EVENT,STOP_TARGET_ASSIGNED,1815.4422296333594,27.5485767381485,182.53708916901064,,,,,,
472.50000000003894,T03,STATION_EVENT,RECEIVE_ROUTE_ASSIGNED,1815.4422296333594,27.5485767381485,182.53708916901064,,,,,,
472.60000000003896,T03,STATION_EVENT,STOP_TARGET_ASSIGNED,1816.2124421203594,27.906722325853607,181.7384640938094,,,,,,
472.60000000003896,T03,STATION_EVENT,RECEIVE_ROUTE_ASSIGNED,1816.2124421203594,27.906722325853607,181.7384640938094,,,,,,
472.700000000039,T03,STATION_EVENT,STOP_TARGET_ASSIGNED,1816.9925977004611,28.26447944148337,180.93755787964074,,,,,,
472.700000000039,T03,STATION_EVENT,RECEIVE_ROUTE_ASSIGNED,1816.9925977004611,28.26447944148337,180.93755787964074,,,,,,
472.800000000039,T03,STATION_EVENT,STOP_TARGET_ASSIGNED,1817.7826855866501,28.6218483641158,180.15740229953894,,,,,,
472.800000000039,T03,STATION_EVENT,RECEIVE_ROUTE_ASSIGNED,1817.7826855866501,28.6218483641158,180.15740229953894,,,,,,
472.90000000003903,T03,STATION_EVENT,STOP_TARGET_ASSIGNED,1818.5826949996656,28.978829372989168,179.36731441334996,,,,,,
472.90000000003903,T03,STATION_EVENT,RECEIVE_ROUTE_ASSIGNED,1818.5826949996656,28.978829372989168,179.36731441334996,,,,,,
473.00000000003905,T03,STATION_EVENT,STOP_TARGET_ASSIGNED,1819.3926151680057,29.33542274750093,178.5673050003345,,,,,,
473.00000000003905,T03,STATION_EVENT,RECEIVE_ROUTE_ASSIGNED,1819.3926151680057,29.33542274750093,178.5673050003345,,,,,,
473.1000000000391,T03,STATION_EVENT,STOP_TARGET_ASSIGNED,1820.212435327932,29.69162876720656,177.7573848319944,,,,,,
473.1000000000391,T03,STATION_EVENT,RECEIVE_ROUTE_ASSIGNED,1820.212435327932,29.69162876720656,177.7573848319944,,,,,,
473.2000000000391,T03,STATION_EVENT,STOP_TARGET_ASSIGNED,1821.0421447234742,30.047447711818453,176.937564672068,,,,,,
473.2000000000391,T03,STATION_EVENT,RECEIVE_ROUTE_ASSIGNED,1821.0421447234742,30.047447711818453,176.937564672068,,,,,,
473.3000000000391,T03,STATION_EVENT,STOP_TARGET_ASSIGNED,1821.881732606433,30.402879861204823,176.10785527652592,,,,,,
473.3000000000391,T03,STATION_EVENT,RECEIVE_ROUTE_ASSIGNED,1821.881732606433,30.402879861204823,176.10785527652592,,,,,,
473.40000000003914,T03,STATION_EVENT,STOP_TARGET_ASSIGNED,1822.7311882363856,30.75792549538858,175.26826739356716,,,,,,
473.40000000003914,T03,STATION_EVENT,RECEIVE_ROUTE_ASSIGNED,1822.7311882363856,30.75792549538858,175.26826739356716,,,,,,
473.50000000003917,T03,STATION_EVENT,STOP_TARGET_ASSIGNED,1823.5905008806903,31.11258489454621,174.41881176361449,,,,,,
473.50000000003917,T03,STATION_EVENT,RECEIVE_ROUTE_ASSIGNED,1823.5905008806903,31.11258489454621,174.41881176361449,,,,,,
473.6000000000392,T03,STATION_EVENT,STOP_TARGET_ASSIGNED,1824.4596598144897,31.466858339006688,173.55949911930975,,,,,,
473.6000000000392,T03,STATION_EVENT,RECEIVE_ROUTE_ASSIGNED,1824.4596598144897,31.466858339006688,173.55949911930975,,,,,,
473.7000000000392,T03,STATION_EVENT,STOP_TARGET_ASSIGNED,1825.3386543207155,31.82074610925037,172.69034018551042,,,,,,
473.7000000000392,T03,STATION_EVENT,RECEIVE_ROUTE_ASSIGNED,1825.3386543207155,31.82074610925037,172.69034018551042,,,,,,
473.80000000003923,T03,STATION_EVENT,STOP_TARGET_ASSIGNED,1826.2274736900927,32.174248485907874,171.8113456792846,,,,,,
473.80000000003923,T03,STATION_EVENT,RECEIVE_ROUTE_ASSIGNED,1826.2274736900927,32.174248485907874,171.8113456792846,,,,,,
473.90000000003926,T03,STATION_EVENT,STOP_TARGET_ASSIGNED,1827.1261072211437,32.52736574975899,170.92252630990743,,,,,,
473.90000000003926,T03,STATION_EVENT,RECEIVE_ROUTE_ASSIGNED,1827.1261072211437,32.52736574975899,170.92252630990743,,,,,,
474.0000000000393,T03,STATION_EVENT,STOP_TARGET_ASSIGNED,1828.0345442201922,32.88009818173159,170.0238927788564,,,,,,
474.0000000000393,T03,STATION_EVENT,RECEIVE_ROUTE_ASSIGNED,1828.0345442201922,32.88009818173159,170.0238927788564,,,,,,
474.1000000000393,T03,STATION_EVENT,STOP_TARGET_ASSIGNED,1828.9527740013675,33.232446062900515,169.11545577980792,,,,,,
474.1000000000393,T03,STATION_EVENT,RECEIVE_ROUTE_ASSIGNED,1828.9527740013675,33.232446062900515,169.11545577980792,,,,,,
474.2000000000393,T03,STATION_EVENT,STOP_TARGET_ASSIGNED,1829.880785886609,33.58440967448649,168.19722599863258,,,,,,
474.2000000000393,T03,STATION_EVENT,RECEIVE_ROUTE_ASSIGNED,1829.880785886609,33.58440967448649,168.19722599863258,,,,,,
474.30000000003935,T03,STATION_EVENT,STOP_TARGET_ASSIGNED,1830.8185692056693,33.93598929785502,167.26921411339117,,,,,,
474.30000000003935,T03,STATION_EVENT,RECEIVE_ROUTE_ASSIGNED,1830.8185692056693,33.93598929785502,167.26921411339117,,,,,,
474.40000000003937,T03,STATION_EVENT,STOP_TARGET_ASSIGNED,1831.7661132961189,34.287185214515326,166.3314307943308,,,,,,
474.40000000003937,T03,STATION_EVENT,RECEIVE_ROUTE_ASSIGNED,1831.7661132961189,34.287185214515326,166.3314307943308,,,,,,
474.5000000000394,T03,STATION_EVENT,STOP_TARGET_ASSIGNED,1832.72340750335,34.63799770611922,165.38388670388122,,,,,,
474.5000000000394,T03,STATION_EVENT,RECEIVE_ROUTE_ASSIGNED,1832.72340750335,34.63799770611922,165.38388670388122,,,,,,
474.6000000000394,T03,STATION_EVENT,STOP_TARGET_ASSIGNED,1833.6901255101077,34.96569878043157,164.42659249665007,,,,,,
474.6000000000394,T03,STATION_EVENT,RECEIVE_ROUTE_ASSIGNED,1833.6901255101077,34.96569878043157,164.42659249665007,,,,,,
474.70000000003944,T03,STATION_EVENT,STOP_TARGET_ASSIGNED,1834.665570989189,35.266375713425155,163.4598744898924,,,,,,
474.70000000003944,T03,STATION_EVENT,RECEIVE_ROUTE_ASSIGNED,1834.665570989189,35.266375713425155,163.4598744898924,,,,,,
474.80000000003946,T03,STATION_EVENT,STOP_TARGET_ASSIGNED,1835.6497432961946,35.59403039096787,162.48442901081103,,,,,,
474.80000000003946,T03,STATION_EVENT,RECEIVE_ROUTE_ASSIGNED,1835.6497432961946,35.59403039096787,162.48442901081103,,,,,,
474.9000000000395,T03,STATION_EVENT,STOP_TARGET_ASSIGNED,1836.6426417835949,35.89466070185049,161.50025670380546,,,,,,
474.9000000000395,T03,STATION_EVENT,RECEIVE_ROUTE_ASSIGNED,1836.6426417835949,35.89466070185049,161.50025670380546,,,,,,
475.0000000000395,T03,STATION_EVENT,STOP_TARGET_ASSIGNED,1837.6435158009936,36.168268550856986,160.50735821640524,,,,,,
475.0000000000395,T03,STATION_EVENT,RECEIVE_ROUTE_ASSIGNED,1837.6435158009936,36.168268550856986,160.50735821640524,,,,,,
475.10000000003953,T03,STATION_EVENT,STOP_TARGET_ASSIGNED,1838.6518069995639,36.42869774620267,159.50648419900654,,,,,,
475.10000000003953,T03,STATION_EVENT,RECEIVE_ROUTE_ASSIGNED,1838.6518069995639,36.42869774620267,159.50648419900654,,,,,,
475.20000000003955,T03,STATION_EVENT,STOP_TARGET_ASSIGNED,1839.6669570699694,36.66210732298789,158.49819300043623,,,,,,
475.20000000003955,T03,STATION_EVENT,RECEIVE_ROUTE_ASSIGNED,1839.6669570699694,36.66210732298789,158.49819300043623,,,,,,
475.3000000000396,T03,STATION_EVENT,STOP_TARGET_ASSIGNED,1840.6882547943114,36.871328829640376,157.4830429300307,,,,,,
475.3000000000396,T03,STATION_EVENT,RECEIVE_ROUTE_ASSIGNED,1840.6882547943114,36.871328829640376,157.4830429300307,,,,,,
475.4000000000396,T03,STATION_EVENT,STOP_TARGET_ASSIGNED,1841.714989006757,37.05353446644218,156.46174520568866,,,,,,
475.4000000000396,T03,STATION_EVENT,RECEIVE_ROUTE_ASSIGNED,1841.714989006757,37.05353446644218,156.46174520568866,,,,,,
475.5000000000396,T03,STATION_EVENT,STOP_TARGET_ASSIGNED,1842.746742356258,37.232706697631,155.43501099324317,,,,,,
475.5000000000396,T03,STATION_EVENT,RECEIVE_ROUTE_ASSIGNED,1842.746742356258,37.232706697631,155.43501099324317,,,,,,
475.60000000003964,T03,STATION_EVENT,STOP_TARGET_ASSIGNED,1843.7830975223824,37.38486526332975,154.4032576437421,,,,,,
475.60000000003964,T03,STATION_EVENT,RECEIVE_ROUTE_ASSIGNED,1843.7830975223824,37.38486526332975,154.4032576437421,,,,,,
475.70000000003967,T03,STATION_EVENT,STOP_TARGET_ASSIGNED,1844.8233346121679,37.51220520122012,153.3669024776177,,,,,,
475.70000000003967,T03,STATION_EVENT,RECEIVE_ROUTE_ASSIGNED,1844.8233346121679,37.51220520122012,153.3669024776177,,,,,,
475.8000000000397,T03,STATION_EVENT,STOP_TARGET_ASSIGNED,1845.8667337869579,37.612535383663605,152.32666538783224,,,,,,
475.8000000000397,T03,STATION_EVENT,RECEIVE_ROUTE_ASSIGNED,1845.8667337869579,37.612535383663605,152.32666538783224,,,,,,
475.9000000000397,T03,STATION_EVENT,STOP_TARGET_ASSIGNED,1846.9128656875635,37.70896145994016,151.28326621304222,,,,,,
475.9000000000397,T03,STATION_EVENT,RECEIVE_ROUTE_ASSIGNED,1846.9128656875635,37.70896145994016,151.28326621304222,,,,,,
476.00000000003973,T03,STATION_EVENT,STOP_TARGET_ASSIGNED,1847.9616828263718,37.80587253425368,150.23713431243664,,,,,,
476.00000000003973,T03,STATION_EVENT,RECEIVE_ROUTE_ASSIGNED,1847.9616828263718,37.80587253425368,150.23713431243664,,,,,,
476.10000000003976,T03,STATION_EVENT,STOP_TARGET_ASSIGNED,1849.0128168358892,37.87577615099977,149.18831717362832,,,,,,
476.10000000003976,T03,STATION_EVENT,RECEIVE_ROUTE_ASSIGNED,1849.0128168358892,37.87577615099977,149.18831717362832,,,,,,
476.2000000000398,T03,STATION_EVENT,STOP_TARGET_ASSIGNED,1850.0657352081762,37.93434665366758,148.13718316411087,,,,,,
476.2000000000398,T03,STATION_EVENT,RECEIVE_ROUTE_ASSIGNED,1850.0657352081762,37.93434665366758,148.13718316411087,,,,,,
476.3000000000398,T03,STATION_EVENT,STOP_TARGET_ASSIGNED,1851.12008789,37.97904643764639,147.0842647918239,,,,,,
476.3000000000398,T03,STATION_EVENT,RECEIVE_ROUTE_ASSIGNED,1851.12008789,37.97904643764639,147.0842647918239,,,,,,
476.4000000000398,T03,STATION_EVENT,STOP_TARGET_ASSIGNED,1852.1757812651067,38.0308765700362,146.02991211000017,,,,,,
476.4000000000398,T03,STATION_EVENT,RECEIVE_ROUTE_ASSIGNED,1852.1757812651067,38.0308765700362,146.02991211000017,,,,,,
476.50000000003985,T03,STATION_EVENT,STOP_TARGET_ASSIGNED,1853.2329161688265,38.0828364977792,144.97421873489338,,,,,,
476.50000000003985,T03,STATION_EVENT,RECEIVE_ROUTE_ASSIGNED,1853.2329161688265,38.0828364977792,144.97421873489338,,,,,,
476.60000000003987,T03,STATION_EVENT,STOP_TARGET_ASSIGNED,1854.2911193480982,38.107792409778604,143.9170838311736,,,,,,
476.60000000003987,T03,STATION_EVENT,RECEIVE_ROUTE_ASSIGNED,1854.2911193480982,38.107792409778604,143.9170838311736,,,,,,
476.7000000000399,T03,STATION_EVENT,STOP_TARGET_ASSIGNED,1855.3498529953035,38.121030189004784,142.85888065190193,,,,,,
476.7000000000399,T03,STATION_EVENT,RECEIVE_ROUTE_ASSIGNED,1855.3498529953035,38.121030189004784,142.85888065190193,,,,,,
476.8000000000399,T03,STATION_EVENT,STOP_TARGET_ASSIGNED,1856.4089520609662,38.134102538703,141.80014700469656,,,,,,
476.8000000000399,T03,STATION_EVENT,RECEIVE_ROUTE_ASSIGNED,1856.4089520609662,38.134102538703,141.80014700469656,,,,,,
476.90000000003994,T03,STATION_EVENT,STOP_TARGET_ASSIGNED,1857.4684119499964,38.14700947147803,140.74104793903393,,,,,,
476.90000000003994,T03,STATION_EVENT,RECEIVE_ROUTE_ASSIGNED,1857.4684119499964,38.14700947147803,140.74104793903393,,,,,,
477.00000000003996,T03,STATION_EVENT,STOP_TARGET_ASSIGNED,1858.528228067655,38.159750999940904,139.6815880500037,,,,,,
477.00000000003996,T03,STATION_EVENT,RECEIVE_ROUTE_ASSIGNED,1858.528228067655,38.159750999940904,139.6815880500037,,,,,,
477.10000000004,T03,STATION_EVENT,STOP_TARGET_ASSIGNED,1859.588395819553,38.172327136708795,138.62177193234515,,,,,,
477.10000000004,T03,STATION_EVENT,RECEIVE_ROUTE_ASSIGNED,1859.588395819553,38.172327136708795,138.62177193234515,,,,,,
477.20000000004,T03,STATION_EVENT,STOP_TARGET_ASSIGNED,1860.6489106116517,38.184737894404904,137.56160418044715,,,,,,
477.20000000004,T03,STATION_EVENT,RECEIVE_ROUTE_ASSIGNED,1860.6489106116517,38.184737894404904,137.56160418044715,,,,,,
477.30000000004003,T03,STATION_EVENT,STOP_TARGET_ASSIGNED,1861.7097678502637,38.196983285658405,136.50108938834842,,,,,,
477.30000000004003,T03,STATION_EVENT,RECEIVE_ROUTE_ASSIGNED,1861.7097678502637,38.196983285658405,136.50108938834842,,,,,,
477.40000000004005,T03,STATION_EVENT,STOP_TARGET_ASSIGNED,1862.7709629420522,38.209063323104324,135.4402321497364,,,,,,
477.40000000004005,T03,STATION_EVENT,RECEIVE_ROUTE_ASSIGNED,1862.7709629420522,38.209063323104324,135.4402321497364,,,,,,
477.5000000000401,T03,STATION_EVENT,STOP_TARGET_ASSIGNED,1863.8324912940311,38.22097801938347,134.37903705794793,,,,,,
477.5000000000401,T03,STATION_EVENT,RECEIVE_ROUTE_ASSIGNED,1863.8324912940311,38.22097801938347,134.37903705794793,,,,,,
477.6000000000401,T03,STATION_EVENT,STOP_TARGET_ASSIGNED,1864.8943483135663,38.23272738714233,133.31750870596898,,,,,,
477.6000000000401,T03,STATION_EVENT,RECEIVE_ROUTE_ASSIGNED,1864.8943483135663,38.23272738714233,133.31750870596898,,,,,,
477.7000000000401,T03,STATION_EVENT,STOP_TARGET_ASSIGNED,1865.9565294083743,38.24431143903296,132.2556516864338,,,,,,
477.7000000000401,T03,STATION_EVENT,RECEIVE_ROUTE_ASSIGNED,1865.9565294083743,38.24431143903296,132.2556516864338,,,,,,
477.80000000004014,T03,STATION_EVENT,STOP_TARGET_ASSIGNED,1867.0190299865235,38.255730187712935,131.19347059162578,,,,,,
477.80000000004014,T03,STATION_EVENT,RECEIVE_ROUTE_ASSIGNED,1867.0190299865235,38.255730187712935,131.19347059162578,,,,,,
477.90000000004017,T03,STATION_EVENT,STOP_TARGET_ASSIGNED,1868.081845456434,38.266983645845215,130.1309700134766,,,,,,
477.90000000004017,T03,STATION_EVENT,RECEIVE_ROUTE_ASSIGNED,1868.081845456434,38.266983645845215,130.1309700134766,,,,,,
478.0000000000402,T03,STATION_EVENT,STOP_TARGET_ASSIGNED,1869.1449712268775,38.27807182609808,129.06815454356615,,,,,,
478.0000000000402,T03,STATION_EVENT,RECEIVE_ROUTE_ASSIGNED,1869.1449712268775,38.27807182609808,129.06815454356615,,,,,,
478.1000000000402,T03,STATION_EVENT,STOP_TARGET_ASSIGNED,1870.2084027069782,38.288994741145025,128.0050287731226,,,,,,
478.1000000000402,T03,STATION_EVENT,RECEIVE_ROUTE_ASSIGNED,1870.2084027069782,38.288994741145025,128.0050287731226,,,,,,
478.20000000004023,T03,STATION_EVENT,STOP_TARGET_ASSIGNED,1871.2721353062116,38.29975240366467,126.94159729302191,,,,,,
478.20000000004023,T03,STATION_EVENT,RECEIVE_ROUTE_ASSIGNED,1871.2721353062116,38.29975240366467,126.94159729302191,,,,,,
478.30000000004026,T03,STATION_EVENT,STOP_TARGET_ASSIGNED,1872.335791717817,38.28350923193507,125.87786469378852,,,,,,
478.30000000004026,T03,STATION_EVENT,RECEIVE_ROUTE_ASSIGNED,1872.335791717817,38.28350923193507,125.87786469378852,,,,,,
478.4000000000403,T03,STATION_EVENT,STOP_TARGET_ASSIGNED,1873.398830526614,38.25528500143874,124.81420828218302,,,,,,
478.4000000000403,T03,STATION_EVENT,RECEIVE_ROUTE_ASSIGNED,1873.398830526614,38.25528500143874,124.81420828218302,,,,,,
478.5000000000403,T03,STATION_EVENT,STOP_TARGET_ASSIGNED,1874.4610790030408,38.22660530129454,123.7511694733862,,,,,,
478.5000000000403,T03,STATION_EVENT,RECEIVE_ROUTE_ASSIGNED,1874.4610790030408,38.22660530129454,123.7511694733862,,,,,,
478.6000000000403,T03,STATION_EVENT,STOP_TARGET_ASSIGNED,1875.5225244956407,38.19747016590451,122.68892099695927,,,,,,
478.6000000000403,T03,STATION_EVENT,RECEIVE_ROUTE_ASSIGNED,1875.5225244956407,38.19747016590451,122.68892099695927,,,,,,
478.70000000004035,T03,STATION_EVENT,STOP_TARGET_ASSIGNED,1876.583535710268,38.19533728725856,121.62747550435938,,,,,,
478.70000000004035,T03,STATION_EVENT,RECEIVE_ROUTE_ASSIGNED,1876.583535710268,38.19533728725856,121.62747550435938,,,,,,
478.80000000004037,T03,STATION_EVENT,STOP_TARGET_ASSIGNED,1877.6446241760568,38.20303224953666,120.56646428973204,,,,,,
478.80000000004037,T03,STATION_EVENT,RECEIVE_ROUTE_ASSIGNED,1877.6446241760568,38.20303224953666,120.56646428973204,,,,,,
478.9000000000404,T03,STATION_EVENT,STOP_TARGET_ASSIGNED,1878.705551382521,38.18372661588966,119.50537582394327,,,,,,
478.9000000000404,T03,STATION_EVENT,RECEIVE_ROUTE_ASSIGNED,1878.705551382521,38.18372661588966,119.50537582394327,,,,,,
479.0000000000404,T03,STATION_EVENT,STOP_TARGET_ASSIGNED,1879.765637189079,38.14245145628609,118.44444861747911,,,,,,
479.0000000000404,T03,STATION_EVENT,RECEIVE_ROUTE_ASSIGNED,1879.765637189079,38.14245145628609,118.44444861747911,,,,,,
479.10000000004044,T03,STATION_EVENT,STOP_TARGET_ASSIGNED,1880.8243404195696,38.08418113903755,117.38436281092117,,,,,,
479.10000000004044,T03,STATION_EVENT,RECEIVE_ROUTE_ASSIGNED,1880.8243404195696,38.08418113903755,117.38436281092117,,,,,,
479.20000000004046,T03,STATION_EVENT,STOP_TARGET_ASSIGNED,1881.8816401288798,38.0413979312988,117.07565958043051,,,,,,
479.20000000004046,T03,STATION_EVENT,RECEIVE_ROUTE_ASSIGNED,1881.8816401288798,38.0413979312988,117.07565958043051,,,,,,
479.3000000000405,T03,STATION_EVENT,STOP_TARGET_ASSIGNED,1882.9373764616805,37.971618030359245,116.01835987112031,,,,,,
479.3000000000405,T03,STATION_EVENT,RECEIVE_ROUTE_ASSIGNED,1882.9373764616805,37.971618030359245,116.01835987112031,,,,,,
479.4000000000405,T03,STATION_EVENT,STOP_TARGET_ASSIGNED,1883.990845403503,37.87814578087098,114.96262353831958,,,,,,
479.4000000000405,T03,STATION_EVENT,RECEIVE_ROUTE_ASSIGNED,1883.990845403503,37.87814578087098,114.96262353831958,,,,,,
479.50000000004053,T03,STATION_EVENT,STOP_TARGET_ASSIGNED,1885.0414741229763,37.76712202119719,113.90915459649705,,,,,,
479.50000000004053,T03,STATION_EVENT,RECEIVE_ROUTE_ASSIGNED,1885.0414741229763,37.76712202119719,113.90915459649705,,,,,,
479.60000000004055,T03,STATION_EVENT,STOP_TARGET_ASSIGNED,1886.0887726296266,37.63837045762523,112.8585258770238,,,,,,
479.60000000004055,T03,STATION_EVENT,RECEIVE_ROUTE_ASSIGNED,1886.0887726296266,37.63837045762523,112.8585258770238,,,,,,
479.7000000000406,T03,STATION_EVENT,STOP_TARGET_ASSIGNED,1887.132246109478,37.49172009167442,111.81122737037344,,,,,,
479.7000000000406,T03,STATION_EVENT,RECEIVE_ROUTE_ASSIGNED,1887.132246109478,37.49172009167442,111.81122737037344,,,,,,
479.8000000000406,T03,STATION_EVENT,STOP_TARGET_ASSIGNED,1888.1713950952674,37.32700688516213,110.76775389052204,,,,,,
479.8000000000406,T03,STATION_EVENT,RECEIVE_ROUTE_ASSIGNED,1888.1713950952674,37.32700688516213,110.76775389052204,,,,,,
479.9000000000406,T03,STATION_EVENT,STOP_TARGET_ASSIGNED,1889.2063438893679,37.189306290074526,109.72860490473272,,,,,,
479.9000000000406,T03,STATION_EVENT,RECEIVE_ROUTE_ASSIGNED,1889.2063438893679,37.189306290074526,109.72860490473272,,,,,,
480.00000000004064,T03,STATION_EVENT,STOP_TARGET_ASSIGNED,1890.2371119002753,37.02599049525976,108.69365611063222,,,,,,
480.00000000004064,T03,STATION_EVENT,RECEIVE_ROUTE_ASSIGNED,1890.2371119002753,37.02599049525976,108.69365611063222,,,,,,
480.10000000004067,T03,STATION_EVENT,STOP_TARGET_ASSIGNED,1891.2634060544997,36.86718860889239,107.6628880997248,,,,,,
480.10000000004067,T03,STATION_EVENT,RECEIVE_ROUTE_ASSIGNED,1891.2634060544997,36.86718860889239,107.6628880997248,,,,,,
480.2000000000407,T03,STATION_EVENT,STOP_TARGET_ASSIGNED,1892.2849142129521,36.68139879968896,106.63659394550041,,,,,,
480.2000000000407,T03,STATION_EVENT,RECEIVE_ROUTE_ASSIGNED,1892.2849142129521,36.68139879968896,106.63659394550041,,,,,,
480.3000000000407,T03,STATION_EVENT,STOP_TARGET_ASSIGNED,1893.3016367391222,36.522623084561076,105.61508578704797,,,,,,
480.3000000000407,T03,STATION_EVENT,RECEIVE_ROUTE_ASSIGNED,1893.3016367391222,36.522623084561076,105.61508578704797,,,,,,
480.40000000004073,T03,STATION_EVENT,STOP_TARGET_ASSIGNED,1894.3135739956274,36.336859383817064,104.59836326087793,,,,,,
480.40000000004073,T03,STATION_EVENT,RECEIVE_ROUTE_ASSIGNED,1894.3135739956274,36.336859383817064,104.59836326087793,,,,,,
480.50000000004076,T03,STATION_EVENT,STOP_TARGET_ASSIGNED,1895.3200677554482,36.130691323281646,103.5864260043727,,,,,,
480.50000000004076,T03,STATION_EVENT,RECEIVE_ROUTE_ASSIGNED,1895.3200677554482,36.130691323281646,103.5864260043727,,,,,,
480.6000000000408,T03,STATION_EVENT,STOP_TARGET_ASSIGNED,1896.3212098402007,35.951538778903,102.57993224455186,,,,,,
480.6000000000408,T03,STATION_EVENT,RECEIVE_ROUTE_ASSIGNED,1896.3212098402007,35.951538778903,102.57993224455186,,,,,,
480.7000000000408,T03,STATION_EVENT,STOP_TARGET_ASSIGNED,1897.3170067243286,35.745836878305084,101.57879015979938,,,,,,
480.7000000000408,T03,STATION_EVENT,RECEIVE_ROUTE_ASSIGNED,1897.3170067243286,35.745836878305084,101.57879015979938,,,,,,
480.8000000000408,T03,STATION_EVENT,STOP_TARGET_ASSIGNED,1898.3071626711114,35.54539129006022,100.58299327567147,,,,,,
480.8000000000408,T03,STATION_EVENT,RECEIVE_ROUTE_ASSIGNED,1898.3071626711114,35.54539129006022,100.58299327567147,,,,,,
480.90000000004085,T03,STATION_EVENT,STOP_TARGET_ASSIGNED,1899.2921258925887,35.3719606563066,99.59283732888866,,,,,,
480.90000000004085,T03,STATION_EVENT,RECEIVE_ROUTE_ASSIGNED,1899.2921258925887,35.3719606563066,99.59283732888866,,,,,,
481.00000000004087,T03,STATION_EVENT,STOP_TARGET_ASSIGNED,1900.2718967756698,35.17154292553699,98.60787410741136,,,,,,
481.00000000004087,T03,STATION_EVENT,RECEIVE_ROUTE_ASSIGNED,1900.2718967756698,35.17154292553699,98.60787410741136,,,,,,
481.1000000000409,T03,STATION_EVENT,STOP_TARGET_ASSIGNED,1901.245725706079,34.94414006392624,97.62810322433029,,,,,,
481.1000000000409,T03,STATION_EVENT,RECEIVE_ROUTE_ASSIGNED,1901.245725706079,34.94414006392624,97.62810322433029,,,,,,
481.2000000000409,T03,STATION_EVENT,STOP_TARGET_ASSIGNED,1902.213613123904,34.74375401947506,96.65427429392116,,,,,,
481.2000000000409,T03,STATION_EVENT,RECEIVE_ROUTE_ASSIGNED,1902.213613123904,34.74375401947506,96.65427429392116,,,,,,
481.30000000004094,T03,STATION_EVENT,STOP_TARGET_ASSIGNED,1903.1758597150426,34.538000542511355,95.6863868760961,,,,,,
481.30000000004094,T03,STATION_EVENT,RECEIVE_ROUTE_ASSIGNED,1903.1758597150426,34.538000542511355,95.6863868760961,,,,,,
481.40000000004096,T03,STATION_EVENT,STOP_TARGET_ASSIGNED,1904.1327661418322,34.35926218634262,94.72414028495746,,,,,,
481.40000000004096,T03,STATION_EVENT,RECEIVE_ROUTE_ASSIGNED,1904.1327661418322,34.35926218634262,94.72414028495746,,,,,,
481.500000000041,T03,STATION_EVENT,STOP_TARGET_ASSIGNED,1905.0843327961904,34.15353692745162,93.76723385816786,,,,,,
481.500000000041,T03,STATION_EVENT,RECEIVE_ROUTE_ASSIGNED,1905.0843327961904,34.15353692745162,93.76723385816786,,,,,,
481.600000000041,T03,STATION_EVENT,STOP_TARGET_ASSIGNED,1906.0298100687855,33.92082669939653,92.81566720380965,,,,,,
481.600000000041,T03,STATION_EVENT,RECEIVE_ROUTE_ASSIGNED,1906.0298100687855,33.92082669939653,92.81566720380965,,,,,,
481.70000000004103,T03,STATION_EVENT,STOP_TARGET_ASSIGNED,1906.9691984037368,33.715133417088694,91.87018993121455,,,,,,
481.70000000004103,T03,STATION_EVENT,RECEIVE_ROUTE_ASSIGNED,1906.9691984037368,33.715133417088694,91.87018993121455,,,,,,
481.80000000004105,T03,STATION_EVENT,STOP_TARGET_ASSIGNED,1907.9027592198197,33.50124534088774,90.93080159626334,,,,,,
481.80000000004105,T03,STATION_EVENT,RECEIVE_ROUTE_ASSIGNED,1907.9027592198197,33.50124534088774,90.93080159626334,,,,,,
481.9000000000411,T03,STATION_EVENT,STOP_TARGET_ASSIGNED,1908.830753915358,33.314372737870535,89.99724078018039,,,,,,
481.9000000000411,T03,STATION_EVENT,RECEIVE_ROUTE_ASSIGNED,1908.830753915358,33.314372737870535,89.99724078018039,,,,,,
482.0000000000411,T03,STATION_EVENT,STOP_TARGET_ASSIGNED,1909.7531828924405,33.10051361206581,89.06924608464215,,,,,,
482.0000000000411,T03,STATION_EVENT,RECEIVE_ROUTE_ASSIGNED,1909.7531828924405,33.10051361206581,89.06924608464215,,,,,,
482.1000000000411,T03,STATION_EVENT,STOP_TARGET_ASSIGNED,1910.669296551804,32.85966986212467,88.14681710755963,,,,,,
482.1000000000411,T03,STATION_EVENT,RECEIVE_ROUTE_ASSIGNED,1910.669296551804,32.85966986212467,88.14681710755963,,,,,,
482.20000000004114,T03,STATION_EVENT,STOP_TARGET_ASSIGNED,1911.5790953466576,32.645843367324744,87.23070344819598,,,,,,
482.20000000004114,T03,STATION_EVENT,RECEIVE_ROUTE_ASSIGNED,1911.5790953466576,32.645843367324744,87.23070344819598,,,,,,
482.30000000004117,T03,STATION_EVENT,STOP_TARGET_ASSIGNED,1912.4827999311124,32.4208867134122,86.3209046533425,,,,,,
482.30000000004117,T03,STATION_EVENT,RECEIVE_ROUTE_ASSIGNED,1912.4827999311124,32.4208867134122,86.3209046533425,,,,,,
482.4000000000412,T03,STATION_EVENT,STOP_TARGET_ASSIGNED,1913.3806309419203,32.222946064756925,85.41720006888772,,,,,,
482.4000000000412,T03,STATION_EVENT,RECEIVE_ROUTE_ASSIGNED,1913.3806309419203,32.222946064756925,85.41720006888772,,,,,,
482.5000000000412,T03,STATION_EVENT,STOP_TARGET_ASSIGNED,1914.2725887963297,31.998019452714463,84.51936905807975,,,,,,
482.5000000000412,T03,STATION_EVENT,RECEIVE_ROUTE_ASSIGNED,1914.2725887963297,31.998019452714463,84.51936905807975,,,,,,
482.60000000004123,T03,STATION_EVENT,STOP_TARGET_ASSIGNED,1915.158673910091,31.80010873810575,83.62741120367036,,,,,,
482.60000000004123,T03,STATION_EVENT,RECEIVE_ROUTE_ASSIGNED,1915.158673910091,31.80010873810575,83.62741120367036,,,,,,
482.70000000004126,T03,STATION_EVENT,STOP_TARGET_ASSIGNED,1916.038886697634,31.575211965001568,82.74132608990908,,,,,,
482.70000000004126,T03,STATION_EVENT,RECEIVE_ROUTE_ASSIGNED,1916.038886697634,31.575211965001568,82.74132608990908,,,,,,
482.8000000000413,T03,STATION_EVENT,STOP_TARGET_ASSIGNED,1916.9127065237408,31.3398155146739,81.861113302366,,,,,,
482.8000000000413,T03,STATION_EVENT,RECEIVE_ROUTE_ASSIGNED,1916.9127065237408,31.3398155146739,81.861113302366,,,,,,
482.9000000000413,T03,STATION_EVENT,STOP_TARGET_ASSIGNED,1917.7803627882638,31.13143553098541,80.98729347625931,,,,,,
482.9000000000413,T03,STATION_EVENT,RECEIVE_ROUTE_ASSIGNED,1917.7803627882638,31.13143553098541,80.98729347625931,,,,,,
483.0000000000413,T03,STATION_EVENT,STOP_TARGET_ASSIGNED,1918.6418559216481,30.896070072684278,80.11963721173629,,,,,,
483.0000000000413,T03,STATION_EVENT,RECEIVE_ROUTE_ASSIGNED,1918.6418559216481,30.896070072684278,80.11963721173629,,,,,,
483.10000000004135,T03,STATION_EVENT,STOP_TARGET_ASSIGNED,1919.4971863526966,30.687720962803237,79.25814407835196,,,,,,
483.10000000004135,T03,STATION_EVENT,RECEIVE_ROUTE_ASSIGNED,1919.4971863526966,30.687720962803237,79.25814407835196,,,,,,
483.20000000004137,T03,STATION_EVENT,STATION_LINE_OCCUPIED,1920.346483665297,30.461685544423904,78.40281364730345,,,,,,
494.800000000044,T03,STATION_STATE,final_approach,1975.1242413988743,9.794280282343864,23.047887447119365,,,,,,
494.800000000044,T03,EOA_UPDATE,STATION_STOP_TARGET,1975.1242413988743,9.794280282343864,23.047887447119365,,,,,,
517.5000000000491,T03,STATION_STATE,aligned_stop,2000.0,0.0,-1.1485804943342828,,,,,,
517.5000000000491,T03,STATION_STATE,dwell_started,2000.0,0.0,-1.1485804943342828,,,,,,
517.5000000000491,T03,EOA_UPDATE,SAFETY_RESTRICTION,2000.0,0.0,-1.1485804943342828,,,,,,
566.7000000000603,T04,STATION_EVENT,STOP_TARGET_ASSIGNED,1810.2807387592875,23.01487226911148,188.78185504445628,,,,,,
566.7000000000603,T04,STATION_EVENT,RECEIVE_ROUTE_ASSIGNED,1810.2807387592875,23.01487226911148,188.78185504445628,,,,,,
566.8000000000603,T04,STATION_EVENT,STOP_TARGET_ASSIGNED,1810.9221055837627,23.163539093099367,188.17612356064,,,,,,
566.8000000000603,T04,STATION_EVENT,RECEIVE_ROUTE_ASSIGNED,1810.9221055837627,23.163539093099367,188.17612356064,,,,,,
566.9000000000603,T04,STATION_EVENT,STOP_TARGET_ASSIGNED,1811.5679769169967,23.339196899749663,187.56682507738856,,,,,,
566.9000000000603,T04,STATION_EVENT,RECEIVE_ROUTE_ASSIGNED,1811.5679769169967,23.339196899749663,187.56682507738856,,,,,,
567.0000000000604,T04,STATION_EVENT,STOP_TARGET_ASSIGNED,1812.2191024853305,23.541844020283055,186.9532473108161,,,,,,
567.0000000000604,T04,STATION_EVENT,RECEIVE_ROUTE_ASSIGNED,1812.2191024853305,23.541844020283055,186.9532473108161,,,,,,
567.1000000000604,T04,STATION_EVENT,STOP_TARGET_ASSIGNED,1812.876231968532,23.77147877021837,186.334678020899,,,,,,
567.1000000000604,T04,STATION_EVENT,RECEIVE_ROUTE_ASSIGNED,1812.876231968532,23.77147877021837,186.334678020899,,,,,,
567.2000000000604,T04,STATION_EVENT,STOP_TARGET_ASSIGNED,1813.540114999326,24.02809944694685,185.71040501185757,,,,,,
567.2000000000604,T04,STATION_EVENT,RECEIVE_ROUTE_ASSIGNED,1813.540114999326,24.02809944694685,185.71040501185757,,,,,,
567.3000000000604,T04,STATION_EVENT,STOP_TARGET_ASSIGNED,1814.2115011628573,24.31170432730714,185.07971613260315,,,,,,
567.3000000000604,T04,STATION_EVENT,RECEIVE_ROUTE_ASSIGNED,1814.2115011628573,24.31170432730714,185.07971613260315,,,,,,
567.4000000000605,T04,STATION_EVENT,STOP_TARGET_ASSIGNED,1814.891139996086,24.62229166516092,184.4418992772487,,,,,,
567.4000000000605,T04,STATION_EVENT,RECEIVE_ROUTE_ASSIGNED,1814.891139996086,24.62229166516092,184.4418992772487,,,,,,
567.5000000000605,T04,STATION_EVENT,STOP_TARGET_ASSIGNED,1815.5797809871156,24.95985968896923,183.79624238568135,,,,,,
567.5000000000605,T04,STATION_EVENT,RECEIVE_ROUTE_ASSIGNED,1815.5797809871156,24.95985968896923,183.79624238568135,,,,,,
567.6000000000605,T04,STATION_EVENT,STOP_TARGET_ASSIGNED,1816.278123607225,25.32080895891849,183.1420334442032,,,,,,
567.6000000000605,T04,STATION_EVENT,RECEIVE_ROUTE_ASSIGNED,1816.278123607225,25.32080895891849,183.1420334442032,,,,,,
567.7000000000605,T04,STATION_EVENT,STOP_TARGET_ASSIGNED,1816.9864871726734,25.68136775335941,182.4718763927749,,,,,,
567.7000000000605,T04,STATION_EVENT,RECEIVE_ROUTE_ASSIGNED,1816.9864871726734,25.68136775335941,182.4718763927749,,,,,,
567.8000000000605,T04,STATION_EVENT,STOP_TARGET_ASSIGNED,1817.704860840778,26.04153635018343,181.76351282732662,,,,,,
567.8000000000605,T04,STATION_EVENT,RECEIVE_ROUTE_ASSIGNED,1817.704860840778,26.04153635018343,181.76351282732662,,,,,,
567.9000000000606,T04,STATION_EVENT,STOP_TARGET_ASSIGNED,1818.4332337765786,26.401315027450398,181.0451391592219,,,,,,
567.9000000000606,T04,STATION_EVENT,RECEIVE_ROUTE_ASSIGNED,1818.4332337765786,26.401315027450398,181.0451391592219,,,,,,
568.0000000000606,T04,STATION_EVENT,STOP_TARGET_ASSIGNED,1819.1715951528402,26.760704063387408,180.31676622342138,,,,,,
568.0000000000606,T04,STATION_EVENT,RECEIVE_ROUTE_ASSIGNED,1819.1715951528402,26.760704063387408,180.31676622342138,,,,,,
568.1000000000606,T04,STATION_EVENT,STOP_TARGET_ASSIGNED,1819.9199341500594,27.119703736387688,179.57840484715985,,,,,,
568.1000000000606,T04,STATION_EVENT,RECEIVE_ROUTE_ASSIGNED,1819.9199341500594,27.119703736387688,179.57840484715985,,,,,,
568.2000000000606,T04,STATION_EVENT,STOP_TARGET_ASSIGNED,1820.6782399564677,27.478314325009464,178.83006584994064,,,,,,
568.2000000000606,T04,STATION_EVENT,RECEIVE_ROUTE_ASSIGNED,1820.6782399564677,27.478314325009464,178.83006584994064,,,,,,
568.3000000000607,T04,STATION_EVENT,STOP_TARGET_ASSIGNED,1821.4465017680368,27.836536107974837,178.07176004353232,,,,,,
568.3000000000607,T04,STATION_EVENT,RECEIVE_ROUTE_ASSIGNED,1821.4465017680368,27.836536107974837,178.07176004353232,,,,,,
568.4000000000607,T04,STATION_EVENT,STOP_TARGET_ASSIGNED,1822.2247087884832,28.194369364168637,177.3034982319632,,,,,,
568.4000000000607,T04,STATION_EVENT,RECEIVE_ROUTE_ASSIGNED,1822.2247087884832,28.194369364168637,177.3034982319632,,,,,,
568.5000000000607,T04,STATION_EVENT,STOP_TARGET_ASSIGNED,1823.012850229272,28.551814372637317,176.5252912115168,,,,,,
568.5000000000607,T04,STATION_EVENT,RECEIVE_ROUTE_ASSIGNED,1823.012850229272,28.551814372637317,176.5252912115168,,,,,,
568.6000000000607,T04,STATION_EVENT,STOP_TARGET_ASSIGNED,1823.8109153096225,28.90887141258783,175.7371497707279,,,,,,
568.6000000000607,T04,STATION_EVENT,RECEIVE_ROUTE_ASSIGNED,1823.8109153096225,28.90887141258783,175.7371497707279,,,,,,
568.7000000000608,T04,STATION_EVENT,STOP_TARGET_ASSIGNED,1824.618893256511,29.265540763386497,174.9390846903775,,,,,,
568.7000000000608,T04,STATION_EVENT,RECEIVE_ROUTE_ASSIGNED,1824.618893256511,29.265540763386497,174.9390846903775,,,,,,
568.8000000000608,T04,STATION_EVENT,STOP_TARGET_ASSIGNED,1825.436773304677,29.62182270455791,174.131106743489,,,,,,
568.8000000000608,T04,STATION_EVENT,RECEIVE_ROUTE_ASSIGNED,1825.436773304677,29.62182270455791,174.131106743489,,,,,,
568.9000000000608,T04,STATION_EVENT,STOP_TARGET_ASSIGNED,1826.2645446966262,29.977717515783784,173.313226695323,,,,,,
568.9000000000608,T04,STATION_EVENT,RECEIVE_ROUTE_ASSIGNED,1826.2645446966262,29.977717515783784,173.313226695323,,,,,,
569.0000000000608,T04,STATION_EVENT,STOP_TARGET_ASSIGNED,1827.1021966826358,30.333225476901866,172.48545530337378,,,,,,
569.0000000000608,T04,STATION_EVENT,RECEIVE_ROUTE_ASSIGNED,1827.1021966826358,30.333225476901866,172.48545530337378,,,,,,
569.1000000000608,T04,STATION_EVENT,STOP_TARGET_ASSIGNED,1827.949718520758,30.688346867904826,171.64780331736415,,,,,,
569.1000000000608,T04,STATION_EVENT,RECEIVE_ROUTE_ASSIGNED,1827.949718520758,30.688346867904826,171.64780331736415,,,,,,
569.2000000000609,T04,STATION_EVENT,STOP_TARGET_ASSIGNED,1828.8070994768254,31.043081968939134,170.8002814792419,,,,,,
569.2000000000609,T04,STATION_EVENT,RECEIVE_ROUTE_ASSIGNED,1828.8070994768254,31.043081968939134,170.8002814792419,,,,,,
569.3000000000609,T04,STATION_EVENT,STOP_TARGET_ASSIGNED,1829.6743288244538,31.39743106030396,169.94290052317456,,,,,,
569.3000000000609,T04,STATION_EVENT,RECEIVE_ROUTE_ASSIGNED,1829.6743288244538,31.39743106030396,169.94290052317456,,,,,,
569.4000000000609,T04,STATION_EVENT,STOP_TARGET_ASSIGNED,1830.5513958450476,31.75139442245005,169.07567117554618,,,,,,
569.4000000000609,T04,STATION_EVENT,RECEIVE_ROUTE_ASSIGNED,1830.5513958450476,31.75139442245005,169.07567117554618,,,,,,
569.5000000000609,T04,STATION_EVENT,STOP_TARGET_ASSIGNED,1831.4382898278036,32.104972335978665,168.19860415495236,,,,,,
569.5000000000609,T04,STATION_EVENT,RECEIVE_ROUTE_ASSIGNED,1831.4382898278036,32.104972335978665,168.19860415495236,,,,,,
569.600000000061,T04,STATION_EVENT,STOP_TARGET_ASSIGNED,1832.335000069715,32.45816508164042,167.3117101721964,,,,,,
569.600000000061,T04,STATION_EVENT,RECEIVE_ROUTE_ASSIGNED,1832.335000069715,32.45816508164042,167.3117101721964,,,,,,
569.700000000061,T04,STATION_EVENT,STOP_TARGET_ASSIGNED,1833.241515875576,32.81097294033427,166.41499993028492,,,,,,
569.700000000061,T04,STATION_EVENT,RECEIVE_ROUTE_ASSIGNED,1833.241515875576,32.81097294033427,166.41499993028492,,,,,,
569.800000000061,T04,STATION_EVENT,STOP_TARGET_ASSIGNED,1834.157826557985,33.163396193106294,165.50848412442406,,,,,,
569.800000000061,T04,STATION_EVENT,RECEIVE_ROUTE_ASSIGNED,1834.157826557985,33.163396193106294,165.50848412442406,,,,,,
569.900000000061,T04,STATION_EVENT,STOP_TARGET_ASSIGNED,1835.0839214373495,33.51543512114871,164.5921734420151,,,,,,
569.900000000061,T04,STATION_EVENT,RECEIVE_ROUTE_ASSIGNED,1835.0839214373495,33.51543512114871,164.5921734420151,,,,,,
570.000000000061,T04,STATION_EVENT,STOP_TARGET_ASSIGNED,1836.0197898418905,33.867090005798744,163.66607856265045,,,,,,
570.000000000061,T04,STATION_EVENT,RECEIVE_ROUTE_ASSIGNED,1836.0197898418905,33.867090005798744,163.66607856265045,,,,,,
570.1000000000611,T04,STATION_EVENT,STOP_TARGET_ASSIGNED,1836.9654211076452,34.218361128537495,162.73021015810946,,,,,,
570.1000000000611,T04,STATION_EVENT,RECEIVE_ROUTE_ASSIGNED,1836.9654211076452,34.218361128537495,162.73021015810946,,,,,,
570.2000000000611,T04,STATION_EVENT,STOP_TARGET_ASSIGNED,1837.920804578472,34.569248770988935,161.78457889235483,,,,,,
570.2000000000611,T04,STATION_EVENT,RECEIVE_ROUTE_ASSIGNED,1837.920804578472,34.569248770988935,161.78457889235483,,,,,,
570.3000000000611,T04,STATION_EVENT,STOP_TARGET_ASSIGNED,1838.8856599656854,34.900339108381175,160.82919542152808,,,,,,
570.3000000000611,T04,STATION_EVENT,RECEIVE_ROUTE_ASSIGNED,1838.8856599656854,34.900339108381175,160.82919542152808,,,,,,
570.4000000000611,T04,STATION_EVENT,STOP_TARGET_ASSIGNED,1839.859976923422,35.25048184865244,159.86434003431464,,,,,,
570.4000000000611,T04,STATION_EVENT,RECEIVE_ROUTE_ASSIGNED,1839.859976923422,35.25048184865244,159.86434003431464,,,,,,
570.5000000000612,T04,STATION_EVENT,STOP_TARGET_ASSIGNED,1840.8436447086522,35.57359868792742,158.89002307657802,,,,,,
570.5000000000612,T04,STATION_EVENT,RECEIVE_ROUTE_ASSIGNED,1840.8436447086522,35.57359868792742,158.89002307657802,,,,,,
570.6000000000612,T04,STATION_EVENT,STOP_TARGET_ASSIGNED,1841.8359126279918,35.869691504528,157.90635529134784,,,,,,
570.6000000000612,T04,STATION_EVENT,RECEIVE_ROUTE_ASSIGNED,1841.8359126279918,35.869691504528,157.90635529134784,,,,,,
570.7000000000612,T04,STATION_EVENT,STOP_TARGET_ASSIGNED,1842.8363414443515,36.16118327337569,156.91408737200823,,,,,,
570.7000000000612,T04,STATION_EVENT,RECEIVE_ROUTE_ASSIGNED,1842.8363414443515,36.16118327337569,156.91408737200823,,,,,,
570.8000000000612,T04,STATION_EVENT,STOP_TARGET_ASSIGNED,1843.8444919505837,36.42565317534087,155.91365855564845,,,,,,
570.8000000000612,T04,STATION_EVENT,RECEIVE_ROUTE_ASSIGNED,1843.8444919505837,36.42565317534087,155.91365855564845,,,,,,
570.9000000000613,T04,STATION_EVENT,STOP_TARGET_ASSIGNED,1844.8596135662945,36.66310315584085,154.9055080494163,,,,,,
570.9000000000613,T04,STATION_EVENT,RECEIVE_ROUTE_ASSIGNED,1844.8596135662945,36.66310315584085,154.9055080494163,,,,,,
571.0000000000613,T04,STATION_EVENT,STOP_TARGET_ASSIGNED,1845.8809557654586,36.8735351839672,153.89038643370554,,,,,,
571.0000000000613,T04,STATION_EVENT,RECEIVE_ROUTE_ASSIGNED,1845.8809557654586,36.8735351839672,153.89038643370554,,,,,,
571.1000000000613,T04,STATION_EVENT,STOP_TARGET_ASSIGNED,1846.9077680770422,37.05695125004815,152.86904423454143,,,,,,
571.1000000000613,T04,STATION_EVENT,RECEIVE_ROUTE_ASSIGNED,1846.9077680770422,37.05695125004815,152.86904423454143,,,,,,
571.2000000000613,T04,STATION_EVENT,STOP_TARGET_ASSIGNED,1847.9396102847827,37.23568770727104,151.8422319229578,,,,,,
571.2000000000613,T04,STATION_EVENT,RECEIVE_ROUTE_ASSIGNED,1847.9396102847827,37.23568770727104,151.8422319229578,,,,,,
571.3000000000613,T04,STATION_EVENT,STOP_TARGET_ASSIGNED,1848.976042204767,37.3874105316051,150.8103897152173,,,,,,
571.3000000000613,T04,STATION_EVENT,RECEIVE_ROUTE_ASSIGNED,1848.976042204767,37.3874105316051,150.8103897152173,,,,,,
571.4000000000614,T04,STATION_EVENT,STOP_TARGET_ASSIGNED,1850.0163439937226,37.514318273186504,149.77395779523295,,,,,,
571.4000000000614,T04,STATION_EVENT,RECEIVE_ROUTE_ASSIGNED,1850.0163439937226,37.514318273186504,149.77395779523295,,,,,,
571.5000000000614,T04,STATION_EVENT,STOP_TARGET_ASSIGNED,1851.059795862685,37.61421629210292,148.73365600627744,,,,,,
571.5000000000614,T04,STATION_EVENT,RECEIVE_ROUTE_ASSIGNED,1851.059795862685,37.61421629210292,148.73365600627744,,,,,,
571.6000000000614,T04,STATION_EVENT,STOP_TARGET_ASSIGNED,1852.1059685021587,37.7102137500116,147.69020413731505,,,,,,
571.6000000000614,T04,STATION_EVENT,RECEIVE_ROUTE_ASSIGNED,1852.1059685021587,37.7102137500116,147.69020413731505,,,,,,
571.7000000000614,T04,STATION_EVENT,STOP_TARGET_ASSIGNED,1853.1548144742246,37.8066962387381,146.6440314978413,,,,,,
571.7000000000614,T04,STATION_EVENT,RECEIVE_ROUTE_ASSIGNED,1853.1548144742246,37.8066962387381,146.6440314978413,,,,,,
571.8000000000615,T04,STATION_EVENT,STOP_TARGET_ASSIGNED,1854.205965412301,37.876171302766714,145.59518552577538,,,,,,
571.8000000000615,T04,STATION_EVENT,RECEIVE_ROUTE_ASSIGNED,1854.205965412301,37.876171302766714,145.59518552577538,,,,,,
571.9000000000615,T04,STATION_EVENT,STOP_TARGET_ASSIGNED,1855.2588888581436,37.934316797895264,144.5440345876989,,,,,,
571.9000000000615,T04,STATION_EVENT,RECEIVE_ROUTE_ASSIGNED,1855.2588888581436,37.934316797895264,144.5440345876989,,,,,,
572.0000000000615,T04,STATION_EVENT,STOP_TARGET_ASSIGNED,1856.3132348082129,37.97859160709821,143.49111114185644,,,,,,
572.0000000000615,T04,STATION_EVENT,RECEIVE_ROUTE_ASSIGNED,1856.3132348082129,37.97859160709821,143.49111114185644,,,,,,
572.1000000000615,T04,STATION_EVENT,STOP_TARGET_ASSIGNED,1857.368909647166,38.02999679752113,142.43676519178712,,,,,,
572.1000000000615,T04,STATION_EVENT,RECEIVE_ROUTE_ASSIGNED,1857.368909647166,38.02999679752113,142.43676519178712,,,,,,
572.2000000000616,T04,STATION_EVENT,STOP_TARGET_ASSIGNED,1858.4260142112448,38.081531816152655,141.381090352834,,,,,,
572.2000000000616,T04,STATION_EVENT,RECEIVE_ROUTE_ASSIGNED,1858.4260142112448,38.081531816152655,141.381090352834,,,,,,
572.3000000000616,T04,STATION_EVENT,STOP_TARGET_ASSIGNED,1859.4841752483017,38.1060628519424,140.32398578875518,,,,,,
572.3000000000616,T04,STATION_EVENT,RECEIVE_ROUTE_ASSIGNED,1859.4841752483017,38.1060628519424,140.32398578875518,,,,,,
572.4000000000616,T04,STATION_EVENT,STOP_TARGET_ASSIGNED,1860.5428550004128,38.11887930006241,139.26582475169835,,,,,,
572.4000000000616,T04,STATION_EVENT,RECEIVE_ROUTE_ASSIGNED,1860.5428550004128,38.11887930006241,139.26582475169835,,,,,,
572.5000000000616,T04,STATION_EVENT,STOP_TARGET_ASSIGNED,1861.6018884677924,38.13153035127178,138.20714499958717,,,,,,
572.5000000000616,T04,STATION_EVENT,RECEIVE_ROUTE_ASSIGNED,1861.6018884677924,38.13153035127178,138.20714499958717,,,,,,
572.6000000000616,T04,STATION_EVENT,STOP_TARGET_ASSIGNED,1862.661271056257,38.14401601818449,137.14811153220762,,,,,,
572.6000000000616,T04,STATION_EVENT,RECEIVE_ROUTE_ASSIGNED,1862.661271056257,38.14401601818449,137.14811153220762,,,,,,
572.7000000000617,T04,STATION_EVENT,STOP_TARGET_ASSIGNED,1863.7209981719736,38.15633631342052,136.08872894374304,,,,,,
572.7000000000617,T04,STATION_EVENT,RECEIVE_ROUTE_ASSIGNED,1863.7209981719736,38.15633631342052,136.08872894374304,,,,,,
572.8000000000617,T04,STATION_EVENT,STOP_TARGET_ASSIGNED,1864.78106522146,38.16849124960577,135.02900182802637,,,,,,
572.8000000000617,T04,STATION_EVENT,RECEIVE_ROUTE_ASSIGNED,1864.78106522146,38.16849124960577,135.02900182802637,,,,,,
572.9000000000617,T04,STATION_EVENT,STOP_TARGET_ASSIGNED,1865.8414676115847,38.18048083937196,133.96893477853996,,,,,,
572.9000000000617,T04,STATION_EVENT,RECEIVE_ROUTE_ASSIGNED,1865.8414676115847,38.18048083937196,133.96893477853996,,,,,,
573.0000000000617,T04,STATION_EVENT,STOP_TARGET_ASSIGNED,1866.902200749567,38.19230509535651,132.90853238841532,,,,,,
573.0000000000617,T04,STATION_EVENT,RECEIVE_ROUTE_ASSIGNED,1866.902200749567,38.19230509535651,132.90853238841532,,,,,,
573.1000000000618,T04,STATION_EVENT,STOP_TARGET_ASSIGNED,1867.9632600429777,38.20396403020249,131.8477992504329,,,,,,
573.1000000000618,T04,STATION_EVENT,RECEIVE_ROUTE_ASSIGNED,1867.9632600429777,38.20396403020249,131.8477992504329,,,,,,
573.2000000000618,T04,STATION_EVENT,STOP_TARGET_ASSIGNED,1869.0246408997382,38.215457656558506,130.7867399570223,,,,,,
573.2000000000618,T04,STATION_EVENT,RECEIVE_ROUTE_ASSIGNED,1869.0246408997382,38.215457656558506,130.7867399570223,,,,,,
573.3000000000618,T04,STATION_EVENT,STOP_TARGET_ASSIGNED,1870.086338728122,38.226785987078586,129.7253591002618,,,,,,
573.3000000000618,T04,STATION_EVENT,RECEIVE_ROUTE_ASSIGNED,1870.086338728122,38.226785987078586,129.7253591002618,,,,,,
573.4000000000618,T04,STATION_EVENT,STOP_TARGET_ASSIGNED,1871.148348936754,38.237949034422144,128.66366127187803,,,,,,
573.4000000000618,T04,STATION_EVENT,RECEIVE_ROUTE_ASSIGNED,1871.148348936754,38.237949034422144,128.66366127187803,,,,,,
573.5000000000618,T04,STATION_EVENT,STOP_TARGET_ASSIGNED,1872.2106669346106,38.24894681125382,127.60165106324598,,,,,,
573.5000000000618,T04,STATION_EVENT,RECEIVE_ROUTE_ASSIGNED,1872.2106669346106,38.24894681125382,127.60165106324598,,,,,,
573.6000000000619,T04,STATION_EVENT,STOP_TARGET_ASSIGNED,1873.2732881310203,38.259779330243454,126.53933306538943,,,,,,
573.6000000000619,T04,STATION_EVENT,RECEIVE_ROUTE_ASSIGNED,1873.2732881310203,38.259779330243454,126.53933306538943,,,,,,
573.7000000000619,T04,STATION_EVENT,STOP_TARGET_ASSIGNED,1874.3362079356634,38.27044660406595,125.47671186897969,,,,,,
573.7000000000619,T04,STATION_EVENT,RECEIVE_ROUTE_ASSIGNED,1874.3362079356634,38.27044660406595,125.47671186897969,,,,,,
573.8000000000619,T04,STATION_EVENT,STOP_TARGET_ASSIGNED,1875.3994217585728,38.28094864540119,124.41379206433658,,,,,,
573.8000000000619,T04,STATION_EVENT,RECEIVE_ROUTE_ASSIGNED,1875.3994217585728,38.28094864540119,124.41379206433658,,,,,,
573.9000000000619,T04,STATION_EVENT,STOP_TARGET_ASSIGNED,1876.462925010133,38.29128546693396,123.35057824142723,,,,,,
573.9000000000619,T04,STATION_EVENT,RECEIVE_ROUTE_ASSIGNED,1876.462925010133,38.29128546693396,123.35057824142723,,,,,,
574.000000000062,T04,STATION_EVENT,STOP_TARGET_ASSIGNED,1877.5267131010814,38.30145708135383,122.28707498986705,,,,,,
574.000000000062,T04,STATION_EVENT,RECEIVE_ROUTE_ASSIGNED,1877.5267131010814,38.30145708135383,122.28707498986705,,,,,,
574.100000000062,T04,STATION_EVENT,STOP_TARGET_ASSIGNED,1878.590408725919,38.28462790694951,121.22328689891856,,,,,,
574.100000000062,T04,STATION_EVENT,RECEIVE_ROUTE_ASSIGNED,1878.590408725919,38.28462790694951,121.22328689891856,,,,,,
574.200000000062,T04,STATION_EVENT,STOP_TARGET_ASSIGNED,1879.6532866769783,38.242584569322666,120.1595912740811,,,,,,
574.200000000062,T04,STATION_EVENT,RECEIVE_ROUTE_ASSIGNED,1879.6532866769783,38.242584569322666,120.1595912740811,,,,,,
574.300000000062,T04,STATION_EVENT,STOP_TARGET_ASSIGNED,1880.7146311447189,38.17421710800058,119.09671332302173,,,,,,
574.300000000062,T04,STATION_EVENT,RECEIVE_ROUTE_ASSIGNED,1880.7146311447189,38.17421710800058,119.09671332302173,,,,,,
574.400000000062,T04,STATION_EVENT,STOP_TARGET_ASSIGNED,1881.7744515898578,38.132854941996726,117.88536885528106,,,,,,
574.400000000062,T04,STATION_EVENT,RECEIVE_ROUTE_ASSIGNED,1881.7744515898578,38.132854941996726,117.88536885528106,,,,,,
574.5000000000621,T04,STATION_EVENT,STOP_TARGET_ASSIGNED,1882.83283519273,38.0707644648,116.82554841014212,,,,,,
574.5000000000621,T04,STATION_EVENT,RECEIVE_ROUTE_ASSIGNED,1882.83283519273,38.0707644648,116.82554841014212,,,,,,
574.6000000000621,T04,STATION_EVENT,STOP_TARGET_ASSIGNED,1883.889254614795,37.99143392386855,115.76716480726986,,,,,,
574.6000000000621,T04,STATION_EVENT,RECEIVE_ROUTE_ASSIGNED,1883.889254614795,37.99143392386855,115.76716480726986,,,,,,
574.7000000000621,T04,STATION_EVENT,STOP_TARGET_ASSIGNED,1884.943228345616,37.89467469525457,114.71074538520497,,,,,,
574.7000000000621,T04,STATION_EVENT,RECEIVE_ROUTE_ASSIGNED,1884.943228345616,37.89467469525457,114.71074538520497,,,,,,
574.8000000000621,T04,STATION_EVENT,STOP_TARGET_ASSIGNED,1885.9942697095091,37.78030350504235,113.65677165438387,,,,,,
574.8000000000621,T04,STATION_EVENT,RECEIVE_ROUTE_ASSIGNED,1885.9942697095091,37.78030350504235,113.65677165438387,,,,,,
574.9000000000622,T04,STATION_EVENT,STOP_TARGET_ASSIGNED,1887.0418870290803,37.64814350408118,112.60573029049078,,,,,,
574.9000000000622,T04,STATION_EVENT,RECEIVE_ROUTE_ASSIGNED,1887.0418870290803,37.64814350408118,112.60573029049078,,,,,,
575.0000000000622,T04,STATION_EVENT,STOP_TARGET_ASSIGNED,1888.0855838078178,37.49802456501579,111.55811297091964,,,,,,
575.0000000000622,T04,STATION_EVENT,RECEIVE_ROUTE_ASSIGNED,1888.0855838078178,37.49802456501579,111.55811297091964,,,,,,
575.1000000000622,T04,STATION_EVENT,STOP_TARGET_ASSIGNED,1889.124858921037,37.32978358676847,110.51441619218213,,,,,,
575.1000000000622,T04,STATION_EVENT,RECEIVE_ROUTE_ASSIGNED,1889.124858921037,37.32978358676847,110.51441619218213,,,,,,
575.2000000000622,T04,STATION_EVENT,STOP_TARGET_ASSIGNED,1890.1598358526712,37.18855549090187,109.4751410789629,,,,,,
575.2000000000622,T04,STATION_EVENT,RECEIVE_ROUTE_ASSIGNED,1890.1598358526712,37.18855549090187,109.4751410789629,,,,,,
575.3000000000623,T04,STATION_EVENT,STOP_TARGET_ASSIGNED,1891.1905322406362,37.021584442585066,108.44016414732869,,,,,,
575.3000000000623,T04,STATION_EVENT,RECEIVE_ROUTE_ASSIGNED,1891.1905322406362,37.021584442585066,108.44016414732869,,,,,,
575.4000000000623,T04,STATION_EVENT,STOP_TARGET_ASSIGNED,1892.2166529507138,36.85910668299196,107.40946775936368,,,,,,
575.4000000000623,T04,STATION_EVENT,RECEIVE_ROUTE_ASSIGNED,1892.2166529507138,36.85910668299196,107.40946775936368,,,,,,
575.5000000000623,T04,STATION_EVENT,STOP_TARGET_ASSIGNED,1893.237885561297,36.669641278992195,106.38334704928616,,,,,,
575.5000000000623,T04,STATION_EVENT,RECEIVE_ROUTE_ASSIGNED,1893.237885561297,36.669641278992195,106.38334704928616,,,,,,
575.6000000000623,T04,STATION_EVENT,STOP_TARGET_ASSIGNED,1894.2542304435858,36.507190245811536,105.36211443870297,,,,,,
575.6000000000623,T04,STATION_EVENT,RECEIVE_ROUTE_ASSIGNED,1894.2542304435858,36.507190245811536,105.36211443870297,,,,,,
575.7000000000623,T04,STATION_EVENT,STOP_TARGET_ASSIGNED,1895.2656879678702,36.31775150266809,104.3457695564141,,,,,,
575.7000000000623,T04,STATION_EVENT,RECEIVE_ROUTE_ASSIGNED,1895.2656879678702,36.31775150266809,104.3457695564141,,,,,,
575.8000000000624,T04,STATION_EVENT,STOP_TARGET_ASSIGNED,1896.2715965234847,36.107664501571435,103.33431203212967,,,,,,
575.8000000000624,T04,STATION_EVENT,RECEIVE_ROUTE_ASSIGNED,1896.2715965234847,36.107664501571435,103.33431203212967,,,,,,
575.9000000000624,T04,STATION_EVENT,STOP_TARGET_ASSIGNED,1897.2720445485988,35.9245933066523,102.32840347651518,,,,,,
575.9000000000624,T04,STATION_EVENT,RECEIVE_ROUTE_ASSIGNED,1897.2720445485988,35.9245933066523,102.32840347651518,,,,,,
576.0000000000624,T04,STATION_EVENT,STOP_TARGET_ASSIGNED,1898.2670369512089,35.71485968126316,101.32795545140107,,,,,,
576.0000000000624,T04,STATION_EVENT,RECEIVE_ROUTE_ASSIGNED,1898.2670369512089,35.71485968126316,101.32795545140107,,,,,,
576.1000000000624,T04,STATION_EVENT,STOP_TARGET_ASSIGNED,1899.2562763312383,35.51037568086146,100.33296304879104,,,,,,
576.1000000000624,T04,STATION_EVENT,RECEIVE_ROUTE_ASSIGNED,1899.2562763312383,35.51037568086146,100.33296304879104,,,,,,
576.2000000000625,T04,STATION_EVENT,STOP_TARGET_ASSIGNED,1900.2402108119272,35.332906928744805,99.34372366876164,,,,,,
576.2000000000625,T04,STATION_EVENT,RECEIVE_ROUTE_ASSIGNED,1900.2402108119272,35.332906928744805,99.34372366876164,,,,,,
576.3000000000625,T04,STATION_EVENT,STOP_TARGET_ASSIGNED,1901.2188407883368,35.128451372739455,98.35978918807268,,,,,,
576.3000000000625,T04,STATION_EVENT,RECEIVE_ROUTE_ASSIGNED,1901.2188407883368,35.128451372739455,98.35978918807268,,,,,,
576.4000000000625,T04,STATION_EVENT,STOP_TARGET_ASSIGNED,1902.1914166542933,34.897010976132,97.38115921166309,,,,,,
576.4000000000625,T04,STATION_EVENT,RECEIVE_ROUTE_ASSIGNED,1902.1914166542933,34.897010976132,97.38115921166309,,,,,,
576.5000000000625,T04,STATION_EVENT,STOP_TARGET_ASSIGNED,1903.1579388579016,34.6925876836722,96.40858334570657,,,,,,
576.5000000000625,T04,STATION_EVENT,RECEIVE_ROUTE_ASSIGNED,1903.1579388579016,34.6925876836722,96.40858334570657,,,,,,
576.6000000000626,T04,STATION_EVENT,STOP_TARGET_ASSIGNED,1904.1187050729031,34.48257979644056,95.44206114209828,,,,,,
576.6000000000626,T04,STATION_EVENT,RECEIVE_ROUTE_ASSIGNED,1904.1187050729031,34.48257979644056,95.44206114209828,,,,,,
576.7000000000626,T04,STATION_EVENT,STOP_TARGET_ASSIGNED,1905.0740129496623,34.2995873302243,94.48129492709677,,,,,,
576.7000000000626,T04,STATION_EVENT,RECEIVE_ROUTE_ASSIGNED,1905.0740129496623,34.2995873302243,94.48129492709677,,,,,,
576.8000000000626,T04,STATION_EVENT,STOP_TARGET_ASSIGNED,1906.0238628884338,34.08960826131012,93.52598705033756,,,,,,
576.8000000000626,T04,STATION_EVENT,RECEIVE_ROUTE_ASSIGNED,1906.0238628884338,34.08960826131012,93.52598705033756,,,,,,
576.9000000000626,T04,STATION_EVENT,STOP_TARGET_ASSIGNED,1906.9675052881687,33.85264451960759,92.57613711156614,,,,,,
576.9000000000626,T04,STATION_EVENT,RECEIVE_ROUTE_ASSIGNED,1906.9675052881687,33.85264451960759,92.57613711156614,,,,,,
577.0000000000626,T04,STATION_EVENT,STOP_TARGET_ASSIGNED,1907.9049406011632,33.64269801599737,91.63249471183121,,,,,,
577.0000000000626,T04,STATION_EVENT,RECEIVE_ROUTE_ASSIGNED,1907.9049406011632,33.64269801599737,91.63249471183121,,,,,,
577.1000000000627,T04,STATION_EVENT,STOP_TARGET_ASSIGNED,1908.836427905884,33.4243879238958,90.69505939883675,,,,,,
577.1000000000627,T04,STATION_EVENT,RECEIVE_ROUTE_ASSIGNED,1908.836427905884,33.4243879238958,90.69505939883675,,,,,,
577.2000000000627,T04,STATION_EVENT,STOP_TARGET_ASSIGNED,1909.7622262604766,33.23309360677062,89.76357209411594,,,,,,
577.2000000000627,T04,STATION_EVENT,RECEIVE_ROUTE_ASSIGNED,1909.7622262604766,33.23309360677062,89.76357209411594,,,,,,
577.3000000000627,T04,STATION_EVENT,STOP_TARGET_ASSIGNED,1910.6823360754172,33.01481306894511,88.8377737395233,,,,,,
577.3000000000627,T04,STATION_EVENT,RECEIVE_ROUTE_ASSIGNED,1910.6823360754172,33.01481306894511,88.8377737395233,,,,,,
577.4000000000627,T04,STATION_EVENT,STOP_TARGET_ASSIGNED,1911.5967577597723,32.82354820462103,87.91766392458271,,,,,,
577.4000000000627,T04,STATION_EVENT,RECEIVE_ROUTE_ASSIGNED,1911.5967577597723,32.82354820462103,87.91766392458271,,,,,,
577.5000000000628,T04,STATION_EVENT,STOP_TARGET_ASSIGNED,1912.5054917213704,32.60529703043677,87.00324224022756,,,,,,
577.5000000000628,T04,STATION_EVENT,RECEIVE_ROUTE_ASSIGNED,1912.5054917213704,32.60529703043677,87.00324224022756,,,,,,
577.6000000000628,T04,STATION_EVENT,STOP_TARGET_ASSIGNED,1913.4080101080463,32.37602681022562,86.09450827862952,,,,,,
577.6000000000628,T04,STATION_EVENT,RECEIVE_ROUTE_ASSIGNED,1913.4080101080463,32.37602681022562,86.09450827862952,,,,,,
577.7000000000628,T04,STATION_EVENT,STOP_TARGET_ASSIGNED,1914.3045351039007,32.17377289129575,85.19198989195365,,,,,,
577.7000000000628,T04,STATION_EVENT,RECEIVE_ROUTE_ASSIGNED,1914.3045351039007,32.17377289129575,85.19198989195365,,,,,,
577.8000000000628,T04,STATION_EVENT,STOP_TARGET_ASSIGNED,1915.1950671343948,31.94453330428079,84.29546489609925,,,,,,
577.8000000000628,T04,STATION_EVENT,RECEIVE_ROUTE_ASSIGNED,1915.1950671343948,31.94453330428079,84.29546489609925,,,,,,
577.9000000000628,T04,STATION_EVENT,STOP_TARGET_ASSIGNED,1916.079606623433,31.74230990645917,83.40493286560513,,,,,,
577.9000000000628,T04,STATION_EVENT,RECEIVE_ROUTE_ASSIGNED,1916.079606623433,31.74230990645917,83.40493286560513,,,,,,
578.0000000000629,T04,STATION_EVENT,STOP_TARGET_ASSIGNED,1916.9582726240499,31.52164213795931,82.52039337656697,,,,,,
578.0000000000629,T04,STATION_EVENT,RECEIVE_ROUTE_ASSIGNED,1916.9582726240499,31.52164213795931,82.52039337656697,,,,,,
578.1000000000629,T04,STATION_EVENT,STOP_TARGET_ASSIGNED,1917.8304341794183,31.27398984856198,81.64172737595004,,,,,,
578.1000000000629,T04,STATION_EVENT,RECEIVE_ROUTE_ASSIGNED,1917.8304341794183,31.27398984856198,81.64172737595004,,,,,,
578.2000000000629,T04,STATION_EVENT,STOP_TARGET_ASSIGNED,1918.696091744908,31.053354866707007,80.76956582058165,,,,,,
578.2000000000629,T04,STATION_EVENT,RECEIVE_ROUTE_ASSIGNED,1918.696091744908,31.053354866707007,80.76956582058165,,,,,,
578.3000000000629,T04,STATION_EVENT,STOP_TARGET_ASSIGNED,1919.555245774263,30.805735246850052,79.90390825509189,,,,,,
578.3000000000629,T04,STATION_EVENT,RECEIVE_ROUTE_ASSIGNED,1919.555245774263,30.805735246850052,79.90390825509189,,,,,,
578.400000000063,T04,STATION_EVENT,STATION_LINE_OCCUPIED,1920.4078967194057,30.585132803415554,79.04475422573682,,,,,,
589.9000000000656,T04,STATION_STATE,final_approach,1975.257412093761,9.786311518465606,23.61449539166165,,,,,,
589.9000000000656,T04,EOA_UPDATE,STATION_STOP_TARGET,1975.257412093761,9.786311518465606,23.61449539166165,,,,,,
612.5000000000707,T04,STATION_STATE,aligned_stop,2000.0,0.0,-1.1497108131134155,,,,,,
612.5000000000707,T04,STATION_STATE,dwell_started,2000.0,0.0,-1.1497108131134155,,,,,,
612.5000000000707,T04,EOA_UPDATE,SAFETY_RESTRICTION,2000.0,0.0,-1.1497108131134155,,,,,,
