sim_time,train_id,event,reason,pos_m,speed_kmh,distance_to_eoa_m,collision_partner_id,collision_overlap_m,collision_gap_m,atp_state,ato_state,ato_profile_phase
267.8999999999924,T01,STATION_EVENT,STOP_TARGET_ASSIGNED,1808.1472699823742,25.41998221803695,190.13891152857286,,,,,,
267.8999999999924,T01,STATION_EVENT,RECEIVE_ROUTE_ASSIGNED,1808.1472699823742,25.41998221803695,190.13891152857286,,,,,,
267.99999999999244,T01,STATION_EVENT,STOP_TARGET_ASSIGNED,1808.8546501393384,25.511389083397358,189.3984347067069,,,,,,
267.99999999999244,T01,STATION_EVENT,RECEIVE_ROUTE_ASSIGNED,1808.8546501393384,25.511389083397358,189.3984347067069,,,,,,
268.09999999999246,T01,STATION_EVENT,STOP_TARGET_ASSIGNED,1809.5649442955403,25.62979016314137,188.6556855418944,,,,,,
268.09999999999246,T01,STATION_EVENT,RECEIVE_ROUTE_ASSIGNED,1809.5649442955403,25.62979016314137,188.6556855418944,,,,,,
268.1999999999925,T01,STATION_EVENT,STOP_TARGET_ASSIGNED,1810.278902266346,25.775183734863788,187.9098766778825,,,,,,
268.1999999999925,T01,STATION_EVENT,RECEIVE_ROUTE_ASSIGNED,1810.278902266346,25.775183734863788,187.9098766778825,,,,,,
268.2999999999925,T01,STATION_EVENT,STOP_TARGET_ASSIGNED,1810.9972738191304,25.94756806561522,187.16022080853645,,,,,,
268.2999999999925,T01,STATION_EVENT,RECEIVE_ROUTE_ASSIGNED,1810.9972738191304,25.94756806561522,187.16022080853645,,,,,,
268.39999999999253,T01,STATION_EVENT,STOP_TARGET_ASSIGNED,1811.720808672951,26.1469414094751,186.40593067811278,,,,,,
268.39999999999253,T01,STATION_EVENT,RECEIVE_ROUTE_ASSIGNED,1811.720808672951,26.1469414094751,186.40593067811278,,,,,,
268.49999999999255,T01,STATION_EVENT,STOP_TARGET_ASSIGNED,1812.450256498154,26.373302005125414,185.6462190816012,,,,,,
268.49999999999255,T01,STATION_EVENT,RECEIVE_ROUTE_ASSIGNED,1812.450256498154,26.373302005125414,185.6462190816012,,,,,,
268.5999999999926,T01,STATION_EVENT,STOP_TARGET_ASSIGNED,1813.1863669159115,26.626648073425116,184.880298865138,,,,,,
268.5999999999926,T01,STATION_EVENT,RECEIVE_ROUTE_ASSIGNED,1813.1863669159115,26.626648073425116,184.880298865138,,,,,,
268.6999999999926,T01,STATION_EVENT,STOP_TARGET_ASSIGNED,1813.929889497695,26.90697781498522,184.10738292649262,,,,,,
268.6999999999926,T01,STATION_EVENT,RECEIVE_ROUTE_ASSIGNED,1813.929889497695,26.90697781498522,184.10738292649262,,,,,,
268.7999999999926,T01,STATION_EVENT,STOP_TARGET_ASSIGNED,1814.6815737646775,27.21428940774464,183.32668421561993,,,,,,
268.7999999999926,T01,STATION_EVENT,RECEIVE_ROUTE_ASSIGNED,1814.6815737646775,27.21428940774464,183.32668421561993,,,,,,
268.89999999999264,T01,STATION_EVENT,STOP_TARGET_ASSIGNED,1815.4421691870705,27.548581004546744,182.53741573528828,,,,,,
268.89999999999264,T01,STATION_EVENT,RECEIVE_ROUTE_ASSIGNED,1815.4421691870705,27.548581004546744,182.53741573528828,,,,,,
268.99999999999267,T01,STATION_EVENT,STOP_TARGET_ASSIGNED,1816.2123817925174,27.90672658762504,181.73879054177564,,,,,,
268.99999999999267,T01,STATION_EVENT,RECEIVE_ROUTE_ASSIGNED,1816.2123817925174,27.90672658762504,181.73879054177564,,,,,,
269.0999999999927,T01,STATION_EVENT,STOP_TARGET_ASSIGNED,1816.9925374909376,28.264483698631313,180.93761820748273,,,,,,
269.0999999999927,T01,STATION_EVENT,RECEIVE_ROUTE_ASSIGNED,1816.9925374909376,28.264483698631313,180.93761820748273,,,,,,
269.1999999999927,T01,STATION_EVENT,STOP_TARGET_ASSIGNED,1817.7826254953163,28.621852616643572,180.1574625090625,,,,,,
269.1999999999927,T01,STATION_EVENT,RECEIVE_ROUTE_ASSIGNED,1817.7826254953163,28.621852616643572,180.1574625090625,,,,,,
269.29999999999274,T01,STATION_EVENT,STOP_TARGET_ASSIGNED,1818.5826350263933,28.978833620900108,179.36737450468377,,,,,,
269.29999999999274,T01,STATION_EVENT,RECEIVE_ROUTE_ASSIGNED,1818.5826350263933,28.978833620900108,179.36737450468377,,,,,,
269.39999999999276,T01,STATION_EVENT,STOP_TARGET_ASSIGNED,1819.392555312667,29.335426990798354,178.5673649736068,,,,,,
269.39999999999276,T01,STATION_EVENT,RECEIVE_ROUTE_ASSIGNED,1819.392555312667,29.335426990798354,178.5673649736068,,,,,,
269.4999999999928,T01,STATION_EVENT,STOP_TARGET_ASSIGNED,1820.2123755903988,29.6916330058938,177.7574446873332,,,,,,
269.4999999999928,T01,STATION_EVENT,RECEIVE_ROUTE_ASSIGNED,1820.2123755903988,29.6916330058938,177.7574446873332,,,,,,
269.5999999999928,T01,STATION_EVENT,STOP_TARGET_ASSIGNED,1821.042085103618,30.047451945898835,176.9376244096013,,,,,,
269.5999999999928,T01,STATION_EVENT,RECEIVE_ROUTE_ASSIGNED,1821.042085103618,30.047451945898835,176.9376244096013,,,,,,
269.6999999999928,T01,STATION_EVENT,STOP_TARGET_ASSIGNED,1821.881673104126,30.402884090681688,176.107914896382,,,,,,
269.6999999999928,T01,STATION_EVENT,RECEIVE_ROUTE_ASSIGNED,1821.881673104126,30.402884090681688,176.107914896382,,,,,,
269.79999999999285,T01,STATION_EVENT,STOP_TARGET_ASSIGNED,1822.7311288515004,30.757929720265256,175.268326895874,,,,,,
269.79999999999285,T01,STATION_EVENT,RECEIVE_ROUTE_ASSIGNED,1822.7311288515004,30.757929720265256,175.268326895874,,,,,,
269.8999999999929,T01,STATION_EVENT,STOP_TARGET_ASSIGNED,1823.5904416130988,31.11258911482604,174.41887114849965,,,,,,
269.8999999999929,T01,STATION_EVENT,RECEIVE_ROUTE_ASSIGNED,1823.5904416130988,31.11258911482604,174.41887114849965,,,,,,
269.9999999999929,T01,STATION_EVENT,STOP_TARGET_ASSIGNED,1824.4596006640643,31.46686255469301,173.55955838690124,,,,,,
269.9999999999929,T01,STATION_EVENT,RECEIVE_ROUTE_ASSIGNED,1824.4596006640643,31.46686255469301,173.55955838690124,,,,,,
270.0999999999929,T01,STATION_EVENT,STOP_TARGET_ASSIGNED,1825.3385952873286,31.82075032034652,172.6903993359358,,,,,,
270.0999999999929,T01,STATION_EVENT,RECEIVE_ROUTE_ASSIGNED,1825.3385952873286,31.82075032034652,172.6903993359358,,,,,,
270.19999999999294,T01,STATION_EVENT,STOP_TARGET_ASSIGNED,1826.227414773617,32.1742526924172,171.81140471267145,,,,,,
270.19999999999294,T01,STATION_EVENT,RECEIVE_ROUTE_ASSIGNED,1826.227414773617,32.1742526924172,171.81140471267145,,,,,,
270.29999999999296,T01,STATION_EVENT,STOP_TARGET_ASSIGNED,1827.1260484214517,32.52736995168483,170.92258522638303,,,,,,
270.29999999999296,T01,STATION_EVENT,RECEIVE_ROUTE_ASSIGNED,1827.1260484214517,32.52736995168483,170.92258522638303,,,,,,
270.399999999993,T01,STATION_EVENT,STOP_TARGET_ASSIGNED,1828.0344855371568,32.88010237907729,170.02395157854835,,,,,,
270.399999999993,T01,STATION_EVENT,RECEIVE_ROUTE_ASSIGNED,1828.0344855371568,32.88010237907729,170.02395157854835,,,,,,
270.499999999993,T01,STATION_EVENT,STOP_TARGET_ASSIGNED,1828.9527154348616,33.23245025566943,169.1155144628433,,,,,,
270.499999999993,T01,STATION_EVENT,RECEIVE_ROUTE_ASSIGNED,1828.9527154348616,33.23245025566943,169.1155144628433,,,,,,
270.59999999999303,T01,STATION_EVENT,STOP_TARGET_ASSIGNED,1829.8807274365054,33.584413862681956,168.1972845651385,,,,,,
270.59999999999303,T01,STATION_EVENT,RECEIVE_ROUTE_ASSIGNED,1829.8807274365054,33.584413862681956,168.1972845651385,,,,,,
270.69999999999305,T01,STATION_EVENT,STOP_TARGET_ASSIGNED,1830.818510871841,33.9359934814804,167.26927256349472,,,,,,
270.69999999999305,T01,STATION_EVENT,RECEIVE_ROUTE_ASSIGNED,1830.818510871841,33.9359934814804,167.26927256349472,,,,,,
270.7999999999931,T01,STATION_EVENT,STOP_TARGET_ASSIGNED,1831.766055078439,34.28718939357396,166.3314891281591,,,,,,
270.7999999999931,T01,STATION_EVENT,RECEIVE_ROUTE_ASSIGNED,1831.766055078439,34.28718939357396,166.3314891281591,,,,,,
270.8999999999931,T01,STATION_EVENT,STOP_TARGET_ASSIGNED,1832.7233494016916,34.63800188061447,165.38394492156112,,,,,,
270.8999999999931,T01,STATION_EVENT,RECEIVE_ROUTE_ASSIGNED,1832.7233494016916,34.63800188061447,165.38394492156112,,,,,,
270.9999999999931,T01,STATION_EVENT,STOP_TARGET_ASSIGNED,1833.6900675245233,34.96570296327245,164.42665059830847,,,,,,
270.9999999999931,T01,STATION_EVENT,RECEIVE_ROUTE_ASSIGNED,1833.6900675245233,34.96570296327245,164.42665059830847,,,,,,
271.09999999999314,T01,STATION_EVENT,STOP_TARGET_ASSIGNED,1834.6655131199107,35.266379904609515,163.45993247547676,,,,,,
271.09999999999314,T01,STATION_EVENT,RECEIVE_ROUTE_ASSIGNED,1834.6655131199107,35.266379904609515,163.45993247547676,,,,,,
271.19999999999317,T01,STATION_EVENT,STOP_TARGET_ASSIGNED,1835.6496855434539,35.59403459049371,162.48448688008943,,,,,,
271.19999999999317,T01,STATION_EVENT,RECEIVE_ROUTE_ASSIGNED,1835.6496855434539,35.59403459049371,162.48448688008943,,,,,,
271.2999999999932,T01,STATION_EVENT,STOP_TARGET_ASSIGNED,1836.6425841476234,35.89466490971566,161.50031445654622,,,,,,
271.2999999999932,T01,STATION_EVENT,RECEIVE_ROUTE_ASSIGNED,1836.6425841476234,35.89466490971566,161.50031445654622,,,,,,
271.3999999999932,T01,STATION_EVENT,STOP_TARGET_ASSIGNED,1837.6434582820232,36.16827276705945,160.50741585237665,,,,,,
271.3999999999932,T01,STATION_EVENT,RECEIVE_ROUTE_ASSIGNED,1837.6434582820232,36.16827276705945,160.50741585237665,,,,,,
271.49999999999324,T01,STATION_EVENT,STOP_TARGET_ASSIGNED,1838.6517495978233,36.428701970539315,159.50654171797692,,,,,,
271.49999999999324,T01,STATION_EVENT,RECEIVE_ROUTE_ASSIGNED,1838.6517495978233,36.428701970539315,159.50654171797692,,,,,,
271.59999999999326,T01,STATION_EVENT,STOP_TARGET_ASSIGNED,1839.6668997856843,36.66211155545688,158.49825040217684,,,,,,
271.59999999999326,T01,STATION_EVENT,RECEIVE_ROUTE_ASSIGNED,1839.6668997856843,36.66211155545688,158.49825040217684,,,,,,
271.6999999999933,T01,STATION_EVENT,STOP_TARGET_ASSIGNED,1840.688197627707,36.87133307017292,157.48310021431575,,,,,,
271.6999999999933,T01,STATION_EVENT,RECEIVE_ROUTE_ASSIGNED,1840.688197627707,36.87133307017292,157.48310021431575,,,,,,
271.7999999999933,T01,STATION_EVENT,STOP_TARGET_ASSIGNED,1841.7149319580572,37.05353871503669,156.46180237229305,,,,,,
271.7999999999933,T01,STATION_EVENT,RECEIVE_ROUTE_ASSIGNED,1841.7149319580572,37.05353871503669,156.46180237229305,,,,,,
271.8999999999933,T01,STATION_EVENT,STOP_TARGET_ASSIGNED,1842.7466854256857,37.23271095421892,155.43506804194294,,,,,,
271.8999999999933,T01,STATION_EVENT,RECEIVE_ROUTE_ASSIGNED,1842.7466854256857,37.23271095421892,155.43506804194294,,,,,,
271.99999999999335,T01,STATION_EVENT,STOP_TARGET_ASSIGNED,1843.7830407101596,37.38486952790962,154.40331457431444,,,,,,
271.99999999999335,T01,STATION_EVENT,RECEIVE_ROUTE_ASSIGNED,1843.7830407101596,37.38486952790962,154.40331457431444,,,,,,
272.0999999999934,T01,STATION_EVENT,STOP_TARGET_ASSIGNED,1844.8232779185157,37.51220947372355,153.36695928984045,,,,,,
272.0999999999934,T01,STATION_EVENT,RECEIVE_ROUTE_ASSIGNED,1844.8232779185157,37.51220947372355,153.36695928984045,,,,,,
272.1999999999934,T01,STATION_EVENT,STOP_TARGET_ASSIGNED,1845.8666772120964,37.61253966408938,152.32672208148438,,,,,,
272.1999999999934,T01,STATION_EVENT,RECEIVE_ROUTE_ASSIGNED,1845.8666772120964,37.61253966408938,152.32672208148438,,,,,,
272.2999999999934,T01,STATION_EVENT,STOP_TARGET_ASSIGNED,1846.912809231712,37.70896574822012,151.28332278790367,,,,,,
272.2999999999934,T01,STATION_EVENT,RECEIVE_ROUTE_ASSIGNED,1846.912809231712,37.70896574822012,151.28332278790367,,,,,,
272.39999999999344,T01,STATION_EVENT,STOP_TARGET_ASSIGNED,1847.9616264897481,37.805876830386765,150.2371907682882,,,,,,
272.39999999999344,T01,STATION_EVENT,RECEIVE_ROUTE_ASSIGNED,1847.9616264897481,37.805876830386765,150.2371907682882,,,,,,
272.49999999999346,T01,STATION_EVENT,STOP_TARGET_ASSIGNED,1849.0127606187116,37.87578045498491,149.18837351025195,,,,,,
272.49999999999346,T01,STATION_EVENT,RECEIVE_ROUTE_ASSIGNED,1849.0127606187116,37.87578045498491,149.18837351025195,,,,,,
272.5999999999935,T01,STATION_EVENT,STOP_TARGET_ASSIGNED,1850.065679110662,37.934350965436764,148.1372393812885,,,,,,
272.5999999999935,T01,STATION_EVENT,RECEIVE_ROUTE_ASSIGNED,1850.065679110662,37.934350965436764,148.1372393812885,,,,,,
272.6999999999935,T01,STATION_EVENT,STOP_TARGET_ASSIGNED,1851.1200319123652,37.97905075719874,147.0843208893382,,,,,,
272.6999999999935,T01,STATION_EVENT,RECEIVE_ROUTE_ASSIGNED,1851.1200319123652,37.97905075719874,147.0843208893382,,,,,,
272.79999999999353,T01,STATION_EVENT,STOP_TARGET_ASSIGNED,1852.1757254075676,38.0308808973709,146.02996808763487,,,,,,
272.79999999999353,T01,STATION_EVENT,RECEIVE_ROUTE_ASSIGNED,1852.1757254075676,38.0308808973709,146.02996808763487,,,,,,
272.89999999999355,T01,STATION_EVENT,STOP_TARGET_ASSIGNED,1853.232860431599,38.0828408328954,144.9742745924325,,,,,,
272.89999999999355,T01,STATION_EVENT,RECEIVE_ROUTE_ASSIGNED,1853.232860431599,38.0828408328954,144.9742745924325,,,,,,
272.9999999999936,T01,STATION_EVENT,STOP_TARGET_ASSIGNED,1854.2910637313985,38.107796752675455,143.91713956840113,,,,,,
272.9999999999936,T01,STATION_EVENT,RECEIVE_ROUTE_ASSIGNED,1854.2910637313985,38.107796752675455,143.91713956840113,,,,,,
273.0999999999936,T01,STATION_EVENT,STOP_TARGET_ASSIGNED,1855.349797499347,38.121034539614485,142.8589362686016,,,,,,
273.0999999999936,T01,STATION_EVENT,RECEIVE_ROUTE_ASSIGNED,1855.349797499347,38.121034539614485,142.8589362686016,,,,,,
273.1999999999936,T01,STATION_EVENT,STOP_TARGET_ASSIGNED,1856.408896685967,38.13410689702489,141.80020250065309,,,,,,
273.1999999999936,T01,STATION_EVENT,RECEIVE_ROUTE_ASSIGNED,1856.408896685967,38.13410689702489,141.80020250065309,,,,,,
273.29999999999364,T01,STATION_EVENT,STOP_TARGET_ASSIGNED,1857.468356696169,38.14701383751146,140.74110331403313,,,,,,
273.29999999999364,T01,STATION_EVENT,RECEIVE_ROUTE_ASSIGNED,1857.468356696169,38.14701383751146,140.74110331403313,,,,,,
273.39999999999367,T01,STATION_EVENT,STOP_TARGET_ASSIGNED,1858.5281729352134,38.15975537368521,139.68164330383115,,,,,,
273.39999999999367,T01,STATION_EVENT,RECEIVE_ROUTE_ASSIGNED,1858.5281729352134,38.15975537368521,139.68164330383115,,,,,,
273.4999999999937,T01,STATION_EVENT,STOP_TARGET_ASSIGNED,1859.5883408087113,38.17233151816331,138.62182706478666,,,,,,
273.4999999999937,T01,STATION_EVENT,RECEIVE_ROUTE_ASSIGNED,1859.5883408087113,38.17233151816331,138.62182706478666,,,,,,
273.5999999999937,T01,STATION_EVENT,STOP_TARGET_ASSIGNED,1860.6488557226244,38.18474228356897,137.56165919128875,,,,,,
273.5999999999937,T01,STATION_EVENT,RECEIVE_ROUTE_ASSIGNED,1860.6488557226244,38.18474228356897,137.56165919128875,,,,,,
273.69999999999374,T01,STATION_EVENT,STOP_TARGET_ASSIGNED,1861.7097130832647,38.19698768253138,136.50114427737572,,,,,,
273.69999999999374,T01,STATION_EVENT,RECEIVE_ROUTE_ASSIGNED,1861.7097130832647,38.19698768253138,136.50114427737572,,,,,,
273.79999999999376,T01,STATION_EVENT,STOP_TARGET_ASSIGNED,1862.7709082972954,38.20906772768554,135.44028691673543,,,,,,
273.79999999999376,T01,STATION_EVENT,RECEIVE_ROUTE_ASSIGNED,1862.7709082972954,38.20906772768554,135.44028691673543,,,,,,
273.8999999999938,T01,STATION_EVENT,STOP_TARGET_ASSIGNED,1863.832436771731,38.220982431672276,134.37909170270473,,,,,,
273.8999999999938,T01,STATION_EVENT,RECEIVE_ROUTE_ASSIGNED,1863.832436771731,38.220982431672276,134.37909170270473,,,,,,
273.9999999999938,T01,STATION_EVENT,STOP_TARGET_ASSIGNED,1864.8942939139367,38.232731807138066,133.31756322826914,,,,,,
273.9999999999938,T01,STATION_EVENT,RECEIVE_ROUTE_ASSIGNED,1864.8942939139367,38.232731807138066,133.31756322826914,,,,,,
274.0999999999938,T01,STATION_EVENT,STOP_TARGET_ASSIGNED,1865.9564751316293,38.24431586673498,132.25570608606336,,,,,,
274.0999999999938,T01,STATION_EVENT,RECEIVE_ROUTE_ASSIGNED,1865.9564751316293,38.24431586673498,132.25570608606336,,,,,,
274.19999999999385,T01,STATION_EVENT,STOP_TARGET_ASSIGNED,1867.0189758328772,38.255734623120574,131.1935248683708,,,,,,
274.19999999999385,T01,STATION_EVENT,RECEIVE_ROUTE_ASSIGNED,1867.0189758328772,38.255734623120574,131.1935248683708,,,,,,
274.2999999999939,T01,STATION_EVENT,STOP_TARGET_ASSIGNED,1868.0817914261006,38.266988088957824,130.13102416712286,,,,,,
274.2999999999939,T01,STATION_EVENT,RECEIVE_ROUTE_ASSIGNED,1868.0817914261006,38.266988088957824,130.13102416712286,,,,,,
274.3999999999939,T01,STATION_EVENT,STOP_TARGET_ASSIGNED,1869.144917320071,38.27807627691501,129.06820857389948,,,,,,
274.3999999999939,T01,STATION_EVENT,RECEIVE_ROUTE_ASSIGNED,1869.144917320071,38.27807627691501,129.06820857389948,,,,,,
274.4999999999939,T01,STATION_EVENT,STOP_TARGET_ASSIGNED,1870.2083489239124,38.28899919966562,128.00508267992905,,,,,,
274.4999999999939,T01,STATION_EVENT,RECEIVE_ROUTE_ASSIGNED,1870.2083489239124,38.28899919966562,128.00508267992905,,,,,,
274.59999999999394,T01,STATION_EVENT,STOP_TARGET_ASSIGNED,1871.2720816471005,38.29975686988828,126.94165107608774,,,,,,
274.59999999999394,T01,STATION_EVENT,RECEIVE_ROUTE_ASSIGNED,1871.2720816471005,38.29975686988828,126.94165107608774,,,,,,
274.69999999999396,T01,STATION_EVENT,STOP_TARGET_ASSIGNED,1872.3357381828748,38.28351370586105,125.87791835289954,,,,,,
274.69999999999396,T01,STATION_EVENT,RECEIVE_ROUTE_ASSIGNED,1872.3357381828748,38.28351370586105,125.87791835289954,,,,,,
274.799999999994,T01,STATION_EVENT,STOP_TARGET_ASSIGNED,1873.3987771160535,38.25528948299949,124.81426181712527,,,,,,
274.799999999994,T01,STATION_EVENT,RECEIVE_ROUTE_ASSIGNED,1873.3987771160535,38.25528948299949,124.81426181712527,,,,,,
274.899999999994,T01,STATION_EVENT,STOP_TARGET_ASSIGNED,1874.461025717074,38.226609790489604,123.75122288394664,,,,,,
274.899999999994,T01,STATION_EVENT,RECEIVE_ROUTE_ASSIGNED,1874.461025717074,38.226609790489604,123.75122288394664,,,,,,
274.99999999999403,T01,STATION_EVENT,STOP_TARGET_ASSIGNED,1875.52247133448,38.197474662733455,122.68897428292598,,,,,,
274.99999999999403,T01,STATION_EVENT,RECEIVE_ROUTE_ASSIGNED,1875.52247133448,38.197474662733455,122.68897428292598,,,,,,
275.09999999999405,T01,STATION_EVENT,STOP_TARGET_ASSIGNED,1876.5834826741252,38.19534179172093,121.62752866552,,,,,,
275.09999999999405,T01,STATION_EVENT,RECEIVE_ROUTE_ASSIGNED,1876.5834826741252,38.19534179172093,121.62752866552,,,,,,
275.1999999999941,T01,STATION_EVENT,STOP_TARGET_ASSIGNED,1877.6445712876082,38.20303837905651,120.56651732587488,,,,,,
275.1999999999941,T01,STATION_EVENT,RECEIVE_ROUTE_ASSIGNED,1877.6445712876082,38.20303837905651,120.56651732587488,,,,,,
275.2999999999941,T01,STATION_EVENT,STOP_TARGET_ASSIGNED,1878.7054986869055,38.183734370341085,119.5054287123919,,,,,,
275.2999999999941,T01,STATION_EVENT,RECEIVE_ROUTE_ASSIGNED,1878.7054986869055,38.183734370341085,119.5054287123919,,,,,,
275.3999999999941,T01,STATION_EVENT,STOP_TARGET_ASSIGNED,1879.7655847205226,38.1424600500946,118.44450131309463,,,,,,
275.3999999999941,T01,STATION_EVENT,RECEIVE_ROUTE_ASSIGNED,1879.7655847205226,38.1424600500946,118.44450131309463,,,,,,
275.49999999999415,T01,STATION_EVENT,STOP_TARGET_ASSIGNED,1880.8242882014858,38.084190579251484,117.38441527947748,,,,,,
275.49999999999415,T01,STATION_EVENT,RECEIVE_ROUTE_ASSIGNED,1880.8242882014858,38.084190579251484,117.38441527947748,,,,,,
275.59999999999417,T01,STATION_EVENT,STOP_TARGET_ASSIGNED,1881.8815881847431,38.04140821527838,117.07571179851425,,,,,,
275.59999999999417,T01,STATION_EVENT,RECEIVE_ROUTE_ASSIGNED,1881.8815881847431,38.04140821527838,117.07571179851425,,,,,,
275.6999999999942,T01,STATION_EVENT,STOP_TARGET_ASSIGNED,1882.9373248149282,37.97162915803973,116.01841181525697,,,,,,
275.6999999999942,T01,STATION_EVENT,RECEIVE_ROUTE_ASSIGNED,1882.9373248149282,37.97162915803973,116.01841181525697,,,,,,
275.7999999999942,T01,STATION_EVENT,STOP_TARGET_ASSIGNED,1883.9907940778114,37.87815776954972,114.96267518507193,,,,,,
275.7999999999942,T01,STATION_EVENT,RECEIVE_ROUTE_ASSIGNED,1883.9907940778114,37.87815776954972,114.96267518507193,,,,,,
275.89999999999424,T01,STATION_EVENT,STOP_TARGET_ASSIGNED,1885.0414231423415,37.7671348766146,113.90920592218868,,,,,,
275.89999999999424,T01,STATION_EVENT,RECEIVE_ROUTE_ASSIGNED,1885.0414231423415,37.7671348766146,113.90920592218868,,,,,,
275.99999999999426,T01,STATION_EVENT,STOP_TARGET_ASSIGNED,1886.0887220181992,37.63838418513746,112.85857685765859,,,,,,
275.99999999999426,T01,STATION_EVENT,RECEIVE_ROUTE_ASSIGNED,1886.0887220181992,37.63838418513746,112.85857685765859,,,,,,
276.0999999999943,T01,STATION_EVENT,STOP_TARGET_ASSIGNED,1887.1321958915516,37.49173469624187,111.81127798180091,,,,,,
276.0999999999943,T01,STATION_EVENT,RECEIVE_ROUTE_ASSIGNED,1887.1321958915516,37.49173469624187,111.81127798180091,,,,,,
276.1999999999943,T01,STATION_EVENT,STOP_TARGET_ASSIGNED,1888.1713452952679,37.327022371334785,110.76780410844844,,,,,,
276.1999999999943,T01,STATION_EVENT,RECEIVE_ROUTE_ASSIGNED,1888.1713452952679,37.327022371334785,110.76780410844844,,,,,,
276.2999999999943,T01,STATION_EVENT,STOP_TARGET_ASSIGNED,1889.2062945317834,37.18932265778763,109.72865470473221,,,,,,
276.2999999999943,T01,STATION_EVENT,RECEIVE_ROUTE_ASSIGNED,1889.2062945317834,37.18932265778763,109.72865470473221,,,,,,
276.39999999999435,T01,STATION_EVENT,STOP_TARGET_ASSIGNED,1890.2370630097564,37.02600775626885,108.69370546821665,,,,,,
276.39999999999435,T01,STATION_EVENT,RECEIVE_ROUTE_ASSIGNED,1890.2370630097564,37.02600775626885,108.69370546821665,,,,,,
276.4999999999944,T01,STATION_EVENT,STOP_TARGET_ASSIGNED,1891.2633576558098,36.86720675958493,107.66293699024368,,,,,,
276.4999999999944,T01,STATION_EVENT,RECEIVE_ROUTE_ASSIGNED,1891.2633576558098,36.86720675958493,107.66293699024368,,,,,,
276.5999999999944,T01,STATION_EVENT,STOP_TARGET_ASSIGNED,1892.284866330804,36.681417840000414,106.63664234419025,,,,,,
276.5999999999944,T01,STATION_EVENT,RECEIVE_ROUTE_ASSIGNED,1892.284866330804,36.681417840000414,106.63664234419025,,,,,,
276.6999999999944,T01,STATION_EVENT,STOP_TARGET_ASSIGNED,1893.3015893982267,36.5226430144278,105.61513366919598,,,,,,
276.6999999999944,T01,STATION_EVENT,RECEIVE_ROUTE_ASSIGNED,1893.3015893982267,36.5226430144278,105.61513366919598,,,,,,
276.79999999999444,T01,STATION_EVENT,STOP_TARGET_ASSIGNED,1894.3135272206935,36.33688020317519,104.59841060177337,,,,,,
276.79999999999444,T01,STATION_EVENT,RECEIVE_ROUTE_ASSIGNED,1894.3135272206935,36.33688020317519,104.59841060177337,,,,,,
276.89999999999446,T01,STATION_EVENT,STOP_TARGET_ASSIGNED,1895.3200215714028,36.13071304789937,103.58647277930663,,,,,,
276.89999999999446,T01,STATION_EVENT,RECEIVE_ROUTE_ASSIGNED,1895.3200215714028,36.13071304789937,103.58647277930663,,,,,,
276.9999999999945,T01,STATION_EVENT,STOP_TARGET_ASSIGNED,1896.3211642721892,35.95156140871707,102.57997842859731,,,,,,
276.9999999999945,T01,STATION_EVENT,RECEIVE_ROUTE_ASSIGNED,1896.3211642721892,35.95156140871707,102.57997842859731,,,,,,
277.0999999999945,T01,STATION_EVENT,STOP_TARGET_ASSIGNED,1897.3169617975675,35.74586041852684,101.57883572781088,,,,,,
277.0999999999945,T01,STATION_EVENT,RECEIVE_ROUTE_ASSIGNED,1897.3169617975675,35.74586041852684,101.57883572781088,,,,,,
277.19999999999453,T01,STATION_EVENT,STOP_TARGET_ASSIGNED,1898.3071184107855,35.54541573316881,100.58303820243259,,,,,,
277.19999999999453,T01,STATION_EVENT,RECEIVE_ROUTE_ASSIGNED,1898.3071184107855,35.54541573316881,100.58303820243259,,,,,,
277.29999999999455,T01,STATION_EVENT,STOP_TARGET_ASSIGNED,1899.2920823237773,35.37198600224,99.59288158921458,,,,,,
277.29999999999455,T01,STATION_EVENT,RECEIVE_ROUTE_ASSIGNED,1899.2920823237773,35.37198600224,99.59288158921458,,,,,,
277.3999999999946,T01,STATION_EVENT,STOP_TARGET_ASSIGNED,1900.2718539234506,35.17156917423283,98.60791767622277,,,,,,
277.3999999999946,T01,STATION_EVENT,RECEIVE_ROUTE_ASSIGNED,1900.2718539234506,35.17156917423283,98.60791767622277,,,,,,
277.4999999999946,T01,STATION_EVENT,STOP_TARGET_ASSIGNED,1901.245683595528,34.94416721532328,97.62814607654946,,,,,,
277.4999999999946,T01,STATION_EVENT,RECEIVE_ROUTE_ASSIGNED,1901.245683595528,34.94416721532328,97.62814607654946,,,,,,
277.5999999999946,T01,STATION_EVENT,STOP_TARGET_ASSIGNED,1902.213571780095,34.74378207351331,96.65431640447218,,,,,,
277.5999999999946,T01,STATION_EVENT,RECEIVE_ROUTE_ASSIGNED,1902.213571780095,34.74378207351331,96.65431640447218,,,,,,
277.69999999999465,T01,STATION_EVENT,STOP_TARGET_ASSIGNED,1903.1758191629722,34.53802949364085,95.68642821990511,,,,,,
277.69999999999465,T01,STATION_EVENT,RECEIVE_ROUTE_ASSIGNED,1903.1758191629722,34.53802949364085,95.68642821990511,,,,,,
277.79999999999467,T01,STATION_EVENT,STOP_TARGET_ASSIGNED,1904.1327264064187,34.35929203450395,94.72418083702792,,,,,,
277.79999999999467,T01,STATION_EVENT,RECEIVE_ROUTE_ASSIGNED,1904.1327264064187,34.35929203450395,94.72418083702792,,,,,,
277.8999999999947,T01,STATION_EVENT,STOP_TARGET_ASSIGNED,1905.0842939023505,34.15356767258489,93.76727359358142,,,,,,
277.8999999999947,T01,STATION_EVENT,RECEIVE_ROUTE_ASSIGNED,1905.0842939023505,34.15356767258489,93.76727359358142,,,,,,
277.9999999999947,T01,STATION_EVENT,STOP_TARGET_ASSIGNED,1906.0297720414342,33.920858341443136,92.81570609764958,,,,,,
277.9999999999947,T01,STATION_EVENT,RECEIVE_ROUTE_ASSIGNED,1906.0297720414342,33.920858341443136,92.81570609764958,,,,,,
278.09999999999474,T01,STATION_EVENT,STOP_TARGET_ASSIGNED,1906.9691612677875,33.71516595599138,91.87022795856592,,,,,,
278.09999999999474,T01,STATION_EVENT,RECEIVE_ROUTE_ASSIGNED,1906.9691612677875,33.71516595599138,91.87022795856592,,,,,,
278.19999999999476,T01,STATION_EVENT,STOP_TARGET_ASSIGNED,1907.9027229998849,33.50127875502152,90.93083873221258,,,,,,
278.19999999999476,T01,STATION_EVENT,RECEIVE_ROUTE_ASSIGNED,1907.9027229998849,33.50127875502152,90.93083873221258,,,,,,
278.2999999999948,T01,STATION_EVENT,STOP_TARGET_ASSIGNED,1908.8307186357488,33.31440702717992,89.99727700011522,,,,,,
278.2999999999948,T01,STATION_EVENT,RECEIVE_ROUTE_ASSIGNED,1908.8307186357488,33.31440702717992,89.99727700011522,,,,,,
278.3999999999948,T01,STATION_EVENT,STOP_TARGET_ASSIGNED,1909.7531485774664,33.10054877649471,89.06928136425131,,,,,,
278.3999999999948,T01,STATION_EVENT,RECEIVE_ROUTE_ASSIGNED,1909.7531485774664,33.10054877649471,89.06928136425131,,,,,,
278.4999999999948,T01,STATION_EVENT,STOP_TARGET_ASSIGNED,1910.6692632257734,32.859705901618426,88.1468514225337,,,,,,
278.4999999999948,T01,STATION_EVENT,RECEIVE_ROUTE_ASSIGNED,1910.6692632257734,32.859705901618426,88.1468514225337,,,,,,
278.59999999999485,T01,STATION_EVENT,STOP_TARGET_ASSIGNED,1911.5790630338768,32.64588028183019,87.23073677422667,,,,,,
278.59999999999485,T01,STATION_EVENT,RECEIVE_ROUTE_ASSIGNED,1911.5790630338768,32.64588028183019,87.23073677422667,,,,,,
278.6999999999949,T01,STATION_EVENT,STOP_TARGET_ASSIGNED,1912.4827686553338,32.420924463081434,86.32093696612333,,,,,,
278.6999999999949,T01,STATION_EVENT,RECEIVE_ROUTE_ASSIGNED,1912.4827686553338,32.420924463081434,86.32093696612333,,,,,,
278.7999999999949,T01,STATION_EVENT,STOP_TARGET_ASSIGNED,1913.3806007263424,32.22298464953985,85.41723134466633,,,,,,
278.7999999999949,T01,STATION_EVENT,RECEIVE_ROUTE_ASSIGNED,1913.3806007263424,32.22298464953985,85.41723134466633,,,,,,
278.8999999999949,T01,STATION_EVENT,STOP_TARGET_ASSIGNED,1914.2725596641494,31.998058872560257,84.51939927365765,,,,,,
278.8999999999949,T01,STATION_EVENT,RECEIVE_ROUTE_ASSIGNED,1914.2725596641494,31.998058872560257,84.51939927365765,,,,,,
278.99999999999494,T01,STATION_EVENT,STOP_TARGET_ASSIGNED,1915.158645884504,31.800148992965138,83.62744033585068,,,,,,
278.99999999999494,T01,STATION_EVENT,RECEIVE_ROUTE_ASSIGNED,1915.158645884504,31.800148992965138,83.62744033585068,,,,,,
279.09999999999496,T01,STATION_EVENT,STOP_TARGET_ASSIGNED,1916.0388598018344,31.57525305482449,82.74135411549605,,,,,,
279.09999999999496,T01,STATION_EVENT,RECEIVE_ROUTE_ASSIGNED,1916.0388598018344,31.57525305482449,82.74135411549605,,,,,,
279.199999999995,T01,STATION_EVENT,STOP_TARGET_ASSIGNED,1916.9126807800858,31.339857379275273,81.86114019816569,,,,,,
279.199999999995,T01,STATION_EVENT,RECEIVE_ROUTE_ASSIGNED,1916.9126807800858,31.339857379275273,81.86114019816569,,,,,,
279.299999999995,T01,STATION_EVENT,STOP_TARGET_ASSIGNED,1917.7803382182747,31.131478170321877,80.9873192199143,,,,,,
279.299999999995,T01,STATION_EVENT,RECEIVE_ROUTE_ASSIGNED,1917.7803382182747,31.131478170321877,80.9873192199143,,,,,,
279.39999999999503,T01,STATION_EVENT,STOP_TARGET_ASSIGNED,1918.6418325468446,30.89611348671162,80.11966178172543,,,,,,
279.39999999999503,T01,STATION_EVENT,RECEIVE_ROUTE_ASSIGNED,1918.6418325468446,30.89611348671162,80.11966178172543,,,,,,
279.49999999999505,T01,STATION_EVENT,STOP_TARGET_ASSIGNED,1919.4971641945972,30.687765151478892,79.25816745315547,,,,,,
279.49999999999505,T01,STATION_EVENT,RECEIVE_ROUTE_ASSIGNED,1919.4971641945972,30.687765151478892,79.25816745315547,,,,,,
279.5999999999951,T01,STATION_EVENT,STATION_LINE_OCCUPIED,1920.3464627445417,30.461730444517897,78.4028358054029,,,,,,
291.1999999999977,T01,STATION_STATE,final_approach,1975.1243760855118,9.794327252367149,23.047754065234813,,,,,,
291.1999999999977,T01,EOA_UPDATE,STATION_STOP_TARGET,1975.1243760855118,9.794327252367149,23.047754065234813,,,,,,
313.9000000000029,T01,STATION_STATE,aligned_stop,2000.0,0.0,-1.1490420712686955,,,,,,
313.9000000000029,T01,STATION_STATE,dwell_started,2000.0,0.0,-1.1490420712686955,,,,,,
313.9000000000029,T01,EOA_UPDATE,SAFETY_RESTRICTION,2000.0,0.0,-1.1490420712686955,,,,,,
359.8000000000133,T02,STATION_EVENT,STOP_TARGET_ASSIGNED,1807.2724113513848,25.903893570132475,191.71354631444865,,,,,,
359.8000000000133,T02,STATION_EVENT,RECEIVE_ROUTE_ASSIGNED,1807.2724113513848,25.903893570132475,191.71354631444865,,,,,,
359.90000000001334,T02,STATION_EVENT,STOP_TARGET_ASSIGNED,1807.9942706729796,26.069977584691298,191.03180659845475,,,,,,
359.90000000001334,T02,STATION_EVENT,RECEIVE_ROUTE_ASSIGNED,1807.9942706729796,26.069977584691298,191.03180659845475,,,,,,
360.00000000001336,T02,STATION_EVENT,STOP_TARGET_ASSIGNED,1808.7211182920828,26.26305099073785,190.34604024293958,,,,,,
360.00000000001336,T02,STATION_EVENT,RECEIVE_ROUTE_ASSIGNED,1808.7211182920828,26.26305099073785,190.34604024293958,,,,,,
360.1000000000134,T02,STATION_EVENT,STOP_TARGET_ASSIGNED,1809.4537038895348,26.48311202581737,189.65553500479155,,,,,,
360.1000000000134,T02,STATION_EVENT,RECEIVE_ROUTE_ASSIGNED,1809.4537038895348,26.48311202581737,189.65553500479155,,,,,,
360.2000000000134,T02,STATION_EVENT,STOP_TARGET_ASSIGNED,1810.1927770969799,26.73015891021887,188.95957868721212,,,,,,
360.2000000000134,T02,STATION_EVENT,RECEIVE_ROUTE_ASSIGNED,1810.1927770969799,26.73015891021887,188.95957868721212,,,,,,
360.3000000000134,T02,STATION_EVENT,STOP_TARGET_ASSIGNED,1810.9390874963517,27.004189844550083,188.25745914013942,,,,,,
360.3000000000134,T02,STATION_EVENT,RECEIVE_ROUTE_ASSIGNED,1810.9390874963517,27.004189844550083,188.25745914013942,,,,,,
360.40000000001345,T02,STATION_EVENT,STOP_TARGET_ASSIGNED,1811.6933846192942,27.305203007313157,187.54846426073618,,,,,,
360.40000000001345,T02,STATION_EVENT,RECEIVE_ROUTE_ASSIGNED,1811.6933846192942,27.305203007313157,187.54846426073618,,,,,,
360.5000000000135,T02,STATION_EVENT,STOP_TARGET_ASSIGNED,1812.4564179465135,27.633196552481024,186.83188199394067,,,,,,
360.5000000000135,T02,STATION_EVENT,RECEIVE_ROUTE_ASSIGNED,1812.4564179465135,27.633196552481024,186.83188199394067,,,,,,
360.6000000000135,T02,STATION_EVENT,STOP_TARGET_ASSIGNED,1813.228936907063,27.98816860707457,186.1070003330824,,,,,,
360.6000000000135,T02,STATION_EVENT,RECEIVE_ROUTE_ASSIGNED,1813.228936907063,27.98816860707457,186.1070003330824,,,,,,
360.7000000000135,T02,STATION_EVENT,STOP_TARGET_ASSIGNED,1814.011353656605,28.345837359952647,185.3731073205604,,,,,,
360.7000000000135,T02,STATION_EVENT,RECEIVE_ROUTE_ASSIGNED,1814.011353656605,28.345837359952647,185.3731073205604,,,,,,
360.80000000001354,T02,STATION_EVENT,STOP_TARGET_ASSIGNED,1814.8037002585954,28.703117983363537,184.62981140849547,,,,,,
360.80000000001354,T02,STATION_EVENT,RECEIVE_ROUTE_ASSIGNED,1814.8037002585954,28.703117983363537,184.62981140849547,,,,,,
360.90000000001356,T02,STATION_EVENT,STOP_TARGET_ASSIGNED,1815.6059659355392,29.060010756581843,183.87708213660449,,,,,,
360.90000000001356,T02,STATION_EVENT,RECEIVE_ROUTE_ASSIGNED,1815.6059659355392,29.060010756581843,183.87708213660449,,,,,,
361.0000000000136,T02,STATION_EVENT,STOP_TARGET_ASSIGNED,1816.4181399177007,29.416515959041067,183.1149297435079,,,,,,
361.0000000000136,T02,STATION_EVENT,RECEIVE_ROUTE_ASSIGNED,1816.4181399177007,29.416515959041067,183.1149297435079,,,,,,
361.1000000000136,T02,STATION_EVENT,STOP_TARGET_ASSIGNED,1817.2402114431086,29.77263387033249,182.33186008229927,,,,,,
361.1000000000136,T02,STATION_EVENT,RECEIVE_ROUTE_ASSIGNED,1817.2402114431086,29.77263387033249,182.33186008229927,,,,,,
361.20000000001363,T02,STATION_EVENT,STOP_TARGET_ASSIGNED,1818.0721697575605,30.128364770204076,181.5097885568914,,,,,,
361.20000000001363,T02,STATION_EVENT,RECEIVE_ROUTE_ASSIGNED,1818.0721697575605,30.128364770204076,181.5097885568914,,,,,,
361.30000000001365,T02,STATION_EVENT,STOP_TARGET_ASSIGNED,1818.9140041146266,30.483708938559325,180.67783024243954,,,,,,
361.30000000001365,T02,STATION_EVENT,RECEIVE_ROUTE_ASSIGNED,1818.9140041146266,30.483708938559325,180.67783024243954,,,,,,
361.4000000000137,T02,STATION_EVENT,STOP_TARGET_ASSIGNED,1819.7657037756546,30.838666655456194,179.83599588537345,,,,,,
361.4000000000137,T02,STATION_EVENT,RECEIVE_ROUTE_ASSIGNED,1819.7657037756546,30.838666655456194,179.83599588537345,,,,,,
361.5000000000137,T02,STATION_EVENT,STOP_TARGET_ASSIGNED,1820.6272580097736,31.193238201105984,178.98429622434537,,,,,,
361.5000000000137,T02,STATION_EVENT,RECEIVE_ROUTE_ASSIGNED,1820.6272580097736,31.193238201105984,178.98429622434537,,,,,,
361.6000000000137,T02,STATION_EVENT,STOP_TARGET_ASSIGNED,1821.4986560938983,31.547423855872196,178.12274199022636,,,,,,
361.6000000000137,T02,STATION_EVENT,RECEIVE_ROUTE_ASSIGNED,1821.4986560938983,31.547423855872196,178.12274199022636,,,,,,
361.70000000001374,T02,STATION_EVENT,STOP_TARGET_ASSIGNED,1822.3798873127337,31.90122390026949,177.25134390610174,,,,,,
361.70000000001374,T02,STATION_EVENT,RECEIVE_ROUTE_ASSIGNED,1822.3798873127337,31.90122390026949,177.25134390610174,,,,,,
361.80000000001377,T02,STATION_EVENT,STOP_TARGET_ASSIGNED,1823.2709409587785,32.25463861496252,176.37011268726633,,,,,,
361.80000000001377,T02,STATION_EVENT,RECEIVE_ROUTE_ASSIGNED,1823.2709409587785,32.25463861496252,176.37011268726633,,,,,,
361.9000000000138,T02,STATION_EVENT,STOP_TARGET_ASSIGNED,1824.1718063323303,32.60766828076488,175.4790590412215,,,,,,
361.9000000000138,T02,STATION_EVENT,RECEIVE_ROUTE_ASSIGNED,1824.1718063323303,32.60766828076488,175.4790590412215,,,,,,
362.0000000000138,T02,STATION_EVENT,STOP_TARGET_ASSIGNED,1825.0824727414888,32.96031317863797,174.57819366766967,,,,,,
362.0000000000138,T02,STATION_EVENT,RECEIVE_ROUTE_ASSIGNED,1825.0824727414888,32.96031317863797,174.57819366766967,,,,,,
362.10000000001384,T02,STATION_EVENT,STOP_TARGET_ASSIGNED,1826.00292950216,33.312573589689926,173.6675272585112,,,,,,
362.10000000001384,T02,STATION_EVENT,RECEIVE_ROUTE_ASSIGNED,1826.00292950216,33.312573589689926,173.6675272585112,,,,,,
362.20000000001386,T02,STATION_EVENT,STOP_TARGET_ASSIGNED,1826.933165938061,33.66444979517451,172.74707049784,,,,,,
362.20000000001386,T02,STATION_EVENT,RECEIVE_ROUTE_ASSIGNED,1826.933165938061,33.66444979517451,172.74707049784,,,,,,
362.3000000000139,T02,STATION_EVENT,STOP_TARGET_ASSIGNED,1827.8731713807229,34.015942076490056,171.81683406193906,,,,,,
362.3000000000139,T02,STATION_EVENT,RECEIVE_ROUTE_ASSIGNED,1827.8731713807229,34.015942076490056,171.81683406193906,,,,,,
362.4000000000139,T02,STATION_EVENT,STOP_TARGET_ASSIGNED,1828.822935169496,34.367050715178294,170.87682861927715,,,,,,
362.4000000000139,T02,STATION_EVENT,RECEIVE_ROUTE_ASSIGNED,1828.822935169496,34.367050715178294,170.87682861927715,,,,,,
362.5000000000139,T02,STATION_EVENT,STOP_TARGET_ASSIGNED,1829.782446651553,34.71777599292336,169.92706483050392,,,,,,
362.5000000000139,T02,STATION_EVENT,RECEIVE_ROUTE_ASSIGNED,1829.782446651553,34.71777599292336,169.92706483050392,,,,,,
362.60000000001395,T02,STATION_EVENT,STOP_TARGET_ASSIGNED,1830.7513571952575,35.043783153787,168.96755334844693,,,,,,
362.60000000001395,T02,STATION_EVENT,RECEIVE_ROUTE_ASSIGNED,1830.7513571952575,35.043783153787,168.96755334844693,,,,,,
362.700000000014,T02,STATION_EVENT,STOP_TARGET_ASSIGNED,1831.7289481594703,35.34276626952898,167.99864280474253,,,,,,
362.700000000014,T02,STATION_EVENT,RECEIVE_ROUTE_ASSIGNED,1831.7289481594703,35.34276626952898,167.99864280474253,,,,,,
362.800000000014,T02,STATION_EVENT,STOP_TARGET_ASSIGNED,1832.7152189025128,35.66872722953422,167.0210518405297,,,,,,
362.800000000014,T02,STATION_EVENT,RECEIVE_ROUTE_ASSIGNED,1832.7152189025128,35.66872722953422,167.0210518405297,,,,,,
362.900000000014,T02,STATION_EVENT,STOP_TARGET_ASSIGNED,1833.71016877961,35.96766392147553,166.0347810974872,,,,,,
362.900000000014,T02,STATION_EVENT,RECEIVE_ROUTE_ASSIGNED,1833.71016877961,35.96766392147553,166.0347810974872,,,,,,
363.00000000001404,T02,STATION_EVENT,STOP_TARGET_ASSIGNED,1834.7130471431522,36.23957825355163,165.03983122038994,,,,,,
363.00000000001404,T02,STATION_EVENT,RECEIVE_ROUTE_ASSIGNED,1834.7130471431522,36.23957825355163,165.03983122038994,,,,,,
363.10000000001406,T02,STATION_EVENT,STOP_TARGET_ASSIGNED,1835.7232957946985,36.49832465778915,164.03695285684785,,,,,,
363.10000000001406,T02,STATION_EVENT,RECEIVE_ROUTE_ASSIGNED,1835.7232957946985,36.49832465778915,164.03695285684785,,,,,,
363.2000000000141,T02,STATION_EVENT,STOP_TARGET_ASSIGNED,1836.7403565753618,36.730051549974284,163.02670420530148,,,,,,
363.2000000000141,T02,STATION_EVENT,RECEIVE_ROUTE_ASSIGNED,1836.7403565753618,36.730051549974284,163.02670420530148,,,,,,
363.3000000000141,T02,STATION_EVENT,STOP_TARGET_ASSIGNED,1837.7635184551455,36.93760379444772,162.00964342463817,,,,,,
363.3000000000141,T02,STATION_EVENT,RECEIVE_ROUTE_ASSIGNED,1837.7635184551455,36.93760379444772,162.00964342463817,,,,,,
363.40000000001413,T02,STATION_EVENT,STOP_TARGET_ASSIGNED,1838.7920704561823,37.1181402802108,160.98648154485454,,,,,,
363.40000000001413,T02,STATION_EVENT,RECEIVE_ROUTE_ASSIGNED,1838.7920704561823,37.1181402802108,160.98648154485454,,,,,,
363.50000000001415,T02,STATION_EVENT,STOP_TARGET_ASSIGNED,1839.8255954154506,37.29565678711559,159.95792954381773,,,,,,
363.50000000001415,T02,STATION_EVENT,RECEIVE_ROUTE_ASSIGNED,1839.8255954154506,37.29565678711559,159.95792954381773,,,,,,
363.6000000000142,T02,STATION_EVENT,STOP_TARGET_ASSIGNED,1840.8636762005804,37.446159742233014,158.9244045845494,,,,,,
363.6000000000142,T02,STATION_EVENT,RECEIVE_ROUTE_ASSIGNED,1840.8636762005804,37.446159742233014,158.9244045845494,,,,,,
363.7000000000142,T02,STATION_EVENT,STOP_TARGET_ASSIGNED,1841.9055931067037,37.57185749864252,157.88632379941964,,,,,,
363.7000000000142,T02,STATION_EVENT,RECEIVE_ROUTE_ASSIGNED,1841.9055931067037,37.57185749864252,157.88632379941964,,,,,,
363.8000000000142,T02,STATION_EVENT,STOP_TARGET_ASSIGNED,1842.9506264833094,37.67054561696587,156.8444068932963,,,,,,
363.8000000000142,T02,STATION_EVENT,RECEIVE_ROUTE_ASSIGNED,1842.9506264833094,37.67054561696587,156.8444068932963,,,,,,
363.90000000001424,T02,STATION_EVENT,STOP_TARGET_ASSIGNED,1843.9983471594005,37.765343061587096,155.7993735166906,,,,,,
363.90000000001424,T02,STATION_EVENT,RECEIVE_ROUTE_ASSIGNED,1843.9983471594005,37.765343061587096,155.7993735166906,,,,,,
364.00000000001427,T02,STATION_EVENT,STOP_TARGET_ASSIGNED,1845.0487078355804,37.86062562337347,154.7516528405995,,,,,,
364.00000000001427,T02,STATION_EVENT,RECEIVE_ROUTE_ASSIGNED,1845.0487078355804,37.86062562337347,154.7516528405995,,,,,,
364.1000000000143,T02,STATION_EVENT,STOP_TARGET_ASSIGNED,1846.1013401476694,37.92890084702793,153.70129216441956,,,,,,
364.1000000000143,T02,STATION_EVENT,RECEIVE_ROUTE_ASSIGNED,1846.1013401476694,37.92890084702793,153.70129216441956,,,,,,
364.2000000000143,T02,STATION_EVENT,STOP_TARGET_ASSIGNED,1847.1557117759737,37.98585639088287,152.64865985233064,,,,,,
364.2000000000143,T02,STATION_EVENT,RECEIVE_ROUTE_ASSIGNED,1847.1557117759737,37.98585639088287,152.64865985233064,,,,,,
364.30000000001434,T02,STATION_EVENT,STOP_TARGET_ASSIGNED,1848.2114728555316,38.028941337278326,151.5942882240263,,,,,,
364.30000000001434,T02,STATION_EVENT,RECEIVE_ROUTE_ASSIGNED,1848.2114728555316,38.028941337278326,151.5942882240263,,,,,,
364.40000000001436,T02,STATION_EVENT,STOP_TARGET_ASSIGNED,1849.26852977347,38.07915675428119,150.5385271444684,,,,,,
364.40000000001436,T02,STATION_EVENT,RECEIVE_ROUTE_ASSIGNED,1849.26852977347,38.07915675428119,150.5385271444684,,,,,,
364.5000000000144,T02,STATION_EVENT,STOP_TARGET_ASSIGNED,1850.3266065102034,38.102368290522314,149.48147022653006,,,,,,
364.5000000000144,T02,STATION_EVENT,RECEIVE_ROUTE_ASSIGNED,1850.3266065102034,38.102368290522314,149.48147022653006,,,,,,
364.6000000000144,T02,STATION_EVENT,STOP_TARGET_ASSIGNED,1851.3851654621228,38.11387624767665,148.42339348979658,,,,,,
364.6000000000144,T02,STATION_EVENT,RECEIVE_ROUTE_ASSIGNED,1851.3851654621228,38.11387624767665,148.42339348979658,,,,,,
364.7000000000144,T02,STATION_EVENT,STOP_TARGET_ASSIGNED,1852.444041783746,38.125218909184035,147.3648345378772,,,,,,
364.7000000000144,T02,STATION_EVENT,RECEIVE_ROUTE_ASSIGNED,1852.444041783746,38.125218909184035,147.3648345378772,,,,,,
364.80000000001445,T02,STATION_EVENT,STOP_TARGET_ASSIGNED,1853.5032308837024,38.13639628768483,146.3059582162541,,,,,,
364.80000000001445,T02,STATION_EVENT,RECEIVE_ROUTE_ASSIGNED,1853.5032308837024,38.13639628768483,146.3059582162541,,,,,,
364.9000000000145,T02,STATION_EVENT,STOP_TARGET_ASSIGNED,1854.5627281709733,38.14740839582468,145.24676911629763,,,,,,
364.9000000000145,T02,STATION_EVENT,RECEIVE_ROUTE_ASSIGNED,1854.5627281709733,38.14740839582468,145.24676911629763,,,,,,
365.0000000000145,T02,STATION_EVENT,STOP_TARGET_ASSIGNED,1855.622529054891,38.15825524625439,144.1872718290267,,,,,,
365.0000000000145,T02,STATION_EVENT,RECEIVE_ROUTE_ASSIGNED,1855.622529054891,38.15825524625439,144.1872718290267,,,,,,
365.1000000000145,T02,STATION_EVENT,STOP_TARGET_ASSIGNED,1856.6826289451394,38.16893685162986,143.12747094510905,,,,,,
365.1000000000145,T02,STATION_EVENT,RECEIVE_ROUTE_ASSIGNED,1856.6826289451394,38.16893685162986,143.12747094510905,,,,,,
365.20000000001454,T02,STATION_EVENT,STOP_TARGET_ASSIGNED,1857.7430232517538,38.17945322461199,142.0673710548606,,,,,,
365.20000000001454,T02,STATION_EVENT,RECEIVE_ROUTE_ASSIGNED,1857.7430232517538,38.17945322461199,142.0673710548606,,,,,,
365.30000000001456,T02,STATION_EVENT,STOP_TARGET_ASSIGNED,1858.8037073851215,38.18980437786658,141.0069767482462,,,,,,
365.30000000001456,T02,STATION_EVENT,RECEIVE_ROUTE_ASSIGNED,1858.8037073851215,38.18980437786658,141.0069767482462,,,,,,
365.4000000000146,T02,STATION_EVENT,STOP_TARGET_ASSIGNED,1859.8646767559817,38.19999032406424,139.94629261487853,,,,,,
365.4000000000146,T02,STATION_EVENT,RECEIVE_ROUTE_ASSIGNED,1859.8646767559817,38.19999032406424,139.94629261487853,,,,,,
365.5000000000146,T02,STATION_EVENT,STOP_TARGET_ASSIGNED,1860.9259267754253,38.2100110758803,138.8853232440183,,,,,,
365.5000000000146,T02,STATION_EVENT,RECEIVE_ROUTE_ASSIGNED,1860.9259267754253,38.2100110758803,138.8853232440183,,,,,,
365.60000000001463,T02,STATION_EVENT,STOP_TARGET_ASSIGNED,1861.9874528548958,38.21986664599473,137.8240732245747,,,,,,
365.60000000001463,T02,STATION_EVENT,RECEIVE_ROUTE_ASSIGNED,1861.9874528548958,38.21986664599473,137.8240732245747,,,,,,
365.70000000001465,T02,STATION_EVENT,STOP_TARGET_ASSIGNED,1863.0492504061885,38.229557047091994,136.76254714510424,,,,,,
365.70000000001465,T02,STATION_EVENT,RECEIVE_ROUTE_ASSIGNED,1863.0492504061885,38.229557047091994,136.76254714510424,,,,,,
365.8000000000147,T02,STATION_EVENT,STOP_TARGET_ASSIGNED,1864.1113148414518,38.23908229186105,135.70074959381145,,,,,,
365.8000000000147,T02,STATION_EVENT,RECEIVE_ROUTE_ASSIGNED,1864.1113148414518,38.23908229186105,135.70074959381145,,,,,,
365.9000000000147,T02,STATION_EVENT,STOP_TARGET_ASSIGNED,1865.173641573186,38.248442392995194,134.63868515854824,,,,,,
365.9000000000147,T02,STATION_EVENT,RECEIVE_ROUTE_ASSIGNED,1865.173641573186,38.248442392995194,134.63868515854824,,,,,,
366.0000000000147,T02,STATION_EVENT,STOP_TARGET_ASSIGNED,1866.236226014244,38.25763736319196,133.57635842681407,,,,,,
366.0000000000147,T02,STATION_EVENT,RECEIVE_ROUTE_ASSIGNED,1866.236226014244,38.25763736319196,133.57635842681407,,,,,,
366.10000000001475,T02,STATION_EVENT,STOP_TARGET_ASSIGNED,1867.2990635778322,38.26666721515307,132.51377398575596,,,,,,
366.10000000001475,T02,STATION_EVENT,RECEIVE_ROUTE_ASSIGNED,1867.2990635778322,38.26666721515307,132.51377398575596,,,,,,
366.20000000001477,T02,STATION_EVENT,STOP_TARGET_ASSIGNED,1868.362149677509,38.27553196158433,131.45093642216784,,,,,,
366.20000000001477,T02,STATION_EVENT,RECEIVE_ROUTE_ASSIGNED,1868.362149677509,38.27553196158433,131.45093642216784,,,,,,
366.3000000000148,T02,STATION_EVENT,STOP_TARGET_ASSIGNED,1869.4254797271865,38.2842316151955,130.38785032249098,,,,,,
366.3000000000148,T02,STATION_EVENT,RECEIVE_ROUTE_ASSIGNED,1869.4254797271865,38.2842316151955,130.38785032249098,,,,,,
366.4000000000148,T02,STATION_EVENT,STOP_TARGET_ASSIGNED,1870.4890491411295,38.29276618870028,129.32452027281352,,,,,,
366.4000000000148,T02,STATION_EVENT,RECEIVE_ROUTE_ASSIGNED,1870.4890491411295,38.29276618870028,129.32452027281352,,,,,,
366.50000000001484,T02,STATION_EVENT,STOP_TARGET_ASSIGNED,1871.552480617367,38.27430010041052,128.2609508588705,,,,,,
366.50000000001484,T02,STATION_EVENT,RECEIVE_ROUTE_ASSIGNED,1871.552480617367,38.27430010041052,128.2609508588705,,,,,,
366.60000000001486,T02,STATION_EVENT,STOP_TARGET_ASSIGNED,1872.6152330028503,38.24387165438633,127.19751938263289,,,,,,
366.60000000001486,T02,STATION_EVENT,RECEIVE_ROUTE_ASSIGNED,1872.6152330028503,38.24387165438633,127.19751938263289,,,,,,
366.7000000000149,T02,STATION_EVENT,STOP_TARGET_ASSIGNED,1873.677133830123,38.212987909239864,126.13476699714965,,,,,,
366.7000000000149,T02,STATION_EVENT,RECEIVE_ROUTE_ASSIGNED,1873.677133830123,38.212987909239864,126.13476699714965,,,,,,
366.8000000000149,T02,STATION_EVENT,STOP_TARGET_ASSIGNED,1874.7385518088186,38.20910655684346,125.07286616987699,,,,,,
366.8000000000149,T02,STATION_EVENT,RECEIVE_ROUTE_ASSIGNED,1874.7385518088186,38.20910655684346,125.07286616987699,,,,,,
366.9000000000149,T02,STATION_EVENT,STOP_TARGET_ASSIGNED,1875.8000107003106,38.21593363058389,124.01144819118144,,,,,,
366.9000000000149,T02,STATION_EVENT,RECEIVE_ROUTE_ASSIGNED,1875.8000107003106,38.21593363058389,124.01144819118144,,,,,,
367.00000000001495,T02,STATION_EVENT,STOP_TARGET_ASSIGNED,1876.8616569419842,38.22259576991601,122.94998929968938,,,,,,
367.00000000001495,T02,STATION_EVENT,RECEIVE_ROUTE_ASSIGNED,1876.8616569419842,38.22259576991601,122.94998929968938,,,,,,
367.100000000015,T02,STATION_EVENT,STOP_TARGET_ASSIGNED,1877.9234859525047,38.229092987565444,121.88834305801583,,,,,,
367.100000000015,T02,STATION_EVENT,RECEIVE_ROUTE_ASSIGNED,1877.9234859525047,38.229092987565444,121.88834305801583,,,,,,
367.200000000015,T02,STATION_EVENT,STOP_TARGET_ASSIGNED,1878.9854931508912,38.23542529626048,120.82651404749527,,,,,,
367.200000000015,T02,STATION_EVENT,RECEIVE_ROUTE_ASSIGNED,1878.9854931508912,38.23542529626048,120.82651404749527,,,,,,
367.300000000015,T02,STATION_EVENT,STOP_TARGET_ASSIGNED,1880.0473211243273,38.216188791134265,119.76450684910878,,,,,,
367.300000000015,T02,STATION_EVENT,RECEIVE_ROUTE_ASSIGNED,1880.0473211243273,38.216188791134265,119.76450684910878,,,,,,
367.40000000001504,T02,STATION_EVENT,STOP_TARGET_ASSIGNED,1881.1083976600812,38.181321783151695,118.55267887567265,,,,,,
367.40000000001504,T02,STATION_EVENT,RECEIVE_ROUTE_ASSIGNED,1881.1083976600812,38.181321783151695,118.55267887567265,,,,,,
367.50000000001506,T02,STATION_EVENT,STOP_TARGET_ASSIGNED,1882.1682388821673,38.12724620704429,117.4916023399187,,,,,,
367.50000000001506,T02,STATION_EVENT,RECEIVE_ROUTE_ASSIGNED,1882.1682388821673,38.12724620704429,117.4916023399187,,,,,,
367.6000000000151,T02,STATION_EVENT,STOP_TARGET_ASSIGNED,1883.2263401753937,38.056046905264004,116.4317611178326,,,,,,
367.6000000000151,T02,STATION_EVENT,RECEIVE_ROUTE_ASSIGNED,1883.2263401753937,38.056046905264004,116.4317611178326,,,,,,
367.7000000000151,T02,STATION_EVENT,STOP_TARGET_ASSIGNED,1884.2822232200663,37.967532311160745,115.3736598246062,,,,,,
367.7000000000151,T02,STATION_EVENT,RECEIVE_ROUTE_ASSIGNED,1884.2822232200663,37.967532311160745,115.3736598246062,,,,,,
367.80000000001513,T02,STATION_EVENT,STOP_TARGET_ASSIGNED,1885.3354044516275,37.86151636124971,114.31777677993364,,,,,,
367.80000000001513,T02,STATION_EVENT,RECEIVE_ROUTE_ASSIGNED,1885.3354044516275,37.86151636124971,114.31777677993364,,,,,,
367.90000000001515,T02,STATION_EVENT,STOP_TARGET_ASSIGNED,1886.3853952242152,37.73781926507732,113.26459554837243,,,,,,
367.90000000001515,T02,STATION_EVENT,RECEIVE_ROUTE_ASSIGNED,1886.3853952242152,37.73781926507732,113.26459554837243,,,,,,
368.0000000000152,T02,STATION_EVENT,STOP_TARGET_ASSIGNED,1887.4317019889772,37.596267797780385,112.21460477578466,,,,,,
368.0000000000152,T02,STATION_EVENT,RECEIVE_ROUTE_ASSIGNED,1887.4317019889772,37.596267797780385,112.21460477578466,,,,,,
368.1000000000152,T02,STATION_EVENT,STOP_TARGET_ASSIGNED,1888.473826480615,37.43669560012609,111.16829801102267,,,,,,
368.1000000000152,T02,STATION_EVENT,RECEIVE_ROUTE_ASSIGNED,1888.473826480615,37.43669560012609,111.16829801102267,,,,,,
368.2000000000152,T02,STATION_EVENT,STOP_TARGET_ASSIGNED,1889.5112659123686,37.25894348613581,110.12617351938502,,,,,,
368.2000000000152,T02,STATION_EVENT,RECEIVE_ROUTE_ASSIGNED,1889.5112659123686,37.25894348613581,110.12617351938502,,,,,,
368.30000000001525,T02,STATION_EVENT,STOP_TARGET_ASSIGNED,1890.544142974256,37.10820496975161,109.08873408763134,,,,,,
368.30000000001525,T02,STATION_EVENT,RECEIVE_ROUTE_ASSIGNED,1890.544142974256,37.10820496975161,109.08873408763134,,,,,,
368.40000000001527,T02,STATION_EVENT,STOP_TARGET_ASSIGNED,1891.5724731383325,36.931566843769644,108.05585702574399,,,,,,
368.40000000001527,T02,STATION_EVENT,RECEIVE_ROUTE_ASSIGNED,1891.5724731383325,36.931566843769644,108.05585702574399,,,,,,
368.5000000000153,T02,STATION_EVENT,STOP_TARGET_ASSIGNED,1892.5959592138179,36.759430591179395,107.02752686166741,,,,,,
368.5000000000153,T02,STATION_EVENT,RECEIVE_ROUTE_ASSIGNED,1892.5959592138179,36.759430591179395,107.02752686166741,,,,,,
368.6000000000153,T02,STATION_EVENT,STOP_TARGET_ASSIGNED,1893.614288908286,36.56030741052028,106.00404078618203,,,,,,
368.6000000000153,T02,STATION_EVENT,RECEIVE_ROUTE_ASSIGNED,1893.614288908286,36.56030741052028,106.00404078618203,,,,,,
368.70000000001534,T02,STATION_EVENT,STOP_TARGET_ASSIGNED,1894.627462612739,36.38819931009441,104.98571109171394,,,,,,
368.70000000001534,T02,STATION_EVENT,RECEIVE_ROUTE_ASSIGNED,1894.627462612739,36.38819931009441,104.98571109171394,,,,,,
368.80000000001536,T02,STATION_EVENT,STOP_TARGET_ASSIGNED,1895.6354807171635,36.18910420846811,103.9725373872609,,,,,,
368.80000000001536,T02,STATION_EVENT,RECEIVE_ROUTE_ASSIGNED,1895.6354807171635,36.18910420846811,103.9725373872609,,,,,,
368.9000000000154,T02,STATION_EVENT,STOP_TARGET_ASSIGNED,1896.6376785987025,35.9691432623405,102.96451928283636,,,,,,
368.9000000000154,T02,STATION_EVENT,RECEIVE_ROUTE_ASSIGNED,1896.6376785987025,35.9691432623405,102.96451928283636,,,,,,
369.0000000000154,T02,STATION_EVENT,STOP_TARGET_ASSIGNED,1897.6341416833548,35.77619883262177,101.96232140129746,,,,,,
369.0000000000154,T02,STATION_EVENT,RECEIVE_ROUTE_ASSIGNED,1897.6341416833548,35.77619883262177,101.96232140129746,,,,,,
369.1000000000154,T02,STATION_EVENT,STOP_TARGET_ASSIGNED,1898.6252073541461,35.58052946436362,100.96585831664515,,,,,,
369.1000000000154,T02,STATION_EVENT,RECEIVE_ROUTE_ASSIGNED,1898.6252073541461,35.58052946436362,100.96585831664515,,,,,,
369.20000000001545,T02,STATION_EVENT,STOP_TARGET_ASSIGNED,1899.6112129675594,35.411874701381116,99.97479264585377,,,,,,
369.20000000001545,T02,STATION_EVENT,RECEIVE_ROUTE_ASSIGNED,1899.6112129675594,35.411874701381116,99.97479264585377,,,,,,
369.3000000000155,T02,STATION_EVENT,STOP_TARGET_ASSIGNED,1900.592158900816,35.21623249309703,98.98878703244054,,,,,,
369.3000000000155,T02,STATION_EVENT,RECEIVE_ROUTE_ASSIGNED,1900.592158900816,35.21623249309703,98.98878703244054,,,,,,
369.4000000000155,T02,STATION_EVENT,STOP_TARGET_ASSIGNED,1901.56729553001,34.99360480886738,98.0078410991839,,,,,,
369.4000000000155,T02,STATION_EVENT,RECEIVE_ROUTE_ASSIGNED,1901.56729553001,34.99360480886738,98.0078410991839,,,,,,
369.5000000000155,T02,STATION_EVENT,STOP_TARGET_ASSIGNED,1902.536623285693,34.79799360030306,97.03270446999,,,,,,
369.5000000000155,T02,STATION_EVENT,RECEIVE_ROUTE_ASSIGNED,1902.536623285693,34.79799360030306,97.03270446999,,,,,,
369.60000000001554,T02,STATION_EVENT,STOP_TARGET_ASSIGNED,1903.500447885473,34.59737758386811,96.06337671430697,,,,,,
369.60000000001554,T02,STATION_EVENT,RECEIVE_ROUTE_ASSIGNED,1903.500447885473,34.59737758386811,96.06337671430697,,,,,,
369.70000000001556,T02,STATION_EVENT,STOP_TARGET_ASSIGNED,1904.458325023073,34.369776323339806,95.09955211452689,,,,,,
369.70000000001556,T02,STATION_EVENT,RECEIVE_ROUTE_ASSIGNED,1904.458325023073,34.369776323339806,95.09955211452689,,,,,,
369.8000000000156,T02,STATION_EVENT,STOP_TARGET_ASSIGNED,1905.4102551351946,34.16919174941738,94.14167497692688,,,,,,
369.8000000000156,T02,STATION_EVENT,RECEIVE_ROUTE_ASSIGNED,1905.4102551351946,34.16919174941738,94.14167497692688,,,,,,
369.9000000000156,T02,STATION_EVENT,STOP_TARGET_ASSIGNED,1906.3562386571816,33.94162183365488,93.18974486480533,,,,,,
369.9000000000156,T02,STATION_EVENT,RECEIVE_ROUTE_ASSIGNED,1906.3562386571816,33.94162183365488,93.18974486480533,,,,,,
370.00000000001563,T02,STATION_EVENT,STOP_TARGET_ASSIGNED,1907.2962760228427,33.741068493935046,92.24376134281829,,,,,,
370.00000000001563,T02,STATION_EVENT,RECEIVE_ROUTE_ASSIGNED,1907.2962760228427,33.741068493935046,92.24376134281829,,,,,,
370.10000000001565,T02,STATION_EVENT,STOP_TARGET_ASSIGNED,1908.230630421543,33.53244821248997,91.30372397715723,,,,,,
370.10000000001565,T02,STATION_EVENT,RECEIVE_ROUTE_ASSIGNED,1908.230630421543,33.53244821248997,91.30372397715723,,,,,,
370.2000000000157,T02,STATION_EVENT,STOP_TARGET_ASSIGNED,1909.15881502213,33.296843029765846,90.36936957845683,,,,,,
370.2000000000157,T02,STATION_EVENT,RECEIVE_ROUTE_ASSIGNED,1909.15881502213,33.296843029765846,90.36936957845683,,,,,,
370.3000000000157,T02,STATION_EVENT,STOP_TARGET_ASSIGNED,1910.08083027033,33.08825484062722,89.44118497786985,,,,,,
370.3000000000157,T02,STATION_EVENT,RECEIVE_ROUTE_ASSIGNED,1910.08083027033,33.08825484062722,89.44118497786985,,,,,,
370.4000000000157,T02,STATION_EVENT,STOP_TARGET_ASSIGNED,1910.9966766104071,32.85268164493486,88.51916972967001,,,,,,
370.4000000000157,T02,STATION_EVENT,RECEIVE_ROUTE_ASSIGNED,1910.9966766104071,32.85268164493486,88.51916972967001,,,,,,
370.50000000001575,T02,STATION_EVENT,STOP_TARGET_ASSIGNED,1911.9063544849791,32.644125324258304,87.60332338959279,,,,,,
370.50000000001575,T02,STATION_EVENT,RECEIVE_ROUTE_ASSIGNED,1911.9063544849791,32.644125324258304,87.60332338959279,,,,,,
370.60000000001577,T02,STATION_EVENT,STOP_TARGET_ASSIGNED,1912.8100879190088,32.42468192587947,86.69364551502076,,,,,,
370.60000000001577,T02,STATION_EVENT,RECEIVE_ROUTE_ASSIGNED,1912.8100879190088,32.42468192587947,86.69364551502076,,,,,,
370.7000000000158,T02,STATION_EVENT,STOP_TARGET_ASSIGNED,1913.7081009199342,32.232254140753014,85.78991208099114,,,,,,
370.7000000000158,T02,STATION_EVENT,RECEIVE_ROUTE_ASSIGNED,1913.7081009199342,32.232254140753014,85.78991208099114,,,,,,
370.8000000000158,T02,STATION_EVENT,STOP_TARGET_ASSIGNED,1914.600393894149,32.01284000270515,84.89189908006574,,,,,,
370.8000000000158,T02,STATION_EVENT,RECEIVE_ROUTE_ASSIGNED,1914.600393894149,32.01284000270515,84.89189908006574,,,,,,
370.90000000001584,T02,STATION_EVENT,STOP_TARGET_ASSIGNED,1915.486217246623,31.766441375419866,83.99960610585094,,,,,,
370.90000000001584,T02,STATION_EVENT,RECEIVE_ROUTE_ASSIGNED,1915.486217246623,31.766441375419866,83.99960610585094,,,,,,
371.00000000001586,T02,STATION_EVENT,STOP_TARGET_ASSIGNED,1916.3655714338192,31.54706010271286,83.11378275337688,,,,,,
371.00000000001586,T02,STATION_EVENT,RECEIVE_ROUTE_ASSIGNED,1916.3655714338192,31.54706010271286,83.11378275337688,,,,,,
371.1000000000159,T02,STATION_EVENT,STOP_TARGET_ASSIGNED,1917.2386897868712,31.317461317032734,82.23442856618067,,,,,,
371.1000000000159,T02,STATION_EVENT,RECEIVE_ROUTE_ASSIGNED,1917.2386897868712,31.317461317032734,82.23442856618067,,,,,,
371.2000000000159,T02,STATION_EVENT,STOP_TARGET_ASSIGNED,1918.1058056188576,31.114878585986656,81.36131021312872,,,,,,
371.2000000000159,T02,STATION_EVENT,RECEIVE_ROUTE_ASSIGNED,1918.1058056188576,31.114878585986656,81.36131021312872,,,,,,
371.3000000000159,T02,STATION_EVENT,STOP_TARGET_ASSIGNED,1918.9669193488276,30.885309971843895,80.49419438114228,,,,,,
371.3000000000159,T02,STATION_EVENT,RECEIVE_ROUTE_ASSIGNED,1918.9669193488276,30.885309971843895,80.49419438114228,,,,,,
371.40000000001595,T02,STATION_EVENT,STOP_TARGET_ASSIGNED,1919.8220313942697,30.682757299990058,79.63308065117235,,,,,,
371.40000000001595,T02,STATION_EVENT,RECEIVE_ROUTE_ASSIGNED,1919.8220313942697,30.682757299990058,79.63308065117235,,,,,,
371.500000000016,T02,STATION_EVENT,STATION_LINE_OCCUPIED,1920.6712781047934,30.463005857715935,78.77796860573017,,,,,,
382.90000000001857,T02,STATION_STATE,final_approach,1975.131466887106,9.776537546064555,23.74016909329157,,,,,,
382.90000000001857,T02,EOA_UPDATE,STATION_STOP_TARGET,1975.131466887106,9.776537546064555,23.74016909329157,,,,,,
405.4000000000237,T02,STATION_STATE,aligned_stop,2000.0,0.0,-1.1480882163414208,,,,,,
405.4000000000237,T02,STATION_STATE,dwell_started,2000.0,0.0,-1.1480882163414208,,,,,,
405.4000000000237,T02,EOA_UPDATE,SAFETY_RESTRICTION,2000.0,0.0,-1.1480882163414208,,,,,,
480.6000000000408,T03,STATION_EVENT,STOP_TARGET_ASSIGNED,1808.1473310303065,25.41998215305705,190.13858445311485,,,,,,
480.6000000000408,T03,STATION_EVENT,RECEIVE_ROUTE_ASSIGNED,1808.1473310303065,25.41998215305705,190.13858445311485,,,,,,
480.7000000000408,T03,STATION_EVENT,STOP_TARGET_ASSIGNED,1808.8547111796288,25.511388598153673,189.39810762701495,,,,,,
480.7000000000408,T03,STATION_EVENT,RECEIVE_ROUTE_ASSIGNED,1808.8547111796288,25.511388598153673,189.39810762701495,,,,,,
480.8000000000408,T03,STATION_EVENT,STOP_TARGET_ASSIGNED,1809.565005316515,25.629789257660526,188.65535847022647,,,,,,
480.8000000000408,T03,STATION_EVENT,RECEIVE_ROUTE_ASSIGNED,1809.565005316515,25.629789257660526,188.65535847022647,,,,,,
480.90000000004085,T03,STATION_EVENT,STOP_TARGET_ASSIGNED,1810.2789632563322,25.775182409172526,187.90954962649607,,,,,,
480.90000000004085,T03,STATION_EVENT,RECEIVE_ROUTE_ASSIGNED,1810.2789632563322,25.775182409172526,187.90954962649607,,,,,,
481.00000000004087,T03,STATION_EVENT,STOP_TARGET_ASSIGNED,1810.9973347664559,25.947566319740428,187.15989378968789,,,,,,
481.00000000004087,T03,STATION_EVENT,RECEIVE_ROUTE_ASSIGNED,1810.9973347664559,25.947566319740428,187.15989378968789,,,,,,
481.1000000000409,T03,STATION_EVENT,STOP_TARGET_ASSIGNED,1811.7208695659444,26.14693924344385,186.40560370405797,,,,,,
481.1000000000409,T03,STATION_EVENT,RECEIVE_ROUTE_ASSIGNED,1811.7208695659444,26.14693924344385,186.40560370405797,,,,,,
481.2000000000409,T03,STATION_EVENT,STOP_TARGET_ASSIGNED,1812.4503173251446,26.373299418965008,185.64589216459512,,,,,,
481.2000000000409,T03,STATION_EVENT,RECEIVE_ROUTE_ASSIGNED,1812.4503173251446,26.373299418965008,185.64589216459512,,,,,,
481.30000000004094,T03,STATION_EVENT,STOP_TARGET_ASSIGNED,1813.1864276652298,26.62664506716311,184.87997201743497,,,,,,
481.30000000004094,T03,STATION_EVENT,RECEIVE_ROUTE_ASSIGNED,1813.1864276652298,26.62664506716311,184.87997201743497,,,,,,
481.40000000004096,T03,STATION_EVENT,STOP_TARGET_ASSIGNED,1813.9299501576716,26.90697438864948,184.10705616034556,,,,,,
481.40000000004096,T03,STATION_EVENT,RECEIVE_ROUTE_ASSIGNED,1813.9299501576716,26.90697438864948,184.10705616034556,,,,,,
481.500000000041,T03,STATION_EVENT,STOP_TARGET_ASSIGNED,1814.681634323644,27.214285561363365,183.32635754328157,,,,,,
481.500000000041,T03,STATION_EVENT,RECEIVE_ROUTE_ASSIGNED,1814.681634323644,27.214285561363365,183.32635754328157,,,,,,
481.600000000041,T03,STATION_EVENT,STOP_TARGET_ASSIGNED,1815.4422296333594,27.5485767381485,182.53708916901064,,,,,,
481.600000000041,T03,STATION_EVENT,RECEIVE_ROUTE_ASSIGNED,1815.4422296333594,27.5485767381485,182.53708916901064,,,,,,
481.70000000004103,T03,STATION_EVENT,STOP_TARGET_ASSIGNED,1816.2124421203594,27.906722325853607,181.7384640938094,,,,,,
481.70000000004103,T03,STATION_EVENT,RECEIVE_ROUTE_ASSIGNED,1816.2124421203594,27.906722325853607,181.7384640938094,,,,,,
481.80000000004105,T03,STATION_EVENT,STOP_TARGET_ASSIGNED,1816.9925977004611,28.26447944148337,180.93755787964074,,,,,,
481.80000000004105,T03,STATION_EVENT,RECEIVE_ROUTE_ASSIGNED,1816.9925977004611,28.26447944148337,180.93755787964074,,,,,,
481.9000000000411,T03,STATION_EVENT,STOP_TARGET_ASSIGNED,1817.7826855866501,28.6218483641158,180.15740229953894,,,,,,
481.9000000000411,T03,STATION_EVENT,RECEIVE_ROUTE_ASSIGNED,1817.7826855866501,28.6218483641158,180.15740229953894,,,,,,
482.0000000000411,T03,STATION_EVENT,STOP_TARGET_ASSIGNED,1818.5826949996656,28.978829372989168,179.36731441334996,,,,,,
482.0000000000411,T03,STATION_EVENT,RECEIVE_ROUTE_ASSIGNED,1818.5826949996656,28.978829372989168,179.36731441334996,,,,,,
482.1000000000411,T03,STATION_EVENT,STOP_TARGET_ASSIGNED,1819.3926151680057,29.33542274750093,178.5673050003345,,,,,,
482.1000000000411,T03,STATION_EVENT,RECEIVE_ROUTE_ASSIGNED,1819.3926151680057,29.33542274750093,178.5673050003345,,,,,,
482.20000000004114,T03,STATION_EVENT,STOP_TARGET_ASSIGNED,1820.212435327932,29.69162876720656,177.7573848319944,,,,,,
482.20000000004114,T03,STATION_EVENT,RECEIVE_ROUTE_ASSIGNED,1820.212435327932,29.69162876720656,177.7573848319944,,,,,,
482.30000000004117,T03,STATION_EVENT,STOP_TARGET_ASSIGNED,1821.0421447234742,30.047447711818453,176.937564672068,,,,,,
482.30000000004117,T03,STATION_EVENT,RECEIVE_ROUTE_ASSIGNED,1821.0421447234742,30.047447711818453,176.937564672068,,,,,,
482.4000000000412,T03,STATION_EVENT,STOP_TARGET_ASSIGNED,1821.881732606433,30.402879861204823,176.10785527652592,,,,,,
482.4000000000412,T03,STATION_EVENT,RECEIVE_ROUTE_ASSIGNED,1821.881732606433,30.402879861204823,176.10785527652592,,,,,,
482.5000000000412,T03,STATION_EVENT,STOP_TARGET_ASSIGNED,1822.7311882363856,30.75792549538858,175.26826739356716,,,,,,
482.5000000000412,T03,STATION_EVENT,RECEIVE_ROUTE_ASSIGNED,1822.7311882363856,30.75792549538858,175.26826739356716,,,,,,
482.60000000004123,T03,STATION_EVENT,STOP_TARGET_ASSIGNED,1823.5905008806903,31.11258489454621,174.41881176361449,,,,,,
482.60000000004123,T03,STATION_EVENT,RECEIVE_ROUTE_ASSIGNED,1823.5905008806903,31.11258489454621,174.41881176361449,,,,,,
482.70000000004126,T03,STATION_EVENT,STOP_TARGET_ASSIGNED,1824.4596598144897,31.466858339006688,173.55949911930975,,,,,,
482.70000000004126,T03,STATION_EVENT,RECEIVE_ROUTE_ASSIGNED,1824.4596598144897,31.466858339006688,173.55949911930975,,,,,,
482.8000000000413,T03,STATION_EVENT,STOP_TARGET_ASSIGNED,1825.3386543207155,31.82074610925037,172.69034018551042,,,,,,
482.8000000000413,T03,STATION_EVENT,RECEIVE_ROUTE_ASSIGNED,1825.3386543207155,31.82074610925037,172.69034018551042,,,,,,
482.9000000000413,T03,STATION_EVENT,STOP_TARGET_ASSIGNED,1826.2274736900927,32.174248485907874,171.8113456792846,,,,,,
482.9000000000413,T03,STATION_EVENT,RECEIVE_ROUTE_ASSIGNED,1826.2274736900927,32.174248485907874,171.8113456792846,,,,,,
483.0000000000413,T03,STATION_EVENT,STOP_TARGET_ASSIGNED,1827.1261072211437,32.52736574975899,170.92252630990743,,,,,,
483.0000000000413,T03,STATION_EVENT,RECEIVE_ROUTE_ASSIGNED,1827.1261072211437,32.52736574975899,170.92252630990743,,,,,,
483.10000000004135,T03,STATION_EVENT,STOP_TARGET_ASSIGNED,1828.0345442201922,32.88009818173159,170.0238927788564,,,,,,
483.10000000004135,T03,STATION_EVENT,RECEIVE_ROUTE_ASSIGNED,1828.0345442201922,32.88009818173159,170.0238927788564,,,,,,
483.20000000004137,T03,STATION_EVENT,STOP_TARGET_ASSIGNED,1828.9527740013675,33.232446062900515,169.11545577980792,,,,,,
483.20000000004137,T03,STATION_EVENT,RECEIVE_ROUTE_ASSIGNED,1828.9527740013675,33.232446062900515,169.11545577980792,,,,,,
483.3000000000414,T03,STATION_EVENT,STOP_TARGET_ASSIGNED,1829.880785886609,33.58440967448649,168.19722599863258,,,,,,
483.3000000000414,T03,STATION_EVENT,RECEIVE_ROUTE_ASSIGNED,1829.880785886609,33.58440967448649,168.19722599863258,,,,,,
483.4000000000414,T03,STATION_EVENT,STOP_TARGET_ASSIGNED,1830.8185692056693,33.93598929785502,167.26921411339117,,,,,,
483.4000000000414,T03,STATION_EVENT,RECEIVE_ROUTE_ASSIGNED,1830.8185692056693,33.93598929785502,167.26921411339117,,,,,,
483.50000000004144,T03,STATION_EVENT,STOP_TARGET_ASSIGNED,1831.7661132961189,34.287185214515326,166.3314307943308,,,,,,
483.50000000004144,T03,STATION_EVENT,RECEIVE_ROUTE_ASSIGNED,1831.7661132961189,34.287185214515326,166.3314307943308,,,,,,
483.60000000004146,T03,STATION_EVENT,STOP_TARGET_ASSIGNED,1832.72340750335,34.63799770611922,165.38388670388122,,,,,,
483.60000000004146,T03,STATION_EVENT,RECEIVE_ROUTE_ASSIGNED,1832.72340750335,34.63799770611922,165.38388670388122,,,,,,
483.7000000000415,T03,STATION_EVENT,STOP_TARGET_ASSIGNED,1833.6901255101077,34.96569878043157,164.42659249665007,,,,,,
483.7000000000415,T03,STATION_EVENT,RECEIVE_ROUTE_ASSIGNED,1833.6901255101077,34.96569878043157,164.42659249665007,,,,,,
483.8000000000415,T03,STATION_EVENT,STOP_TARGET_ASSIGNED,1834.665570989189,35.266375713425155,163.4598744898924,,,,,,
483.8000000000415,T03,STATION_EVENT,RECEIVE_ROUTE_ASSIGNED,1834.665570989189,35.266375713425155,163.4598744898924,,,,,,
483.90000000004153,T03,STATION_EVENT,STOP_TARGET_ASSIGNED,1835.6497432961946,35.59403039096787,162.48442901081103,,,,,,
483.90000000004153,T03,STATION_EVENT,RECEIVE_ROUTE_ASSIGNED,1835.6497432961946,35.59403039096787,162.48442901081103,,,,,,
484.00000000004155,T03,STATION_EVENT,STOP_TARGET_ASSIGNED,1836.6426417835949,35.89466070185049,161.50025670380546,,,,,,
484.00000000004155,T03,STATION_EVENT,RECEIVE_ROUTE_ASSIGNED,1836.6426417835949,35.89466070185049,161.50025670380546,,,,,,
484.1000000000416,T03,STATION_EVENT,STOP_TARGET_ASSIGNED,1837.6435158009936,36.168268550856986,160.50735821640524,,,,,,
484.1000000000416,T03,STATION_EVENT,RECEIVE_ROUTE_ASSIGNED,1837.6435158009936,36.168268550856986,160.50735821640524,,,,,,
484.2000000000416,T03,STATION_EVENT,STOP_TARGET_ASSIGNED,1838.6518069995639,36.42869774620267,159.50648419900654,,,,,,
484.2000000000416,T03,STATION_EVENT,RECEIVE_ROUTE_ASSIGNED,1838.6518069995639,36.42869774620267,159.50648419900654,,,,,,
484.3000000000416,T03,STATION_EVENT,STOP_TARGET_ASSIGNED,1839.6669570699694,36.66210732298789,158.49819300043623,,,,,,
484.3000000000416,T03,STATION_EVENT,RECEIVE_ROUTE_ASSIGNED,1839.6669570699694,36.66210732298789,158.49819300043623,,,,,,
484.40000000004164,T03,STATION_EVENT,STOP_TARGET_ASSIGNED,1840.6882547943114,36.871328829640376,157.4830429300307,,,,,,
484.40000000004164,T03,STATION_EVENT,RECEIVE_ROUTE_ASSIGNED,1840.6882547943114,36.871328829640376,157.4830429300307,,,,,,
484.50000000004167,T03,STATION_EVENT,STOP_TARGET_ASSIGNED,1841.714989006757,37.05353446644218,156.46174520568866,,,,,,
484.50000000004167,T03,STATION_EVENT,RECEIVE_ROUTE_ASSIGNED,1841.714989006757,37.05353446644218,156.46174520568866,,,,,,
484.6000000000417,T03,STATION_EVENT,STOP_TARGET_ASSIGNED,1842.746742356258,37.232706697631,155.43501099324317,,,,,,
484.6000000000417,T03,STATION_EVENT,RECEIVE_ROUTE_ASSIGNED,1842.746742356258,37.232706697631,155.43501099324317,,,,,,
484.7000000000417,T03,STATION_EVENT,STOP_TARGET_ASSIGNED,1843.7830975223824,37.38486526332975,154.4032576437421,,,,,,
484.7000000000417,T03,STATION_EVENT,RECEIVE_ROUTE_ASSIGNED,1843.7830975223824,37.38486526332975,154.4032576437421,,,,,,
484.80000000004173,T03,STATION_EVENT,STOP_TARGET_ASSIGNED,1844.8233346121679,37.51220520122012,153.3669024776177,,,,,,
484.80000000004173,T03,STATION_EVENT,RECEIVE_ROUTE_ASSIGNED,1844.8233346121679,37.51220520122012,153.3669024776177,,,,,,
484.90000000004176,T03,STATION_EVENT,STOP_TARGET_ASSIGNED,1845.8667337869579,37.612535383663605,152.32666538783224,,,,,,
484.90000000004176,T03,STATION_EVENT,RECEIVE_ROUTE_ASSIGNED,1845.8667337869579,37.612535383663605,152.32666538783224,,,,,,
485.0000000000418,T03,STATION_EVENT,STOP_TARGET_ASSIGNED,1846.9128656875635,37.70896145994016,151.28326621304222,,,,,,
485.0000000000418,T03,STATION_EVENT,RECEIVE_ROUTE_ASSIGNED,1846.9128656875635,37.70896145994016,151.28326621304222,,,,,,
485.1000000000418,T03,STATION_EVENT,STOP_TARGET_ASSIGNED,1847.9616828263718,37.80587253425368,150.23713431243664,,,,,,
485.1000000000418,T03,STATION_EVENT,RECEIVE_ROUTE_ASSIGNED,1847.9616828263718,37.80587253425368,150.23713431243664,,,,,,
485.2000000000418,T03,STATION_EVENT,STOP_TARGET_ASSIGNED,1849.0128168358892,37.87577615099977,149.18831717362832,,,,,,
485.2000000000418,T03,STATION_EVENT,RECEIVE_ROUTE_ASSIGNED,1849.0128168358892,37.87577615099977,149.18831717362832,,,,,,
485.30000000004185,T03,STATION_EVENT,STOP_TARGET_ASSIGNED,1850.0657352081762,37.93434665366758,148.13718316411087,,,,,,
485.30000000004185,T03,STATION_EVENT,RECEIVE_ROUTE_ASSIGNED,1850.0657352081762,37.93434665366758,148.13718316411087,,,,,,
485.40000000004187,T03,STATION_EVENT,STOP_TARGET_ASSIGNED,1851.12008789,37.97904643764639,147.0842647918239,,,,,,
485.40000000004187,T03,STATION_EVENT,RECEIVE_ROUTE_ASSIGNED,1851.12008789,37.97904643764639,147.0842647918239,,,,,,
485.5000000000419,T03,STATION_EVENT,STOP_TARGET_ASSIGNED,1852.1757812651067,38.0308765700362,146.02991211000017,,,,,,
485.5000000000419,T03,STATION_EVENT,RECEIVE_ROUTE_ASSIGNED,1852.1757812651067,38.0308765700362,146.02991211000017,,,,,,
485.6000000000419,T03,STATION_EVENT,STOP_TARGET_ASSIGNED,1853.2329161688265,38.0828364977792,144.97421873489338,,,,,,
485.6000000000419,T03,STATION_EVENT,RECEIVE_ROUTE_ASSIGNED,1853.2329161688265,38.0828364977792,144.97421873489338,,,,,,
485.70000000004194,T03,STATION_EVENT,STOP_TARGET_ASSIGNED,1854.2911193480982,38.107792409778604,143.9170838311736,,,,,,
485.70000000004194,T03,STATION_EVENT,RECEIVE_ROUTE_ASSIGNED,1854.2911193480982,38.107792409778604,143.9170838311736,,,,,,
485.80000000004196,T03,STATION_EVENT,STOP_TARGET_ASSIGNED,1855.3498529953035,38.121030189004784,142.85888065190193,,,,,,
485.80000000004196,T03,STATION_EVENT,RECEIVE_ROUTE_ASSIGNED,1855.3498529953035,38.121030189004784,142.85888065190193,,,,,,
485.900000000042,T03,STATION_EVENT,STOP_TARGET_ASSIGNED,1856.4089520609662,38.134102538703,141.80014700469656,,,,,,
485.900000000042,T03,STATION_EVENT,RECEIVE_ROUTE_ASSIGNED,1856.4089520609662,38.134102538703,141.80014700469656,,,,,,
486.000000000042,T03,STATION_EVENT,STOP_TARGET_ASSIGNED,1857.4684119499964,38.14700947147803,140.74104793903393,,,,,,
486.000000000042,T03,STATION_EVENT,RECEIVE_ROUTE_ASSIGNED,1857.4684119499964,38.14700947147803,140.74104793903393,,,,,,
486.10000000004203,T03,STATION_EVENT,STOP_TARGET_ASSIGNED,1858.528228067655,38.159750999940904,139.6815880500037,,,,,,
486.10000000004203,T03,STATION_EVENT,RECEIVE_ROUTE_ASSIGNED,1858.528228067655,38.159750999940904,139.6815880500037,,,,,,
486.20000000004205,T03,STATION_EVENT,STOP_TARGET_ASSIGNED,1859.588395819553,38.172327136708795,138.62177193234515,,,,,,
486.20000000004205,T03,STATION_EVENT,RECEIVE_ROUTE_ASSIGNED,1859.588395819553,38.172327136708795,138.62177193234515,,,,,,
486.3000000000421,T03,STATION_EVENT,STOP_TARGET_ASSIGNED,1860.6489106116517,38.184737894404904,137.56160418044715,,,,,,
486.3000000000421,T03,STATION_EVENT,RECEIVE_ROUTE_ASSIGNED,1860.6489106116517,38.184737894404904,137.56160418044715,,,,,,
486.4000000000421,T03,STATION_EVENT,STOP_TARGET_ASSIGNED,1861.7097678502637,38.196983285658405,136.50108938834842,,,,,,
486.4000000000421,T03,STATION_EVENT,RECEIVE_ROUTE_ASSIGNED,1861.7097678502637,38.196983285658405,136.50108938834842,,,,,,
486.5000000000421,T03,STATION_EVENT,STOP_TARGET_ASSIGNED,1862.7709629420522,38.209063323104324,135.4402321497364,,,,,,
486.5000000000421,T03,STATION_EVENT,RECEIVE_ROUTE_ASSIGNED,1862.7709629420522,38.209063323104324,135.4402321497364,,,,,,
486.60000000004214,T03,STATION_EVENT,STOP_TARGET_ASSIGNED,1863.8324912940311,38.22097801938347,134.37903705794793,,,,,,
486.60000000004214,T03,STATION_EVENT,RECEIVE_ROUTE_ASSIGNED,1863.8324912940311,38.22097801938347,134.37903705794793,,,,,,
486.70000000004217,T03,STATION_EVENT,STOP_TARGET_ASSIGNED,1864.8943483135663,38.23272738714233,133.31750870596898,,,,,,
486.70000000004217,T03,STATION_EVENT,RECEIVE_ROUTE_ASSIGNED,1864.8943483135663,38.23272738714233,133.31750870596898,,,,,,
486.8000000000422,T03,STATION_EVENT,STOP_TARGET_ASSIGNED,1865.9565294083743,38.24431143903296,132.2556516864338,,,,,,
486.8000000000422,T03,STATION_EVENT,RECEIVE_ROUTE_ASSIGNED,1865.9565294083743,38.24431143903296,132.2556516864338,,,,,,
486.9000000000422,T03,STATION_EVENT,STOP_TARGET_ASSIGNED,1867.0190299865235,38.255730187712935,131.19347059162578,,,,,,
486.9000000000422,T03,STATION_EVENT,RECEIVE_ROUTE_ASSIGNED,1867.0190299865235,38.255730187712935,131.19347059162578,,,,,,
487.00000000004223,T03,STATION_EVENT,STOP_TARGET_ASSIGNED,1868.081845456434,38.266983645845215,130.1309700134766,,,,,,
487.00000000004223,T03,STATION_EVENT,RECEIVE_ROUTE_ASSIGNED,1868.081845456434,38.266983645845215,130.1309700134766,,,,,,
487.10000000004226,T03,STATION_EVENT,STOP_TARGET_ASSIGNED,1869.1449712268775,38.27807182609808,129.06815454356615,,,,,,
487.10000000004226,T03,STATION_EVENT,RECEIVE_ROUTE_ASSIGNED,1869.1449712268775,38.27807182609808,129.06815454356615,,,,,,
487.2000000000423,T03,STATION_EVENT,STOP_TARGET_ASSIGNED,1870.2084027069782,38.288994741145025,128.0050287731226,,,,,,
487.2000000000423,T03,STATION_EVENT,RECEIVE_ROUTE_ASSIGNED,1870.2084027069782,38.288994741145025,128.0050287731226,,,,,,
487.3000000000423,T03,STATION_EVENT,STOP_TARGET_ASSIGNED,1871.2721353062116,38.29975240366467,126.94159729302191,,,,,,
487.3000000000423,T03,STATION_EVENT,RECEIVE_ROUTE_ASSIGNED,1871.2721353062116,38.29975240366467,126.94159729302191,,,,,,
487.4000000000423,T03,STATION_EVENT,STOP_TARGET_ASSIGNED,1872.335791717817,38.28350923193507,125.87786469378852,,,,,,
487.4000000000423,T03,STATION_EVENT,RECEIVE_ROUTE_ASSIGNED,1872.335791717817,38.28350923193507,125.87786469378852,,,,,,
487.50000000004235,T03,STATION_EVENT,STOP_TARGET_ASSIGNED,1873.398830526614,38.25528500143874,124.81420828218302,,,,,,
487.50000000004235,T03,STATION_EVENT,RECEIVE_ROUTE_ASSIGNED,1873.398830526614,38.25528500143874,124.81420828218302,,,,,,
487.60000000004237,T03,STATION_EVENT,STOP_TARGET_ASSIGNED,1874.4610790030408,38.22660530129454,123.7511694733862,,,,,,
487.60000000004237,T03,STATION_EVENT,RECEIVE_ROUTE_ASSIGNED,1874.4610790030408,38.22660530129454,123.7511694733862,,,,,,
487.7000000000424,T03,STATION_EVENT,STOP_TARGET_ASSIGNED,1875.5225244956407,38.19747016590451,122.68892099695927,,,,,,
487.7000000000424,T03,STATION_EVENT,RECEIVE_ROUTE_ASSIGNED,1875.5225244956407,38.19747016590451,122.68892099695927,,,,,,
487.8000000000424,T03,STATION_EVENT,STOP_TARGET_ASSIGNED,1876.583535710268,38.19533728725856,121.62747550435938,,,,,,
487.8000000000424,T03,STATION_EVENT,RECEIVE_ROUTE_ASSIGNED,1876.583535710268,38.19533728725856,121.62747550435938,,,,,,
487.90000000004244,T03,STATION_EVENT,STOP_TARGET_ASSIGNED,1877.6446241760568,38.20303224953666,120.56646428973204,,,,,,
487.90000000004244,T03,STATION_EVENT,RECEIVE_ROUTE_ASSIGNED,1877.6446241760568,38.20303224953666,120.56646428973204,,,,,,
488.00000000004246,T03,STATION_EVENT,STOP_TARGET_ASSIGNED,1878.705551382521,38.18372661588966,119.50537582394327,,,,,,
488.00000000004246,T03,STATION_EVENT,RECEIVE_ROUTE_ASSIGNED,1878.705551382521,38.18372661588966,119.50537582394327,,,,,,
488.1000000000425,T03,STATION_EVENT,STOP_TARGET_ASSIGNED,1879.765637189079,38.14245145628609,118.44444861747911,,,,,,
488.1000000000425,T03,STATION_EVENT,RECEIVE_ROUTE_ASSIGNED,1879.765637189079,38.14245145628609,118.44444861747911,,,,,,
488.2000000000425,T03,STATION_EVENT,STOP_TARGET_ASSIGNED,1880.8243404195696,38.08418113903755,117.38436281092117,,,,,,
488.2000000000425,T03,STATION_EVENT,RECEIVE_ROUTE_ASSIGNED,1880.8243404195696,38.08418113903755,117.38436281092117,,,,,,
488.30000000004253,T03,STATION_EVENT,STOP_TARGET_ASSIGNED,1881.8816401288798,38.0413979312988,117.07565958043051,,,,,,
488.30000000004253,T03,STATION_EVENT,RECEIVE_ROUTE_ASSIGNED,1881.8816401288798,38.0413979312988,117.07565958043051,,,,,,
488.40000000004255,T03,STATION_EVENT,STOP_TARGET_ASSIGNED,1882.9373764616805,37.971618030359245,116.01835987112031,,,,,,
488.40000000004255,T03,STATION_EVENT,RECEIVE_ROUTE_ASSIGNED,1882.9373764616805,37.971618030359245,116.01835987112031,,,,,,
488.5000000000426,T03,STATION_EVENT,STOP_TARGET_ASSIGNED,1883.990845403503,37.87814578087098,114.96262353831958,,,,,,
488.5000000000426,T03,STATION_EVENT,RECEIVE_ROUTE_ASSIGNED,1883.990845403503,37.87814578087098,114.96262353831958,,,,,,
488.6000000000426,T03,STATION_EVENT,STOP_TARGET_ASSIGNED,1885.0414741229763,37.76712202119719,113.90915459649705,,,,,,
488.6000000000426,T03,STATION_EVENT,RECEIVE_ROUTE_ASSIGNED,1885.0414741229763,37.76712202119719,113.90915459649705,,,,,,
488.7000000000426,T03,STATION_EVENT,STOP_TARGET_ASSIGNED,1886.0887726296266,37.63837045762523,112.8585258770238,,,,,,
488.7000000000426,T03,STATION_EVENT,RECEIVE_ROUTE_ASSIGNED,1886.0887726296266,37.63837045762523,112.8585258770238,,,,,,
488.80000000004264,T03,STATION_EVENT,STOP_TARGET_ASSIGNED,1887.132246109478,37.49172009167442,111.81122737037344,,,,,,
488.80000000004264,T03,STATION_EVENT,RECEIVE_ROUTE_ASSIGNED,1887.132246109478,37.49172009167442,111.81122737037344,,,,,,
488.90000000004267,T03,STATION_EVENT,STOP_TARGET_ASSIGNED,1888.1713950952674,37.32700688516213,110.76775389052204,,,,,,
488.90000000004267,T03,STATION_EVENT,RECEIVE_ROUTE_ASSIGNED,1888.1713950952674,37.32700688516213,110.76775389052204,,,,,,
489.0000000000427,T03,STATION_EVENT,STOP_TARGET_ASSIGNED,1889.2063438893679,37.189306290074526,109.72860490473272,,,,,,
489.0000000000427,T03,STATION_EVENT,RECEIVE_ROUTE_ASSIGNED,1889.2063438893679,37.189306290074526,109.72860490473272,,,,,,
489.1000000000427,T03,STATION_EVENT,STOP_TARGET_ASSIGNED,1890.2371119002753,37.02599049525976,108.69365611063222,,,,,,
489.1000000000427,T03,STATION_EVENT,RECEIVE_ROUTE_ASSIGNED,1890.2371119002753,37.02599049525976,108.69365611063222,,,,,,
489.20000000004273,T03,STATION_EVENT,STOP_TARGET_ASSIGNED,1891.2634060544997,36.86718860889239,107.6628880997248,,,,,,
489.20000000004273,T03,STATION_EVENT,RECEIVE_ROUTE_ASSIGNED,1891.2634060544997,36.86718860889239,107.6628880997248,,,,,,
489.30000000004276,T03,STATION_EVENT,STOP_TARGET_ASSIGNED,1892.2849142129521,36.68139879968896,106.63659394550041,,,,,,
489.30000000004276,T03,STATION_EVENT,RECEIVE_ROUTE_ASSIGNED,1892.2849142129521,36.68139879968896,106.63659394550041,,,,,,
489.4000000000428,T03,STATION_EVENT,STOP_TARGET_ASSIGNED,1893.3016367391222,36.522623084561076,105.61508578704797,,,,,,
489.4000000000428,T03,STATION_EVENT,RECEIVE_ROUTE_ASSIGNED,1893.3016367391222,36.522623084561076,105.61508578704797,,,,,,
489.5000000000428,T03,STATION_EVENT,STOP_TARGET_ASSIGNED,1894.3135739956274,36.336859383817064,104.59836326087793,,,,,,
489.5000000000428,T03,STATION_EVENT,RECEIVE_ROUTE_ASSIGNED,1894.3135739956274,36.336859383817064,104.59836326087793,,,,,,
489.6000000000428,T03,STATION_EVENT,STOP_TARGET_ASSIGNED,1895.3200677554482,36.130691323281646,103.5864260043727,,,,,,
489.6000000000428,T03,STATION_EVENT,RECEIVE_ROUTE_ASSIGNED,1895.3200677554482,36.130691323281646,103.5864260043727,,,,,,
489.70000000004285,T03,STATION_EVENT,STOP_TARGET_ASSIGNED,1896.3212098402007,35.951538778903,102.57993224455186,,,,,,
489.70000000004285,T03,STATION_EVENT,RECEIVE_ROUTE_ASSIGNED,1896.3212098402007,35.951538778903,102.57993224455186,,,,,,
489.80000000004287,T03,STATION_EVENT,STOP_TARGET_ASSIGNED,1897.3170067243286,35.745836878305084,101.57879015979938,,,,,,
489.80000000004287,T03,STATION_EVENT,RECEIVE_ROUTE_ASSIGNED,1897.3170067243286,35.745836878305084,101.57879015979938,,,,,,
489.9000000000429,T03,STATION_EVENT,STOP_TARGET_ASSIGNED,1898.3071626711114,35.54539129006022,100.58299327567147,,,,,,
489.9000000000429,T03,STATION_EVENT,RECEIVE_ROUTE_ASSIGNED,1898.3071626711114,35.54539129006022,100.58299327567147,,,,,,
490.0000000000429,T03,STATION_EVENT,STOP_TARGET_ASSIGNED,1899.2921258925887,35.3719606563066,99.59283732888866,,,,,,
490.0000000000429,T03,STATION_EVENT,RECEIVE_ROUTE_ASSIGNED,1899.2921258925887,35.3719606563066,99.59283732888866,,,,,,
490.10000000004294,T03,STATION_EVENT,STOP_TARGET_ASSIGNED,1900.2718967756698,35.17154292553699,98.60787410741136,,,,,,
490.10000000004294,T03,STATION_EVENT,RECEIVE_ROUTE_ASSIGNED,1900.2718967756698,35.17154292553699,98.60787410741136,,,,,,
490.20000000004296,T03,STATION_EVENT,STOP_TARGET_ASSIGNED,1901.245725706079,34.94414006392624,97.62810322433029,,,,,,
490.20000000004296,T03,STATION_EVENT,RECEIVE_ROUTE_ASSIGNED,1901.245725706079,34.94414006392624,97.62810322433029,,,,,,
490.300000000043,T03,STATION_EVENT,STOP_TARGET_ASSIGNED,1902.213613123904,34.74375401947506,96.65427429392116,,,,,,
490.300000000043,T03,STATION_EVENT,RECEIVE_ROUTE_ASSIGNED,1902.213613123904,34.74375401947506,96.65427429392116,,,,,,
490.400000000043,T03,STATION_EVENT,STOP_TARGET_ASSIGNED,1903.1758597150426,34.538000542511355,95.6863868760961,,,,,,
490.400000000043,T03,STATION_EVENT,RECEIVE_ROUTE_ASSIGNED,1903.1758597150426,34.538000542511355,95.6863868760961,,,,,,
490.50000000004303,T03,STATION_EVENT,STOP_TARGET_ASSIGNED,1904.1327661418322,34.35926218634262,94.72414028495746,,,,,,
490.50000000004303,T03,STATION_EVENT,RECEIVE_ROUTE_ASSIGNED,1904.1327661418322,34.35926218634262,94.72414028495746,,,,,,
490.60000000004305,T03,STATION_EVENT,STOP_TARGET_ASSIGNED,1905.0843327961904,34.15353692745162,93.76723385816786,,,,,,
490.60000000004305,T03,STATION_EVENT,RECEIVE_ROUTE_ASSIGNED,1905.0843327961904,34.15353692745162,93.76723385816786,,,,,,
490.7000000000431,T03,STATION_EVENT,STOP_TARGET_ASSIGNED,1906.0298100687855,33.92082669939653,92.81566720380965,,,,,,
490.7000000000431,T03,STATION_EVENT,RECEIVE_ROUTE_ASSIGNED,1906.0298100687855,33.92082669939653,92.81566720380965,,,,,,
490.8000000000431,T03,STATION_EVENT,STOP_TARGET_ASSIGNED,1906.9691984037368,33.715133417088694,91.87018993121455,,,,,,
490.8000000000431,T03,STATION_EVENT,RECEIVE_ROUTE_ASSIGNED,1906.9691984037368,33.715133417088694,91.87018993121455,,,,,,
490.9000000000431,T03,STATION_EVENT,STOP_TARGET_ASSIGNED,1907.9027592198197,33.50124534088774,90.93080159626334,,,,,,
490.9000000000431,T03,STATION_EVENT,RECEIVE_ROUTE_ASSIGNED,1907.9027592198197,33.50124534088774,90.93080159626334,,,,,,
491.00000000004314,T03,STATION_EVENT,STOP_TARGET_ASSIGNED,1908.830753915358,33.314372737870535,89.99724078018039,,,,,,
491.00000000004314,T03,STATION_EVENT,RECEIVE_ROUTE_ASSIGNED,1908.830753915358,33.314372737870535,89.99724078018039,,,,,,
491.10000000004317,T03,STATION_EVENT,STOP_TARGET_ASSIGNED,1909.7531828924405,33.10051361206581,89.06924608464215,,,,,,
491.10000000004317,T03,STATION_EVENT,RECEIVE_ROUTE_ASSIGNED,1909.7531828924405,33.10051361206581,89.06924608464215,,,,,,
491.2000000000432,T03,STATION_EVENT,STOP_TARGET_ASSIGNED,1910.669296551804,32.85966986212467,88.14681710755963,,,,,,
491.2000000000432,T03,STATION_EVENT,RECEIVE_ROUTE_ASSIGNED,1910.669296551804,32.85966986212467,88.14681710755963,,,,,,
491.3000000000432,T03,STATION_EVENT,STOP_TARGET_ASSIGNED,1911.5790953466576,32.645843367324744,87.23070344819598,,,,,,
491.3000000000432,T03,STATION_EVENT,RECEIVE_ROUTE_ASSIGNED,1911.5790953466576,32.645843367324744,87.23070344819598,,,,,,
491.40000000004324,T03,STATION_EVENT,STOP_TARGET_ASSIGNED,1912.4827999311124,32.4208867134122,86.3209046533425,,,,,,
491.40000000004324,T03,STATION_EVENT,RECEIVE_ROUTE_ASSIGNED,1912.4827999311124,32.4208867134122,86.3209046533425,,,,,,
491.50000000004326,T03,STATION_EVENT,STOP_TARGET_ASSIGNED,1913.3806309419203,32.222946064756925,85.41720006888772,,,,,,
491.50000000004326,T03,STATION_EVENT,RECEIVE_ROUTE_ASSIGNED,1913.3806309419203,32.222946064756925,85.41720006888772,,,,,,
491.6000000000433,T03,STATION_EVENT,STOP_TARGET_ASSIGNED,1914.2725887963297,31.998019452714463,84.51936905807975,,,,,,
491.6000000000433,T03,STATION_EVENT,RECEIVE_ROUTE_ASSIGNED,1914.2725887963297,31.998019452714463,84.51936905807975,,,,,,
491.7000000000433,T03,STATION_EVENT,STOP_TARGET_ASSIGNED,1915.158673910091,31.80010873810575,83.62741120367036,,,,,,
491.7000000000433,T03,STATION_EVENT,RECEIVE_ROUTE_ASSIGNED,1915.158673910091,31.80010873810575,83.62741120367036,,,,,,
491.8000000000433,T03,STATION_EVENT,STOP_TARGET_ASSIGNED,1916.038886697634,31.575211965001568,82.74132608990908,,,,,,
491.8000000000433,T03,STATION_EVENT,RECEIVE_ROUTE_ASSIGNED,1916.038886697634,31.575211965001568,82.74132608990908,,,,,,
491.90000000004335,T03,STATION_EVENT,STOP_TARGET_ASSIGNED,1916.9127065237408,31.3398155146739,81.861113302366,,,,,,
491.90000000004335,T03,STATION_EVENT,RECEIVE_ROUTE_ASSIGNED,1916.9127065237408,31.3398155146739,81.861113302366,,,,,,
492.00000000004337,T03,STATION_EVENT,STOP_TARGET_ASSIGNED,1917.7803627882638,31.13143553098541,80.98729347625931,,,,,,
492.00000000004337,T03,STATION_EVENT,RECEIVE_ROUTE_ASSIGNED,1917.7803627882638,31.13143553098541,80.98729347625931,,,,,,
492.1000000000434,T03,STATION_EVENT,STOP_TARGET_ASSIGNED,1918.6418559216481,30.896070072684278,80.11963721173629,,,,,,
492.1000000000434,T03,STATION_EVENT,RECEIVE_ROUTE_ASSIGNED,1918.6418559216481,30.896070072684278,80.11963721173629,,,,,,
492.2000000000434,T03,STATION_EVENT,STOP_TARGET_ASSIGNED,1919.4971863526966,30.687720962803237,79.25814407835196,,,,,,
492.2000000000434,T03,STATION_EVENT,RECEIVE_ROUTE_ASSIGNED,1919.4971863526966,30.687720962803237,79.25814407835196,,,,,,
492.30000000004344,T03,STATION_EVENT,STATION_LINE_OCCUPIED,1920.346483665297,30.461685544423904,78.40281364730345,,,,,,
503.9000000000461,T03,STATION_STATE,final_approach,1975.1242413988743,9.794280282343864,23.047887447119365,,,,,,
503.9000000000461,T03,EOA_UPDATE,STATION_STOP_TARGET,1975.1242413988743,9.794280282343864,23.047887447119365,,,,,,
526.6000000000512,T03,STATION_STATE,aligned_stop,2000.0,0.0,-1.1485804943342828,,,,,,
526.6000000000512,T03,STATION_STATE,dwell_started,2000.0,0.0,-1.1485804943342828,,,,,,
526.6000000000512,T03,EOA_UPDATE,SAFETY_RESTRICTION,2000.0,0.0,-1.1485804943342828,,,,,,
540.5000000000543,T04,STATION_EVENT,STOP_TARGET_ASSIGNED,1662.9886706264488,0.0,334.4113293735513,,,,,,
540.5000000000543,T04,STATION_EVENT,RECEIVE_ROUTE_ASSIGNED,1662.9886706264488,0.0,334.4113293735513,,,,,,
540.6000000000544,T04,STATION_EVENT,STOP_TARGET_ASSIGNED,1662.9886706264488,0.0,334.4113293735513,,,,,,
540.6000000000544,T04,STATION_EVENT,RECEIVE_ROUTE_ASSIGNED,1662.9886706264488,0.0,334.4113293735513,,,,,,
540.7000000000544,T04,STATION_EVENT,STOP_TARGET_ASSIGNED,1662.9886706264488,0.0,334.4113293735513,,,,,,
540.7000000000544,T04,STATION_EVENT,RECEIVE_ROUTE_ASSIGNED,1662.9886706264488,0.0,334.4113293735513,,,,,,
540.8000000000544,T04,STATION_EVENT,STOP_TARGET_ASSIGNED,1662.9886706264488,0.0,334.4113293735513,,,,,,
540.8000000000544,T04,STATION_EVENT,RECEIVE_ROUTE_ASSIGNED,1662.9886706264488,0.0,334.4113293735513,,,,,,
540.9000000000544,T04,STATION_EVENT,STOP_TARGET_ASSIGNED,1662.9886706264488,0.0,334.4113293735513,,,,,,
540.9000000000544,T04,STATION_EVENT,RECEIVE_ROUTE_ASSIGNED,1662.9886706264488,0.0,334.4113293735513,,,,,,
541.0000000000545,T04,STATION_EVENT,STOP_TARGET_ASSIGNED,1662.9886706264488,0.0,334.4113293735513,,,,,,
541.0000000000545,T04,STATION_EVENT,RECEIVE_ROUTE_ASSIGNED,1662.9886706264488,0.0,334.4113293735513,,,,,,
541.1000000000545,T04,STATION_EVENT,STOP_TARGET_ASSIGNED,1662.9886706264488,0.0,334.4113293735513,,,,,,
541.1000000000545,T04,STATION_EVENT,RECEIVE_ROUTE_ASSIGNED,1662.9886706264488,0.0,334.4113293735513,,,,,,
541.2000000000545,T04,STATION_EVENT,STOP_TARGET_ASSIGNED,1662.9886706264488,0.0,334.4113293735513,,,,,,
541.2000000000545,T04,STATION_EVENT,RECEIVE_ROUTE_ASSIGNED,1662.9886706264488,0.0,334.4113293735513,,,,,,
541.3000000000545,T04,STATION_EVENT,STOP_TARGET_ASSIGNED,1662.9886706264488,0.0,334.4113293735513,,,,,,
541.3000000000545,T04,STATION_EVENT,RECEIVE_ROUTE_ASSIGNED,1662.9886706264488,0.0,334.4113293735513,,,,,,
541.4000000000545,T04,STATION_EVENT,STOP_TARGET_ASSIGNED,1662.9886706264488,0.0,334.4113293735513,,,,,,
541.4000000000545,T04,STATION_EVENT,RECEIVE_ROUTE_ASSIGNED,1662.9886706264488,0.0,334.4113293735513,,,,,,
541.5000000000546,T04,STATION_EVENT,STOP_TARGET_ASSIGNED,1662.9886706264488,0.0,334.4113293735513,,,,,,
541.5000000000546,T04,STATION_EVENT,RECEIVE_ROUTE_ASSIGNED,1662.9886706264488,0.0,334.4113293735513,,,,,,
541.6000000000546,T04,STATION_EVENT,STOP_TARGET_ASSIGNED,1662.9886706264488,0.0,334.4113293735513,,,,,,
541.6000000000546,T04,STATION_EVENT,RECEIVE_ROUTE_ASSIGNED,1662.9886706264488,0.0,334.4113293735513,,,,,,
541.7000000000546,T04,STATION_EVENT,STOP_TARGET_ASSIGNED,1662.9886706264488,0.0,334.4113293735513,,,,,,
541.7000000000546,T04,STATION_EVENT,RECEIVE_ROUTE_ASSIGNED,1662.9886706264488,0.0,334.4113293735513,,,,,,
541.8000000000546,T04,STATION_EVENT,STOP_TARGET_ASSIGNED,1662.9886706264488,0.0,334.4113293735513,,,,,,
541.8000000000546,T04,STATION_EVENT,RECEIVE_ROUTE_ASSIGNED,1662.9886706264488,0.0,334.4113293735513,,,,,,
541.9000000000547,T04,STATION_EVENT,STOP_TARGET_ASSIGNED,1662.9886706264488,0.0,334.4113293735513,,,,,,
541.9000000000547,T04,STATION_EVENT,RECEIVE_ROUTE_ASSIGNED,1662.9886706264488,0.0,334.4113293735513,,,,,,
542.0000000000547,T04,STATION_EVENT,STOP_TARGET_ASSIGNED,1662.9886706264488,0.0,334.4113293735513,,,,,,
542.0000000000547,T04,STATION_EVENT,RECEIVE_ROUTE_ASSIGNED,1662.9886706264488,0.0,334.4113293735513,,,,,,
542.1000000000547,T04,STATION_EVENT,STOP_TARGET_ASSIGNED,1662.9886706264488,0.0,334.4113293735513,,,,,,
542.1000000000547,T04,STATION_EVENT,RECEIVE_ROUTE_ASSIGNED,1662.9886706264488,0.0,334.4113293735513,,,,,,
542.2000000000547,T04,STATION_EVENT,STOP_TARGET_ASSIGNED,1662.9886706264488,0.0,334.4113293735513,,,,,,
542.2000000000547,T04,STATION_EVENT,RECEIVE_ROUTE_ASSIGNED,1662.9886706264488,0.0,334.4113293735513,,,,,,
542.3000000000548,T04,STATION_EVENT,STOP_TARGET_ASSIGNED,1662.9886706264488,0.0,334.4113293735513,,,,,,
542.3000000000548,T04,STATION_EVENT,RECEIVE_ROUTE_ASSIGNED,1662.9886706264488,0.0,334.4113293735513,,,,,,
542.4000000000548,T04,STATION_EVENT,STOP_TARGET_ASSIGNED,1662.9886706264488,0.0,334.4113293735513,,,,,,
542.4000000000548,T04,STATION_EVENT,RECEIVE_ROUTE_ASSIGNED,1662.9886706264488,0.0,334.4113293735513,,,,,,
542.5000000000548,T04,STATION_EVENT,STOP_TARGET_ASSIGNED,1662.9886706264488,0.0,334.4113293735513,,,,,,
542.5000000000548,T04,STATION_EVENT,RECEIVE_ROUTE_ASSIGNED,1662.9886706264488,0.0,334.4113293735513,,,,,,
542.6000000000548,T04,STATION_EVENT,STOP_TARGET_ASSIGNED,1662.9886706264488,0.0,334.4113293735513,,,,,,
542.6000000000548,T04,STATION_EVENT,RECEIVE_ROUTE_ASSIGNED,1662.9886706264488,0.0,334.4113293735513,,,,,,
542.7000000000548,T04,STATION_EVENT,STOP_TARGET_ASSIGNED,1662.9886706264488,0.0,334.4113293735513,,,,,,
542.7000000000548,T04,STATION_EVENT,RECEIVE_ROUTE_ASSIGNED,1662.9886706264488,0.0,334.4113293735513,,,,,,
542.8000000000549,T04,STATION_EVENT,STOP_TARGET_ASSIGNED,1662.9886706264488,0.0,334.4113293735513,,,,,,
542.8000000000549,T04,STATION_EVENT,RECEIVE_ROUTE_ASSIGNED,1662.9886706264488,0.0,334.4113293735513,,,,,,
542.9000000000549,T04,STATION_EVENT,STOP_TARGET_ASSIGNED,1662.9886706264488,0.0,334.4113293735513,,,,,,
542.9000000000549,T04,STATION_EVENT,RECEIVE_ROUTE_ASSIGNED,1662.9886706264488,0.0,334.4113293735513,,,,,,
543.0000000000549,T04,STATION_EVENT,STOP_TARGET_ASSIGNED,1662.9886706264488,0.0,334.4113293735513,,,,,,
543.0000000000549,T04,STATION_EVENT,RECEIVE_ROUTE_ASSIGNED,1662.9886706264488,0.0,334.4113293735513,,,,,,
543.1000000000549,T04,STATION_EVENT,STOP_TARGET_ASSIGNED,1662.9886706264488,0.0,334.4113293735513,,,,,,
543.1000000000549,T04,STATION_EVENT,RECEIVE_ROUTE_ASSIGNED,1662.9886706264488,0.0,334.4113293735513,,,,,,
543.200000000055,T04,STATION_EVENT,STOP_TARGET_ASSIGNED,1662.9886706264488,0.0,334.4113293735513,,,,,,
543.200000000055,T04,STATION_EVENT,RECEIVE_ROUTE_ASSIGNED,1662.9886706264488,0.0,334.4113293735513,,,,,,
543.300000000055,T04,STATION_EVENT,STOP_TARGET_ASSIGNED,1662.9886706264488,0.0,334.4113293735513,,,,,,
543.300000000055,T04,STATION_EVENT,RECEIVE_ROUTE_ASSIGNED,1662.9886706264488,0.0,334.4113293735513,,,,,,
543.400000000055,T04,STATION_EVENT,STOP_TARGET_ASSIGNED,1662.9886706264488,0.0,334.4113293735513,,,,,,
543.400000000055,T04,STATION_EVENT,RECEIVE_ROUTE_ASSIGNED,1662.9886706264488,0.0,334.4113293735513,,,,,,
543.500000000055,T04,STATION_EVENT,STOP_TARGET_ASSIGNED,1662.9886706264488,0.0,334.4113293735513,,,,,,
543.500000000055,T04,STATION_EVENT,RECEIVE_ROUTE_ASSIGNED,1662.9886706264488,0.0,334.4113293735513,,,,,,
543.600000000055,T04,STATION_EVENT,STOP_TARGET_ASSIGNED,1662.9886706264488,0.0,334.4113293735513,,,,,,
543.600000000055,T04,STATION_EVENT,RECEIVE_ROUTE_ASSIGNED,1662.9886706264488,0.0,334.4113293735513,,,,,,
543.7000000000551,T04,STATION_EVENT,STOP_TARGET_ASSIGNED,1662.9886706264488,0.0,334.4113293735513,,,,,,
543.7000000000551,T04,STATION_EVENT,RECEIVE_ROUTE_ASSIGNED,1662.9886706264488,0.0,334.4113293735513,,,,,,
543.8000000000551,T04,STATION_EVENT,STOP_TARGET_ASSIGNED,1662.9886706264488,0.0,334.4113293735513,,,,,,
543.8000000000551,T04,STATION_EVENT,RECEIVE_ROUTE_ASSIGNED,1662.9886706264488,0.0,334.4113293735513,,,,,,
543.9000000000551,T04,STATION_EVENT,STOP_TARGET_ASSIGNED,1662.9886706264488,0.0,334.4113293735513,,,,,,
543.9000000000551,T04,STATION_EVENT,RECEIVE_ROUTE_ASSIGNED,1662.9886706264488,0.0,334.4113293735513,,,,,,
544.0000000000551,T04,STATION_EVENT,STOP_TARGET_ASSIGNED,1662.9886706264488,0.0,334.4113293735513,,,,,,
544.0000000000551,T04,STATION_EVENT,RECEIVE_ROUTE_ASSIGNED,1662.9886706264488,0.0,334.4113293735513,,,,,,
544.1000000000552,T04,STATION_EVENT,STOP_TARGET_ASSIGNED,1662.9886706264488,0.0,334.4113293735513,,,,,,
544.1000000000552,T04,STATION_EVENT,RECEIVE_ROUTE_ASSIGNED,1662.9886706264488,0.0,334.4113293735513,,,,,,
544.2000000000552,T04,STATION_EVENT,STOP_TARGET_ASSIGNED,1662.9886706264488,0.0,334.4113293735513,,,,,,
544.2000000000552,T04,STATION_EVENT,RECEIVE_ROUTE_ASSIGNED,1662.9886706264488,0.0,334.4113293735513,,,,,,
544.3000000000552,T04,STATION_EVENT,STOP_TARGET_ASSIGNED,1662.9886706264488,0.0,334.4113293735513,,,,,,
544.3000000000552,T04,STATION_EVENT,RECEIVE_ROUTE_ASSIGNED,1662.9886706264488,0.0,334.4113293735513,,,,,,
544.4000000000552,T04,STATION_EVENT,STOP_TARGET_ASSIGNED,1662.9886706264488,0.0,334.4113293735513,,,,,,
544.4000000000552,T04,STATION_EVENT,RECEIVE_ROUTE_ASSIGNED,1662.9886706264488,0.0,334.4113293735513,,,,,,
544.5000000000553,T04,STATION_EVENT,STOP_TARGET_ASSIGNED,1662.9886706264488,0.0,334.4113293735513,,,,,,
544.5000000000553,T04,STATION_EVENT,RECEIVE_ROUTE_ASSIGNED,1662.9886706264488,0.0,334.4113293735513,,,,,,
544.6000000000553,T04,STATION_EVENT,STOP_TARGET_ASSIGNED,1662.9886706264488,0.0,334.4113293735513,,,,,,
544.6000000000553,T04,STATION_EVENT,RECEIVE_ROUTE_ASSIGNED,1662.9886706264488,0.0,334.4113293735513,,,,,,
544.7000000000553,T04,STATION_EVENT,STOP_TARGET_ASSIGNED,1662.9886706264488,0.0,334.4113293735513,,,,,,
544.7000000000553,T04,STATION_EVENT,RECEIVE_ROUTE_ASSIGNED,1662.9886706264488,0.0,334.4113293735513,,,,,,
544.8000000000553,T04,STATION_EVENT,STOP_TARGET_ASSIGNED,1662.9886706264488,0.0,334.4113293735513,,,,,,
544.8000000000553,T04,STATION_EVENT,RECEIVE_ROUTE_ASSIGNED,1662.9886706264488,0.0,334.4113293735513,,,,,,
544.9000000000553,T04,STATION_EVENT,STOP_TARGET_ASSIGNED,1662.9886706264488,0.0,334.4113293735513,,,,,,
544.9000000000553,T04,STATION_EVENT,RECEIVE_ROUTE_ASSIGNED,1662.9886706264488,0.0,334.4113293735513,,,,,,
545.0000000000554,T04,STATION_EVENT,STOP_TARGET_ASSIGNED,1662.9886706264488,0.0,334.4113293735513,,,,,,
545.0000000000554,T04,STATION_EVENT,RECEIVE_ROUTE_ASSIGNED,1662.9886706264488,0.0,334.4113293735513,,,,,,
545.1000000000554,T04,STATION_EVENT,STOP_TARGET_ASSIGNED,1662.9886706264488,0.0,334.4113293735513,,,,,,
545.1000000000554,T04,STATION_EVENT,RECEIVE_ROUTE_ASSIGNED,1662.9886706264488,0.0,334.4113293735513,,,,,,
545.2000000000554,T04,STATION_EVENT,STOP_TARGET_ASSIGNED,1662.9886706264488,0.0,334.4113293735513,,,,,,
545.2000000000554,T04,STATION_EVENT,RECEIVE_ROUTE_ASSIGNED,1662.9886706264488,0.0,334.4113293735513,,,,,,
545.3000000000554,T04,STATION_EVENT,STOP_TARGET_ASSIGNED,1662.9886706264488,0.0,334.4113293735513,,,,,,
545.3000000000554,T04,STATION_EVENT,RECEIVE_ROUTE_ASSIGNED,1662.9886706264488,0.0,334.4113293735513,,,,,,
545.4000000000555,T04,STATION_EVENT,STOP_TARGET_ASSIGNED,1662.9886706264488,0.0,334.4113293735513,,,,,,
545.4000000000555,T04,STATION_EVENT,RECEIVE_ROUTE_ASSIGNED,1662.9886706264488,0.0,334.4113293735513,,,,,,
545.5000000000555,T04,STATION_EVENT,STOP_TARGET_ASSIGNED,1662.9886706264488,0.0,334.4113293735513,,,,,,
545.5000000000555,T04,STATION_EVENT,RECEIVE_ROUTE_ASSIGNED,1662.9886706264488,0.0,334.4113293735513,,,,,,
545.6000000000555,T04,STATION_EVENT,STOP_TARGET_ASSIGNED,1662.9886706264488,0.0,334.4113293735513,,,,,,
545.6000000000555,T04,STATION_EVENT,RECEIVE_ROUTE_ASSIGNED,1662.9886706264488,0.0,334.4113293735513,,,,,,
545.7000000000555,T04,STATION_EVENT,STOP_TARGET_ASSIGNED,1662.9886706264488,0.0,334.4113293735513,,,,,,
545.7000000000555,T04,STATION_EVENT,RECEIVE_ROUTE_ASSIGNED,1662.9886706264488,0.0,334.4113293735513,,,,,,
545.8000000000555,T04,STATION_EVENT,STOP_TARGET_ASSIGNED,1662.9886706264488,0.0,334.4113293735513,,,,,,
545.8000000000555,T04,STATION_EVENT,RECEIVE_ROUTE_ASSIGNED,1662.9886706264488,0.0,334.4113293735513,,,,,,
545.9000000000556,T04,STATION_EVENT,STOP_TARGET_ASSIGNED,1662.9886706264488,0.0,334.4113293735513,,,,,,
545.9000000000556,T04,STATION_EVENT,RECEIVE_ROUTE_ASSIGNED,1662.9886706264488,0.0,334.4113293735513,,,,,,
546.0000000000556,T04,STATION_EVENT,STOP_TARGET_ASSIGNED,1662.9886706264488,0.0,334.4113293735513,,,,,,
546.0000000000556,T04,STATION_EVENT,RECEIVE_ROUTE_ASSIGNED,1662.9886706264488,0.0,334.4113293735513,,,,,,
546.1000000000556,T04,STATION_EVENT,STOP_TARGET_ASSIGNED,1662.9886706264488,0.0,334.4113293735513,,,,,,
546.1000000000556,T04,STATION_EVENT,RECEIVE_ROUTE_ASSIGNED,1662.9886706264488,0.0,334.4113293735513,,,,,,
546.2000000000556,T04,STATION_EVENT,STOP_TARGET_ASSIGNED,1662.9886706264488,0.0,334.4113293735513,,,,,,
546.2000000000556,T04,STATION_EVENT,RECEIVE_ROUTE_ASSIGNED,1662.9886706264488,0.0,334.4113293735513,,,,,,
546.3000000000557,T04,STATION_EVENT,STOP_TARGET_ASSIGNED,1662.9886706264488,0.0,334.4113293735513,,,,,,
546.3000000000557,T04,STATION_EVENT,RECEIVE_ROUTE_ASSIGNED,1662.9886706264488,0.0,334.4113293735513,,,,,,
546.4000000000557,T04,STATION_EVENT,STOP_TARGET_ASSIGNED,1662.9886706264488,0.0,334.4113293735513,,,,,,
546.4000000000557,T04,STATION_EVENT,RECEIVE_ROUTE_ASSIGNED,1662.9886706264488,0.0,334.4113293735513,,,,,,
546.5000000000557,T04,STATION_EVENT,STOP_TARGET_ASSIGNED,1662.9886706264488,0.0,334.4113293735513,,,,,,
546.5000000000557,T04,STATION_EVENT,RECEIVE_ROUTE_ASSIGNED,1662.9886706264488,0.0,334.4113293735513,,,,,,
546.6000000000557,T04,STATION_EVENT,STOP_TARGET_ASSIGNED,1662.9886706264488,0.0,334.4113293735513,,,,,,
546.6000000000557,T04,STATION_EVENT,RECEIVE_ROUTE_ASSIGNED,1662.9886706264488,0.0,334.4113293735513,,,,,,
546.7000000000558,T04,STATION_EVENT,STOP_TARGET_ASSIGNED,1662.9886706264488,0.0,334.4113293735513,,,,,,
546.7000000000558,T04,STATION_EVENT,RECEIVE_ROUTE_ASSIGNED,1662.9886706264488,0.0,334.4113293735513,,,,,,
546.8000000000558,T04,STATION_EVENT,STOP_TARGET_ASSIGNED,1662.9886706264488,0.0,334.4113293735513,,,,,,
546.8000000000558,T04,STATION_EVENT,RECEIVE_ROUTE_ASSIGNED,1662.9886706264488,0.0,334.4113293735513,,,,,,
546.9000000000558,T04,STATION_EVENT,STOP_TARGET_ASSIGNED,1662.9886706264488,0.0,334.4113293735513,,,,,,
546.9000000000558,T04,STATION_EVENT,RECEIVE_ROUTE_ASSIGNED,1662.9886706264488,0.0,334.4113293735513,,,,,,
547.0000000000558,T04,STATION_EVENT,STOP_TARGET_ASSIGNED,1662.9886706264488,0.0,334.4113293735513,,,,,,
547.0000000000558,T04,STATION_EVENT,RECEIVE_ROUTE_ASSIGNED,1662.9886706264488,0.0,334.4113293735513,,,,,,
547.1000000000558,T04,STATION_EVENT,STOP_TARGET_ASSIGNED,1662.9886706264488,0.0,334.4113293735513,,,,,,
547.1000000000558,T04,STATION_EVENT,RECEIVE_ROUTE_ASSIGNED,1662.9886706264488,0.0,334.4113293735513,,,,,,
547.2000000000559,T04,STATION_EVENT,STOP_TARGET_ASSIGNED,1662.9886706264488,0.0,334.4113293735513,,,,,,
547.2000000000559,T04,STATION_EVENT,RECEIVE_ROUTE_ASSIGNED,1662.9886706264488,0.0,334.4113293735513,,,,,,
547.3000000000559,T04,STATION_EVENT,STOP_TARGET_ASSIGNED,1662.9886706264488,0.0,334.4113293735513,,,,,,
547.3000000000559,T04,STATION_EVENT,RECEIVE_ROUTE_ASSIGNED,1662.9886706264488,0.0,334.4113293735513,,,,,,
547.4000000000559,T04,STATION_EVENT,STOP_TARGET_ASSIGNED,1662.9886706264488,0.0,334.4113293735513,,,,,,
547.4000000000559,T04,STATION_EVENT,RECEIVE_ROUTE_ASSIGNED,1662.9886706264488,0.0,334.4113293735513,,,,,,
547.5000000000559,T04,STATION_EVENT,STOP_TARGET_ASSIGNED,1662.9886706264488,0.0,334.4113293735513,,,,,,
547.5000000000559,T04,STATION_EVENT,RECEIVE_ROUTE_ASSIGNED,1662.9886706264488,0.0,334.4113293735513,,,,,,
547.600000000056,T04,STATION_EVENT,STOP_TARGET_ASSIGNED,1662.9886706264488,0.0,334.4113293735513,,,,,,
547.600000000056,T04,STATION_EVENT,RECEIVE_ROUTE_ASSIGNED,1662.9886706264488,0.0,334.4113293735513,,,,,,
547.700000000056,T04,STATION_EVENT,STOP_TARGET_ASSIGNED,1662.9886706264488,0.0,334.4113293735513,,,,,,
547.700000000056,T04,STATION_EVENT,RECEIVE_ROUTE_ASSIGNED,1662.9886706264488,0.0,334.4113293735513,,,,,,
547.800000000056,T04,STATION_EVENT,STOP_TARGET_ASSIGNED,1662.9886706264488,0.0,334.4113293735513,,,,,,
547.800000000056,T04,STATION_EVENT,RECEIVE_ROUTE_ASSIGNED,1662.9886706264488,0.0,334.4113293735513,,,,,,
547.900000000056,T04,STATION_EVENT,STOP_TARGET_ASSIGNED,1662.9886706264488,0.0,334.4113293735513,,,,,,
547.900000000056,T04,STATION_EVENT,RECEIVE_ROUTE_ASSIGNED,1662.9886706264488,0.0,334.4113293735513,,,,,,
548.000000000056,T04,STATION_EVENT,STOP_TARGET_ASSIGNED,1662.9886706264488,0.0,334.4113293735513,,,,,,
548.000000000056,T04,STATION_EVENT,RECEIVE_ROUTE_ASSIGNED,1662.9886706264488,0.0,334.4113293735513,,,,,,
548.1000000000561,T04,STATION_EVENT,STOP_TARGET_ASSIGNED,1662.9886706264488,0.0,334.4113293735513,,,,,,
548.1000000000561,T04,STATION_EVENT,RECEIVE_ROUTE_ASSIGNED,1662.9886706264488,0.0,334.4113293735513,,,,,,
548.2000000000561,T04,STATION_EVENT,STOP_TARGET_ASSIGNED,1662.9886706264488,0.0,334.4113293735513,,,,,,
548.2000000000561,T04,STATION_EVENT,RECEIVE_ROUTE_ASSIGNED,1662.9886706264488,0.0,334.4113293735513,,,,,,
548.3000000000561,T04,STATION_EVENT,STOP_TARGET_ASSIGNED,1662.9886706264488,0.0,334.4113293735513,,,,,,
548.3000000000561,T04,STATION_EVENT,RECEIVE_ROUTE_ASSIGNED,1662.9886706264488,0.0,334.4113293735513,,,,,,
548.4000000000561,T04,STATION_EVENT,STOP_TARGET_ASSIGNED,1662.9886706264488,0.0,334.4113293735513,,,,,,
548.4000000000561,T04,STATION_EVENT,RECEIVE_ROUTE_ASSIGNED,1662.9886706264488,0.0,334.4113293735513,,,,,,
548.5000000000562,T04,STATION_EVENT,STOP_TARGET_ASSIGNED,1662.9886706264488,0.0,334.4113293735513,,,,,,
548.5000000000562,T04,STATION_EVENT,RECEIVE_ROUTE_ASSIGNED,1662.9886706264488,0.0,334.4113293735513,,,,,,
548.6000000000562,T04,STATION_EVENT,STOP_TARGET_ASSIGNED,1662.9886706264488,0.0,334.4113293735513,,,,,,
548.6000000000562,T04,STATION_EVENT,RECEIVE_ROUTE_ASSIGNED,1662.9886706264488,0.0,334.4113293735513,,,,,,
548.7000000000562,T04,STATION_EVENT,STOP_TARGET_ASSIGNED,1662.9886706264488,0.0,334.4113293735513,,,,,,
548.7000000000562,T04,STATION_EVENT,RECEIVE_ROUTE_ASSIGNED,1662.9886706264488,0.0,334.4113293735513,,,,,,
548.8000000000562,T04,STATION_EVENT,STOP_TARGET_ASSIGNED,1662.9886706264488,0.0,334.4113293735513,,,,,,
548.8000000000562,T04,STATION_EVENT,RECEIVE_ROUTE_ASSIGNED,1662.9886706264488,0.0,334.4113293735513,,,,,,
548.9000000000563,T04,STATION_EVENT,STOP_TARGET_ASSIGNED,1662.9886706264488,0.0,334.4113293735513,,,,,,
548.9000000000563,T04,STATION_EVENT,RECEIVE_ROUTE_ASSIGNED,1662.9886706264488,0.0,334.4113293735513,,,,,,
549.0000000000563,T04,STATION_EVENT,STOP_TARGET_ASSIGNED,1662.9886706264488,0.0,334.4113293735513,,,,,,
549.0000000000563,T04,STATION_EVENT,RECEIVE_ROUTE_ASSIGNED,1662.9886706264488,0.0,334.4113293735513,,,,,,
549.1000000000563,T04,STATION_EVENT,STOP_TARGET_ASSIGNED,1662.9886706264488,0.0,334.4113293735513,,,,,,
549.1000000000563,T04,STATION_EVENT,RECEIVE_ROUTE_ASSIGNED,1662.9886706264488,0.0,334.4113293735513,,,,,,
549.2000000000563,T04,STATION_EVENT,STOP_TARGET_ASSIGNED,1662.9886706264488,0.0,334.4113293735513,,,,,,
549.2000000000563,T04,STATION_EVENT,RECEIVE_ROUTE_ASSIGNED,1662.9886706264488,0.0,334.4113293735513,,,,,,
549.3000000000563,T04,STATION_EVENT,STOP_TARGET_ASSIGNED,1662.9886706264488,0.0,334.4113293735513,,,,,,
549.3000000000563,T04,STATION_EVENT,RECEIVE_ROUTE_ASSIGNED,1662.9886706264488,0.0,334.4113293735513,,,,,,
549.4000000000564,T04,STATION_EVENT,STOP_TARGET_ASSIGNED,1662.9886706264488,0.0,334.4113293735513,,,,,,
549.4000000000564,T04,STATION_EVENT,RECEIVE_ROUTE_ASSIGNED,1662.9886706264488,0.0,334.4113293735513,,,,,,
549.5000000000564,T04,STATION_EVENT,STOP_TARGET_ASSIGNED,1662.9886706264488,0.0,334.4113293735513,,,,,,
549.5000000000564,T04,STATION_EVENT,RECEIVE_ROUTE_ASSIGNED,1662.9886706264488,0.0,334.4113293735513,,,,,,
549.6000000000564,T04,STATION_EVENT,STOP_TARGET_ASSIGNED,1662.9886706264488,0.0,334.4113293735513,,,,,,
549.6000000000564,T04,STATION_EVENT,RECEIVE_ROUTE_ASSIGNED,1662.9886706264488,0.0,334.4113293735513,,,,,,
549.7000000000564,T04,STATION_EVENT,STOP_TARGET_ASSIGNED,1662.9886706264488,0.0,334.4113293735513,,,,,,
549.7000000000564,T04,STATION_EVENT,RECEIVE_ROUTE_ASSIGNED,1662.9886706264488,0.0,334.4113293735513,,,,,,
549.8000000000565,T04,STATION_EVENT,STOP_TARGET_ASSIGNED,1662.9886706264488,0.0,334.4113293735513,,,,,,
549.8000000000565,T04,STATION_EVENT,RECEIVE_ROUTE_ASSIGNED,1662.9886706264488,0.0,334.4113293735513,,,,,,
549.9000000000565,T04,STATION_EVENT,STOP_TARGET_ASSIGNED,1662.9886706264488,0.0,334.4113293735513,,,,,,
549.9000000000565,T04,STATION_EVENT,RECEIVE_ROUTE_ASSIGNED,1662.9886706264488,0.0,334.4113293735513,,,,,,
550.0000000000565,T04,STATION_EVENT,STOP_TARGET_ASSIGNED,1662.9886706264488,0.0,334.4113293735513,,,,,,
550.0000000000565,T04,STATION_EVENT,RECEIVE_ROUTE_ASSIGNED,1662.9886706264488,0.0,334.4113293735513,,,,,,
550.1000000000565,T04,STATION_EVENT,STOP_TARGET_ASSIGNED,1662.9886706264488,0.0,334.4113293735513,,,,,,
550.1000000000565,T04,STATION_EVENT,RECEIVE_ROUTE_ASSIGNED,1662.9886706264488,0.0,334.4113293735513,,,,,,
550.2000000000565,T04,STATION_EVENT,STOP_TARGET_ASSIGNED,1662.9886706264488,0.0,334.4113293735513,,,,,,
550.2000000000565,T04,STATION_EVENT,RECEIVE_ROUTE_ASSIGNED,1662.9886706264488,0.0,334.4113293735513,,,,,,
550.3000000000566,T04,STATION_EVENT,STOP_TARGET_ASSIGNED,1662.9886706264488,0.0,334.4113293735513,,,,,,
550.3000000000566,T04,STATION_EVENT,RECEIVE_ROUTE_ASSIGNED,1662.9886706264488,0.0,334.4113293735513,,,,,,
550.4000000000566,T04,STATION_EVENT,STOP_TARGET_ASSIGNED,1662.9886706264488,0.0,334.4113293735513,,,,,,
550.4000000000566,T04,STATION_EVENT,RECEIVE_ROUTE_ASSIGNED,1662.9886706264488,0.0,334.4113293735513,,,,,,
550.5000000000566,T04,STATION_EVENT,STOP_TARGET_ASSIGNED,1662.9886706264488,0.0,334.4113293735513,,,,,,
550.5000000000566,T04,STATION_EVENT,RECEIVE_ROUTE_ASSIGNED,1662.9886706264488,0.0,334.4113293735513,,,,,,
550.6000000000566,T04,STATION_EVENT,STOP_TARGET_ASSIGNED,1662.9886706264488,0.0,334.4113293735513,,,,,,
550.6000000000566,T04,STATION_EVENT,RECEIVE_ROUTE_ASSIGNED,1662.9886706264488,0.0,334.4113293735513,,,,,,
550.7000000000567,T04,STATION_EVENT,STOP_TARGET_ASSIGNED,1662.9886706264488,0.0,334.4113293735513,,,,,,
550.7000000000567,T04,STATION_EVENT,RECEIVE_ROUTE_ASSIGNED,1662.9886706264488,0.0,334.4113293735513,,,,,,
550.8000000000567,T04,STATION_EVENT,STOP_TARGET_ASSIGNED,1662.9886706264488,0.0,334.4113293735513,,,,,,
550.8000000000567,T04,STATION_EVENT,RECEIVE_ROUTE_ASSIGNED,1662.9886706264488,0.0,334.4113293735513,,,,,,
550.9000000000567,T04,STATION_EVENT,STOP_TARGET_ASSIGNED,1662.9886706264488,0.0,334.4113293735513,,,,,,
550.9000000000567,T04,STATION_EVENT,RECEIVE_ROUTE_ASSIGNED,1662.9886706264488,0.0,334.4113293735513,,,,,,
551.0000000000567,T04,STATION_EVENT,STOP_TARGET_ASSIGNED,1662.9886706264488,0.0,334.4113293735513,,,,,,
551.0000000000567,T04,STATION_EVENT,RECEIVE_ROUTE_ASSIGNED,1662.9886706264488,0.0,334.4113293735513,,,,,,
551.1000000000568,T04,STATION_EVENT,STOP_TARGET_ASSIGNED,1662.9886706264488,0.0,334.4113293735513,,,,,,
551.1000000000568,T04,STATION_EVENT,RECEIVE_ROUTE_ASSIGNED,1662.9886706264488,0.0,334.4113293735513,,,,,,
551.2000000000568,T04,STATION_EVENT,STOP_TARGET_ASSIGNED,1662.9886706264488,0.0,334.4113293735513,,,,,,
551.2000000000568,T04,STATION_EVENT,RECEIVE_ROUTE_ASSIGNED,1662.9886706264488,0.0,334.4113293735513,,,,,,
551.3000000000568,T04,STATION_EVENT,STOP_TARGET_ASSIGNED,1662.9886706264488,0.0,334.4113293735513,,,,,,
551.3000000000568,T04,STATION_EVENT,RECEIVE_ROUTE_ASSIGNED,1662.9886706264488,0.0,334.4113293735513,,,,,,
551.4000000000568,T04,STATION_EVENT,STOP_TARGET_ASSIGNED,1662.9886706264488,0.0,334.4113293735513,,,,,,
551.4000000000568,T04,STATION_EVENT,RECEIVE_ROUTE_ASSIGNED,1662.9886706264488,0.0,334.4113293735513,,,,,,
551.5000000000568,T04,STATION_EVENT,STOP_TARGET_ASSIGNED,1662.9886706264488,0.0,334.4113293735513,,,,,,
551.5000000000568,T04,STATION_EVENT,RECEIVE_ROUTE_ASSIGNED,1662.9886706264488,0.0,334.4113293735513,,,,,,
551.6000000000569,T04,STATION_EVENT,STOP_TARGET_ASSIGNED,1662.9886706264488,0.0,334.4113293735513,,,,,,
551.6000000000569,T04,STATION_EVENT,RECEIVE_ROUTE_ASSIGNED,1662.9886706264488,0.0,334.4113293735513,,,,,,
551.7000000000569,T04,STATION_EVENT,STOP_TARGET_ASSIGNED,1662.9886706264488,0.0,334.4113293735513,,,,,,
551.7000000000569,T04,STATION_EVENT,RECEIVE_ROUTE_ASSIGNED,1662.9886706264488,0.0,334.4113293735513,,,,,,
551.8000000000569,T04,STATION_EVENT,STOP_TARGET_ASSIGNED,1662.9886706264488,0.0,334.4113293735513,,,,,,
551.8000000000569,T04,STATION_EVENT,RECEIVE_ROUTE_ASSIGNED,1662.9886706264488,0.0,334.4113293735513,,,,,,
551.9000000000569,T04,STATION_EVENT,STOP_TARGET_ASSIGNED,1662.9886706264488,0.0,334.4113293735513,,,,,,
551.9000000000569,T04,STATION_EVENT,RECEIVE_ROUTE_ASSIGNED,1662.9886706264488,0.0,334.4113293735513,,,,,,
552.000000000057,T04,STATION_EVENT,STOP_TARGET_ASSIGNED,1662.9886706264488,0.0,334.4113293735513,,,,,,
552.000000000057,T04,STATION_EVENT,RECEIVE_ROUTE_ASSIGNED,1662.9886706264488,0.0,334.4113293735513,,,,,,
552.100000000057,T04,STATION_EVENT,STOP_TARGET_ASSIGNED,1662.9886706264488,0.0,334.4113293735513,,,,,,
552.100000000057,T04,STATION_EVENT,RECEIVE_ROUTE_ASSIGNED,1662.9886706264488,0.0,334.4113293735513,,,,,,
552.200000000057,T04,STATION_EVENT,STOP_TARGET_ASSIGNED,1662.9886706264488,0.0,334.4113293735513,,,,,,
552.200000000057,T04,STATION_EVENT,RECEIVE_ROUTE_ASSIGNED,1662.9886706264488,0.0,334.4113293735513,,,,,,
552.300000000057,T04,STATION_EVENT,STOP_TARGET_ASSIGNED,1662.9886706264488,0.0,334.4113293735513,,,,,,
552.300000000057,T04,STATION_EVENT,RECEIVE_ROUTE_ASSIGNED,1662.9886706264488,0.0,334.4113293735513,,,,,,
552.400000000057,T04,STATION_EVENT,STOP_TARGET_ASSIGNED,1662.9886706264488,0.0,334.4113293735513,,,,,,
552.400000000057,T04,STATION_EVENT,RECEIVE_ROUTE_ASSIGNED,1662.9886706264488,0.0,334.4113293735513,,,,,,
