sim_time,train_id,event,reason,pos_m,speed_kmh,distance_to_eoa_m,collision_partner_id,collision_overlap_m,collision_gap_m,atp_state,ato_state,ato_profile_phase
353.90000000001197,SRC_1,STATION_EVENT,STOP_TARGET_ASSIGNED,2802.593200731786,35.55324155926479,196.2740290102538,,,,,,
353.90000000001197,SRC_1,STATION_EVENT,RECEIVE_ROUTE_ASSIGNED,2802.593200731786,35.55324155926479,196.2740290102538,,,,,,
354.000000000012,SRC_1,STATION_EVENT,STOP_TARGET_ASSIGNED,2803.5818242991127,35.627655288253,195.23775096649115,,,,,,
354.000000000012,SRC_1,STATION_EVENT,RECEIVE_ROUTE_ASSIGNED,2803.5818242991127,35.627655288253,195.23775096649115,,,,,,
354.100000000012,SRC_1,STATION_EVENT,STOP_TARGET_ASSIGNED,2804.5728898374227,35.729063470074045,194.19969622079816,,,,,,
354.100000000012,SRC_1,STATION_EVENT,RECEIVE_ROUTE_ASSIGNED,2804.5728898374227,35.729063470074045,194.19969622079816,,,,,,
354.20000000001204,SRC_1,STATION_EVENT,STOP_TARGET_ASSIGNED,2805.5671471645423,35.857464082522554,193.1590774055726,,,,,,
354.20000000001204,SRC_1,STATION_EVENT,RECEIVE_ROUTE_ASSIGNED,2805.5671471645423,35.857464082522554,193.1590774055726,,,,,,
354.30000000001206,SRC_1,STATION_EVENT,STOP_TARGET_ASSIGNED,2806.565346042,36.01285509441964,192.11510721209697,,,,,,
354.30000000001206,SRC_1,STATION_EVENT,RECEIVE_ROUTE_ASSIGNED,2806.565346042,36.01285509441964,192.11510721209697,,,,,,
354.4000000000121,SRC_1,STATION_EVENT,STOP_TARGET_ASSIGNED,2807.5682361747445,36.19523446318596,191.06699839076646,,,,,,
354.4000000000121,SRC_1,STATION_EVENT,RECEIVE_ROUTE_ASSIGNED,2807.5682361747445,36.19523446318596,191.06699839076646,,,,,,
354.5000000000121,SRC_1,STATION_EVENT,STOP_TARGET_ASSIGNED,2808.5758172107944,36.3506001324156,190.01396375138438,,,,,,
354.5000000000121,SRC_1,STATION_EVENT,RECEIVE_ROUTE_ASSIGNED,2808.5758172107944,36.3506001324156,190.01396375138438,,,,,,
354.60000000001213,SRC_1,STATION_EVENT,STOP_TARGET_ASSIGNED,2809.5876164671304,36.49894632377593,188.9560036635321,,,,,,
354.60000000001213,SRC_1,STATION_EVENT,RECEIVE_ROUTE_ASSIGNED,2809.5876164671304,36.49894632377593,188.9560036635321,,,,,,
354.70000000001215,SRC_1,STATION_EVENT,STOP_TARGET_ASSIGNED,2810.6035525572565,36.648452165310765,187.89361444437918,,,,,,
354.70000000001215,SRC_1,STATION_EVENT,RECEIVE_ROUTE_ASSIGNED,2810.6035525572565,36.648452165310765,187.89361444437918,,,,,,
354.8000000000122,SRC_1,STATION_EVENT,STOP_TARGET_ASSIGNED,2811.6236576921187,36.799117544759795,186.82688154974676,,,,,,
354.8000000000122,SRC_1,STATION_EVENT,RECEIVE_ROUTE_ASSIGNED,2811.6236576921187,36.799117544759795,186.82688154974676,,,,,,
354.9000000000122,SRC_1,STATION_EVENT,STOP_TARGET_ASSIGNED,2812.647572817784,36.92277150313945,185.75577115814167,,,,,,
354.9000000000122,SRC_1,STATION_EVENT,RECEIVE_ROUTE_ASSIGNED,2812.647572817784,36.92277150313945,185.75577115814167,,,,,,
355.0000000000122,SRC_1,STATION_EVENT,STOP_TARGET_ASSIGNED,2813.6747787936893,37.03605876205684,184.68066027619307,,,,,,
355.0000000000122,SRC_1,STATION_EVENT,RECEIVE_ROUTE_ASSIGNED,2813.6747787936893,37.03605876205684,184.68066027619307,,,,,,
355.10000000001224,SRC_1,STATION_EVENT,STOP_TARGET_ASSIGNED,2814.7049459255813,37.135974734188146,183.60209400149233,,,,,,
355.10000000001224,SRC_1,STATION_EVENT,RECEIVE_ROUTE_ASSIGNED,2814.7049459255813,37.135974734188146,183.60209400149233,,,,,,
355.20000000001227,SRC_1,STATION_EVENT,STOP_TARGET_ASSIGNED,2815.737998257339,37.24379315236909,182.520418513006,,,,,,
355.20000000001227,SRC_1,STATION_EVENT,RECEIVE_ROUTE_ASSIGNED,2815.737998257339,37.24379315236909,182.520418513006,,,,,,
355.3000000000123,SRC_1,STATION_EVENT,STOP_TARGET_ASSIGNED,2816.7736704308663,37.32460334162268,181.43571356466055,,,,,,
355.3000000000123,SRC_1,STATION_EVENT,RECEIVE_ROUTE_ASSIGNED,2816.7736704308663,37.32460334162268,181.43571356466055,,,,,,
355.4000000000123,SRC_1,STATION_EVENT,STOP_TARGET_ASSIGNED,2817.8114374011707,37.39461852028839,180.3763295691333,,,,,,
355.4000000000123,SRC_1,STATION_EVENT,RECEIVE_ROUTE_ASSIGNED,2817.8114374011707,37.39461852028839,180.3763295691333,,,,,,
355.50000000001234,SRC_1,STATION_EVENT,STOP_TARGET_ASSIGNED,2818.8511560021466,37.465120749970666,179.33856259882896,,,,,,
355.50000000001234,SRC_1,STATION_EVENT,RECEIVE_ROUTE_ASSIGNED,2818.8511560021466,37.465120749970666,179.33856259882896,,,,,,
355.60000000001236,SRC_1,STATION_EVENT,STOP_TARGET_ASSIGNED,2819.892839762395,37.53610998790112,178.29884399785306,,,,,,
355.60000000001236,SRC_1,STATION_EVENT,RECEIVE_ROUTE_ASSIGNED,2819.892839762395,37.53610998790112,178.29884399785306,,,,,,
355.7000000000124,SRC_1,STATION_EVENT,STOP_TARGET_ASSIGNED,2820.936502209327,37.607586191200205,177.2571602376047,,,,,,
355.7000000000124,SRC_1,STATION_EVENT,RECEIVE_ROUTE_ASSIGNED,2820.936502209327,37.607586191200205,177.2571602376047,,,,,,
355.8000000000124,SRC_1,STATION_EVENT,STOP_TARGET_ASSIGNED,2821.9817750301627,37.65205690895101,176.2134977906726,,,,,,
355.8000000000124,SRC_1,STATION_EVENT,RECEIVE_ROUTE_ASSIGNED,2821.9817750301627,37.65205690895101,176.2134977906726,,,,,,
355.9000000000124,SRC_1,STATION_EVENT,STOP_TARGET_ASSIGNED,2823.028128668813,37.68540507390116,175.16822496983696,,,,,,
355.9000000000124,SRC_1,STATION_EVENT,RECEIVE_ROUTE_ASSIGNED,2823.028128668813,37.68540507390116,175.16822496983696,,,,,,
356.00000000001245,SRC_1,STATION_EVENT,STOP_TARGET_ASSIGNED,2824.0754112319783,37.71893947398351,174.1218713311864,,,,,,
356.00000000001245,SRC_1,STATION_EVENT,RECEIVE_ROUTE_ASSIGNED,2824.0754112319783,37.71893947398351,174.1218713311864,,,,,,
356.10000000001247,SRC_1,STATION_EVENT,STOP_TARGET_ASSIGNED,2825.1234326843064,37.73860509363908,173.07458876802139,,,,,,
356.10000000001247,SRC_1,STATION_EVENT,RECEIVE_ROUTE_ASSIGNED,2825.1234326843064,37.73860509363908,173.07458876802139,,,,,,
356.2000000000125,SRC_1,STATION_EVENT,STOP_TARGET_ASSIGNED,2826.1720994633665,37.76540299867524,172.02656731569323,,,,,,
356.2000000000125,SRC_1,STATION_EVENT,RECEIVE_ROUTE_ASSIGNED,2826.1720994633665,37.76540299867524,172.02656731569323,,,,,,
356.3000000000125,SRC_1,STATION_EVENT,STOP_TARGET_ASSIGNED,2827.221512458345,37.792332639778735,170.97790053663311,,,,,,
356.3000000000125,SRC_1,STATION_EVENT,RECEIVE_ROUTE_ASSIGNED,2827.221512458345,37.792332639778735,170.97790053663311,,,,,,
356.40000000001254,SRC_1,STATION_EVENT,STOP_TARGET_ASSIGNED,2828.2716753284253,37.8193940060091,169.9284875416547,,,,,,
356.40000000001254,SRC_1,STATION_EVENT,RECEIVE_ROUTE_ASSIGNED,2828.2716753284253,37.8193940060091,169.9284875416547,,,,,,
356.50000000001256,SRC_1,STATION_EVENT,STOP_TARGET_ASSIGNED,2829.3225917324867,37.84658708641489,168.87832467157432,,,,,,
356.50000000001256,SRC_1,STATION_EVENT,RECEIVE_ROUTE_ASSIGNED,2829.3225917324867,37.84658708641489,168.87832467157432,,,,,,
356.6000000000126,SRC_1,STATION_EVENT,STOP_TARGET_ASSIGNED,2830.374265329104,37.873911870033616,167.82740826751296,,,,,,
356.6000000000126,SRC_1,STATION_EVENT,RECEIVE_ROUTE_ASSIGNED,2830.374265329104,37.873911870033616,167.82740826751296,,,,,,
356.7000000000126,SRC_1,STATION_EVENT,STOP_TARGET_ASSIGNED,2831.426322918241,37.87423454781478,166.77573467089542,,,,,,
356.7000000000126,SRC_1,STATION_EVENT,RECEIVE_ROUTE_ASSIGNED,2831.426322918241,37.87423454781478,166.77573467089542,,,,,,
356.80000000001263,SRC_1,STATION_EVENT,STOP_TARGET_ASSIGNED,2832.4782295746204,37.86304471148624,165.72367708175852,,,,,,
356.80000000001263,SRC_1,STATION_EVENT,RECEIVE_ROUTE_ASSIGNED,2832.4782295746204,37.86304471148624,165.72367708175852,,,,,,
356.90000000001265,SRC_1,STATION_EVENT,STOP_TARGET_ASSIGNED,2833.52982313078,37.8516913320341,164.67177042537924,,,,,,
356.90000000001265,SRC_1,STATION_EVENT,RECEIVE_ROUTE_ASSIGNED,2833.52982313078,37.8516913320341,164.67177042537924,,,,,,
357.0000000000127,SRC_1,STATION_EVENT,STOP_TARGET_ASSIGNED,2834.5810990440295,37.84017442192147,163.62017686921945,,,,,,
357.0000000000127,SRC_1,STATION_EVENT,RECEIVE_ROUTE_ASSIGNED,2834.5810990440295,37.84017442192147,163.62017686921945,,,,,,
357.1000000000127,SRC_1,STATION_EVENT,STOP_TARGET_ASSIGNED,2835.632052772023,37.82849399360429,162.5689009559701,,,,,,
357.1000000000127,SRC_1,STATION_EVENT,RECEIVE_ROUTE_ASSIGNED,2835.632052772023,37.82849399360429,162.5689009559701,,,,,,
357.2000000000127,SRC_1,STATION_EVENT,STOP_TARGET_ASSIGNED,2836.6826797727613,37.81665005953129,161.5179472279765,,,,,,
357.2000000000127,SRC_1,STATION_EVENT,RECEIVE_ROUTE_ASSIGNED,2836.6826797727613,37.81665005953129,161.5179472279765,,,,,,
357.30000000001274,SRC_1,STATION_EVENT,STOP_TARGET_ASSIGNED,2837.7329755045903,37.804642632143846,160.46732022723836,,,,,,
357.30000000001274,SRC_1,STATION_EVENT,RECEIVE_ROUTE_ASSIGNED,2837.7329755045903,37.804642632143846,160.46732022723836,,,,,,
357.40000000001277,SRC_1,STATION_EVENT,STOP_TARGET_ASSIGNED,2838.7829354262017,37.79247172387595,159.41702449540935,,,,,,
357.40000000001277,SRC_1,STATION_EVENT,RECEIVE_ROUTE_ASSIGNED,2838.7829354262017,37.79247172387595,159.41702449540935,,,,,,
357.5000000000128,SRC_1,STATION_EVENT,STOP_TARGET_ASSIGNED,2839.8325549966326,37.78013734715407,158.36706457379796,,,,,,
357.5000000000128,SRC_1,STATION_EVENT,RECEIVE_ROUTE_ASSIGNED,2839.8325549966326,37.78013734715407,158.36706457379796,,,,,,
357.6000000000128,SRC_1,STATION_EVENT,STOP_TARGET_ASSIGNED,2840.881829675265,37.767639514397096,157.31744500336708,,,,,,
357.6000000000128,SRC_1,STATION_EVENT,RECEIVE_ROUTE_ASSIGNED,2840.881829675265,37.767639514397096,157.31744500336708,,,,,,
357.70000000001284,SRC_1,STATION_EVENT,STOP_TARGET_ASSIGNED,2841.9307549218265,37.75497823801624,156.26817032473446,,,,,,
357.70000000001284,SRC_1,STATION_EVENT,RECEIVE_ROUTE_ASSIGNED,2841.9307549218265,37.75497823801624,156.26817032473446,,,,,,
357.80000000001286,SRC_1,STATION_EVENT,STOP_TARGET_ASSIGNED,2842.9793261963882,37.74215353041495,155.21924507817312,,,,,,
357.80000000001286,SRC_1,STATION_EVENT,RECEIVE_ROUTE_ASSIGNED,2842.9793261963882,37.74215353041495,155.21924507817312,,,,,,
357.9000000000129,SRC_1,STATION_EVENT,STOP_TARGET_ASSIGNED,2844.027538959366,37.72916540398883,154.1706738036114,,,,,,
357.9000000000129,SRC_1,STATION_EVENT,RECEIVE_ROUTE_ASSIGNED,2844.027538959366,37.72916540398883,154.1706738036114,,,,,,
358.0000000000129,SRC_1,STATION_EVENT,STOP_TARGET_ASSIGNED,2845.0753886715206,37.71601387112552,153.12246104063343,,,,,,
358.0000000000129,SRC_1,STATION_EVENT,RECEIVE_ROUTE_ASSIGNED,2845.0753886715206,37.71601387112552,153.12246104063343,,,,,,
358.1000000000129,SRC_1,STATION_EVENT,STOP_TARGET_ASSIGNED,2846.122870793956,37.70269894420464,152.07461132847902,,,,,,
358.1000000000129,SRC_1,STATION_EVENT,RECEIVE_ROUTE_ASSIGNED,2846.122870793956,37.70269894420464,152.07461132847902,,,,,,
358.20000000001295,SRC_1,STATION_EVENT,STOP_TARGET_ASSIGNED,2847.1703580715307,37.71638504119213,151.0271292060438,,,,,,
358.20000000001295,SRC_1,STATION_EVENT,RECEIVE_ROUTE_ASSIGNED,2847.1703580715307,37.71638504119213,151.0271292060438,,,,,,
358.300000000013,SRC_1,STATION_EVENT,STOP_TARGET_ASSIGNED,2848.218384263898,37.74150080922841,149.97964192846894,,,,,,
358.300000000013,SRC_1,STATION_EVENT,RECEIVE_ROUTE_ASSIGNED,2848.218384263898,37.74150080922841,149.97964192846894,,,,,,
358.400000000013,SRC_1,STATION_EVENT,STOP_TARGET_ASSIGNED,2849.267109947962,37.76674844341042,148.93161573610178,,,,,,
358.400000000013,SRC_1,STATION_EVENT,RECEIVE_ROUTE_ASSIGNED,2849.267109947962,37.76674844341042,148.93161573610178,,,,,,
358.500000000013,SRC_1,STATION_EVENT,STOP_TARGET_ASSIGNED,2850.316538786522,37.79212793288847,147.8828900520375,,,,,,
358.500000000013,SRC_1,STATION_EVENT,RECEIVE_ROUTE_ASSIGNED,2850.316538786522,37.79212793288847,147.8828900520375,,,,,,
358.60000000001304,SRC_1,STATION_EVENT,STOP_TARGET_ASSIGNED,2851.3662975837665,37.790505468725655,146.83346121347768,,,,,,
358.60000000001304,SRC_1,STATION_EVENT,RECEIVE_ROUTE_ASSIGNED,2851.3662975837665,37.790505468725655,146.83346121347768,,,,,,
358.70000000001306,SRC_1,STATION_EVENT,STOP_TARGET_ASSIGNED,2852.415851642608,37.77738676786235,145.78370241623315,,,,,,
358.70000000001306,SRC_1,STATION_EVENT,RECEIVE_ROUTE_ASSIGNED,2852.415851642608,37.77738676786235,145.78370241623315,,,,,,
358.8000000000131,SRC_1,STATION_EVENT,STOP_TARGET_ASSIGNED,2853.4650390237075,37.764104671310605,144.73414835739186,,,,,,
358.8000000000131,SRC_1,STATION_EVENT,RECEIVE_ROUTE_ASSIGNED,2853.4650390237075,37.764104671310605,144.73414835739186,,,,,,
358.9000000000131,SRC_1,STATION_EVENT,STOP_TARGET_ASSIGNED,2854.513855188468,37.750659191454154,143.68496097629213,,,,,,
358.9000000000131,SRC_1,STATION_EVENT,RECEIVE_ROUTE_ASSIGNED,2854.513855188468,37.750659191454154,143.68496097629213,,,,,,
359.00000000001313,SRC_1,STATION_EVENT,STOP_TARGET_ASSIGNED,2855.5622955986364,37.73705034066855,142.63614481153172,,,,,,
359.00000000001313,SRC_1,STATION_EVENT,RECEIVE_ROUTE_ASSIGNED,2855.5622955986364,37.73705034066855,142.63614481153172,,,,,,
359.10000000001315,SRC_1,STATION_EVENT,STOP_TARGET_ASSIGNED,2856.610355716303,37.723278131321095,141.58770440136323,,,,,,
359.10000000001315,SRC_1,STATION_EVENT,RECEIVE_ROUTE_ASSIGNED,2856.610355716303,37.723278131321095,141.58770440136323,,,,,,
359.2000000000132,SRC_1,STATION_EVENT,STOP_TARGET_ASSIGNED,2857.6584082873123,37.736506981365096,140.53964428369682,,,,,,
359.2000000000132,SRC_1,STATION_EVENT,RECEIVE_ROUTE_ASSIGNED,2857.6584082873123,37.736506981365096,140.53964428369682,,,,,,
359.3000000000132,SRC_1,STATION_EVENT,STOP_TARGET_ASSIGNED,2858.706987019555,37.76116174011802,139.4915917126873,,,,,,
359.3000000000132,SRC_1,STATION_EVENT,RECEIVE_ROUTE_ASSIGNED,2858.706987019555,37.76116174011802,139.4915917126873,,,,,,
359.4000000000132,SRC_1,STATION_EVENT,STOP_TARGET_ASSIGNED,2859.756252438167,37.78594839993308,138.44301298044456,,,,,,
359.4000000000132,SRC_1,STATION_EVENT,RECEIVE_ROUTE_ASSIGNED,2859.756252438167,37.78594839993308,138.44301298044456,,,,,,
359.50000000001324,SRC_1,STATION_EVENT,STOP_TARGET_ASSIGNED,2860.805831348609,37.783733151903654,137.3937475618327,,,,,,
359.50000000001324,SRC_1,STATION_EVENT,RECEIVE_ROUTE_ASSIGNED,2860.805831348609,37.783733151903654,137.3937475618327,,,,,,
359.60000000001327,SRC_1,STATION_EVENT,STOP_TARGET_ASSIGNED,2861.85518912316,37.770026615768465,136.34416865139065,,,,,,
359.60000000001327,SRC_1,STATION_EVENT,RECEIVE_ROUTE_ASSIGNED,2861.85518912316,37.770026615768465,136.34416865139065,,,,,,
359.7000000000133,SRC_1,STATION_EVENT,STOP_TARGET_ASSIGNED,2862.904163891839,37.756156729090044,135.29481087683962,,,,,,
359.7000000000133,SRC_1,STATION_EVENT,RECEIVE_ROUTE_ASSIGNED,2862.904163891839,37.756156729090044,135.29481087683962,,,,,,
359.8000000000133,SRC_1,STATION_EVENT,STOP_TARGET_ASSIGNED,2863.9527511173014,37.7421235042297,134.2458361081608,,,,,,
359.8000000000133,SRC_1,STATION_EVENT,RECEIVE_ROUTE_ASSIGNED,2863.9527511173014,37.7421235042297,134.2458361081608,,,,,,
359.90000000001334,SRC_1,STATION_EVENT,STOP_TARGET_ASSIGNED,2865.000946262548,37.72792695354023,133.1972488826982,,,,,,
359.90000000001334,SRC_1,STATION_EVENT,RECEIVE_ROUTE_ASSIGNED,2865.000946262548,37.72792695354023,133.1972488826982,,,,,,
360.00000000001336,SRC_1,STATION_EVENT,STOP_TARGET_ASSIGNED,2866.048744790922,37.71356708936586,132.1490537374516,,,,,,
360.00000000001336,SRC_1,STATION_EVENT,RECEIVE_ROUTE_ASSIGNED,2866.048744790922,37.71356708936586,132.1490537374516,,,,,,
360.1000000000134,SRC_1,STATION_EVENT,STOP_TARGET_ASSIGNED,2867.096519449519,37.726208329636506,131.10125520907786,,,,,,
360.1000000000134,SRC_1,STATION_EVENT,RECEIVE_ROUTE_ASSIGNED,2867.096519449519,37.726208329636506,131.10125520907786,,,,,,
360.2000000000134,SRC_1,STATION_EVENT,STOP_TARGET_ASSIGNED,2868.1448038793887,37.75027062098476,130.0534805504808,,,,,,
360.2000000000134,SRC_1,STATION_EVENT,RECEIVE_ROUTE_ASSIGNED,2868.1448038793887,37.75027062098476,130.0534805504808,,,,,,
360.3000000000134,SRC_1,STATION_EVENT,STOP_TARGET_ASSIGNED,2869.193758538837,37.774464859264725,129.0051961206109,,,,,,
360.3000000000134,SRC_1,STATION_EVENT,RECEIVE_ROUTE_ASSIGNED,2869.193758538837,37.774464859264725,129.0051961206109,,,,,,
360.40000000001345,SRC_1,STATION_EVENT,STOP_TARGET_ASSIGNED,2870.2433870929053,37.79879103367691,127.95624146116279,,,,,,
360.40000000001345,SRC_1,STATION_EVENT,RECEIVE_ROUTE_ASSIGNED,2870.2433870929053,37.79879103367691,127.95624146116279,,,,,,
360.5000000000135,SRC_1,STATION_EVENT,STOP_TARGET_ASSIGNED,2871.2933163480307,37.7961153353351,126.90661290709431,,,,,,
360.5000000000135,SRC_1,STATION_EVENT,RECEIVE_ROUTE_ASSIGNED,2871.2933163480307,37.7961153353351,126.90661290709431,,,,,,
360.6000000000135,SRC_1,STATION_EVENT,STOP_TARGET_ASSIGNED,2872.34301173021,37.781952181574745,125.85668365196898,,,,,,
360.6000000000135,SRC_1,STATION_EVENT,RECEIVE_ROUTE_ASSIGNED,2872.34301173021,37.781952181574745,125.85668365196898,,,,,,
360.7000000000135,SRC_1,STATION_EVENT,STOP_TARGET_ASSIGNED,2873.3923114231848,37.76762571261025,124.8069882697896,,,,,,
360.7000000000135,SRC_1,STATION_EVENT,RECEIVE_ROUTE_ASSIGNED,2873.3923114231848,37.76762571261025,124.8069882697896,,,,,,
360.80000000001354,SRC_1,STATION_EVENT,STOP_TARGET_ASSIGNED,2874.441210890593,37.75313594078814,123.75768857681487,,,,,,
360.80000000001354,SRC_1,STATION_EVENT,RECEIVE_ROUTE_ASSIGNED,2874.441210890593,37.75313594078814,123.75768857681487,,,,,,
360.90000000001356,SRC_1,STATION_EVENT,STOP_TARGET_ASSIGNED,2875.4897055964157,37.7384828784462,122.70878910940655,,,,,,
360.90000000001356,SRC_1,STATION_EVENT,RECEIVE_ROUTE_ASSIGNED,2875.4897055964157,37.7384828784462,122.70878910940655,,,,,,
361.0000000000136,SRC_1,STATION_EVENT,STOP_TARGET_ASSIGNED,2876.537791004976,37.72366653791337,121.66029440358398,,,,,,
361.0000000000136,SRC_1,STATION_EVENT,RECEIVE_ROUTE_ASSIGNED,2876.537791004976,37.72366653791337,121.66029440358398,,,,,,
361.1000000000136,SRC_1,STATION_EVENT,STOP_TARGET_ASSIGNED,2877.58546258094,37.70868693150966,120.6122089950236,,,,,,
361.1000000000136,SRC_1,STATION_EVENT,RECEIVE_ROUTE_ASSIGNED,2877.58546258094,37.70868693150966,120.6122089950236,,,,,,
361.20000000001363,SRC_1,STATION_EVENT,STOP_TARGET_ASSIGNED,2878.633093072727,37.72070847714049,119.56453741905943,,,,,,
361.20000000001363,SRC_1,STATION_EVENT,RECEIVE_ROUTE_ASSIGNED,2878.633093072727,37.72070847714049,119.56453741905943,,,,,,
361.30000000001365,SRC_1,STATION_EVENT,STOP_TARGET_ASSIGNED,2879.6806824834966,37.70572909825171,118.51690692727243,,,,,,
361.30000000001365,SRC_1,STATION_EVENT,RECEIVE_ROUTE_ASSIGNED,2879.6806824834966,37.70572909825171,118.51690692727243,,,,,,
361.4000000000137,SRC_1,STATION_EVENT,STOP_TARGET_ASSIGNED,2880.7274808164075,37.66375087133074,117.469317516503,,,,,,
361.4000000000137,SRC_1,STATION_EVENT,RECEIVE_ROUTE_ASSIGNED,2880.7274808164075,37.66375087133074,117.469317516503,,,,,,
361.5000000000137,SRC_1,STATION_EVENT,STOP_TARGET_ASSIGNED,2881.773272156724,37.63322563145434,117.17251918359261,,,,,,
361.5000000000137,SRC_1,STATION_EVENT,RECEIVE_ROUTE_ASSIGNED,2881.773272156724,37.63322563145434,117.17251918359261,,,,,,
361.6000000000137,SRC_1,STATION_EVENT,STOP_TARGET_ASSIGNED,2882.8178406062843,37.57570273688259,116.12672784327606,,,,,,
361.6000000000137,SRC_1,STATION_EVENT,RECEIVE_ROUTE_ASSIGNED,2882.8178406062843,37.57570273688259,116.12672784327606,,,,,,
361.70000000001374,SRC_1,STATION_EVENT,STOP_TARGET_ASSIGNED,2883.860492307561,37.495219755035606,115.08215939371576,,,,,,
361.70000000001374,SRC_1,STATION_EVENT,RECEIVE_ROUTE_ASSIGNED,2883.860492307561,37.495219755035606,115.08215939371576,,,,,,
361.80000000001377,SRC_1,STATION_EVENT,STOP_TARGET_ASSIGNED,2884.9006704440194,37.397606069974664,114.0395076924392,,,,,,
361.80000000001377,SRC_1,STATION_EVENT,RECEIVE_ROUTE_ASSIGNED,2884.9006704440194,37.397606069974664,114.0395076924392,,,,,,
361.9000000000138,SRC_1,STATION_EVENT,STOP_TARGET_ASSIGNED,2885.937896662017,37.28268162583859,112.9993295559807,,,,,,
361.9000000000138,SRC_1,STATION_EVENT,RECEIVE_ROUTE_ASSIGNED,2885.937896662017,37.28268162583859,112.9993295559807,,,,,,
362.0000000000138,SRC_1,STATION_EVENT,STOP_TARGET_ASSIGNED,2886.9716876771276,37.15027146213298,111.96210333798308,,,,,,
362.0000000000138,SRC_1,STATION_EVENT,RECEIVE_ROUTE_ASSIGNED,2886.9716876771276,37.15027146213298,111.96210333798308,,,,,,
362.10000000001384,SRC_1,STATION_EVENT,STOP_TARGET_ASSIGNED,2888.001866676897,37.02261652126383,110.92831232287244,,,,,,
362.10000000001384,SRC_1,STATION_EVENT,RECEIVE_ROUTE_ASSIGNED,2888.001866676897,37.02261652126383,110.92831232287244,,,,,,
362.20000000001386,SRC_1,STATION_EVENT,STOP_TARGET_ASSIGNED,2889.0281248412007,36.867971308615175,109.89813332310314,,,,,,
362.20000000001386,SRC_1,STATION_EVENT,RECEIVE_ROUTE_ASSIGNED,2889.0281248412007,36.867971308615175,109.89813332310314,,,,,,
362.3000000000139,SRC_1,STATION_EVENT,STOP_TARGET_ASSIGNED,2890.0504624684977,36.74033785678545,108.87187515879941,,,,,,
362.3000000000139,SRC_1,STATION_EVENT,RECEIVE_ROUTE_ASSIGNED,2890.0504624684977,36.74033785678545,108.87187515879941,,,,,,
362.4000000000139,SRC_1,STATION_EVENT,STOP_TARGET_ASSIGNED,2891.0688862120455,36.586171678658424,107.84953753150239,,,,,,
362.4000000000139,SRC_1,STATION_EVENT,RECEIVE_ROUTE_ASSIGNED,2891.0688862120455,36.586171678658424,107.84953753150239,,,,,,
362.5000000000139,SRC_1,STATION_EVENT,STOP_TARGET_ASSIGNED,2892.082778245328,36.41405471767436,106.83111378795456,,,,,,
362.5000000000139,SRC_1,STATION_EVENT,RECEIVE_ROUTE_ASSIGNED,2892.082778245328,36.41405471767436,106.83111378795456,,,,,,
362.60000000001395,SRC_1,STATION_EVENT,STOP_TARGET_ASSIGNED,2893.091637815964,36.22383436812562,105.81722175467212,,,,,,
362.60000000001395,SRC_1,STATION_EVENT,RECEIVE_ROUTE_ASSIGNED,2893.091637815964,36.22383436812562,105.81722175467212,,,,,,
362.700000000014,SRC_1,STATION_EVENT,STOP_TARGET_ASSIGNED,2894.0955886870843,36.06062835251393,104.80836218403601,,,,,,
362.700000000014,SRC_1,STATION_EVENT,RECEIVE_ROUTE_ASSIGNED,2894.0955886870843,36.06062835251393,104.80836218403601,,,,,,
362.800000000014,SRC_1,STATION_EVENT,STOP_TARGET_ASSIGNED,2895.0946506502514,35.87183299552911,103.80441131291582,,,,,,
362.800000000014,SRC_1,STATION_EVENT,RECEIVE_ROUTE_ASSIGNED,2895.0946506502514,35.87183299552911,103.80441131291582,,,,,,
362.900000000014,SRC_1,STATION_EVENT,STOP_TARGET_ASSIGNED,2896.088543224142,35.68843232459872,102.80534934974867,,,,,,
362.900000000014,SRC_1,STATION_EVENT,RECEIVE_ROUTE_ASSIGNED,2896.088543224142,35.68843232459872,102.80534934974867,,,,,,
363.00000000001404,SRC_1,STATION_EVENT,STOP_TARGET_ASSIGNED,2897.0769665253715,35.47804536391441,101.811456775858,,,,,,
363.00000000001404,SRC_1,STATION_EVENT,RECEIVE_ROUTE_ASSIGNED,2897.0769665253715,35.47804536391441,101.811456775858,,,,,,
363.10000000001406,SRC_1,STATION_EVENT,STOP_TARGET_ASSIGNED,2898.0599209621596,35.2946740848287,100.82303347462857,,,,,,
363.10000000001406,SRC_1,STATION_EVENT,RECEIVE_ROUTE_ASSIGNED,2898.0599209621596,35.2946740848287,100.82303347462857,,,,,,
363.2000000000141,SRC_1,STATION_EVENT,STOP_TARGET_ASSIGNED,2899.0374069415816,35.08431643356224,99.8400790378405,,,,,,
363.2000000000141,SRC_1,STATION_EVENT,RECEIVE_ROUTE_ASSIGNED,2899.0374069415816,35.08431643356224,99.8400790378405,,,,,,
363.3000000000141,SRC_1,STATION_EVENT,STOP_TARGET_ASSIGNED,2900.0094248694045,34.90097436967978,98.8625930584185,,,,,,
363.3000000000141,SRC_1,STATION_EVENT,RECEIVE_ROUTE_ASSIGNED,2900.0094248694045,34.90097436967978,98.8625930584185,,,,,,
363.40000000001413,SRC_1,STATION_EVENT,STOP_TARGET_ASSIGNED,2900.9759751502506,34.69064585124047,97.89057513059561,,,,,,
363.40000000001413,SRC_1,STATION_EVENT,RECEIVE_ROUTE_ASSIGNED,2900.9759751502506,34.69064585124047,97.89057513059561,,,,,,
363.50000000001415,SRC_1,STATION_EVENT,STOP_TARGET_ASSIGNED,2901.9367539661675,34.48542889479325,96.92402484974946,,,,,,
363.50000000001415,SRC_1,STATION_EVENT,RECEIVE_ROUTE_ASSIGNED,2901.9367539661675,34.48542889479325,96.92402484974946,,,,,,
363.6000000000142,SRC_1,STATION_EVENT,STOP_TARGET_ASSIGNED,2902.892207520368,34.30722700766369,95.96324603383255,,,,,,
363.6000000000142,SRC_1,STATION_EVENT,RECEIVE_ROUTE_ASSIGNED,2902.892207520368,34.30722700766369,95.96324603383255,,,,,,
363.7000000000142,SRC_1,STATION_EVENT,STOP_TARGET_ASSIGNED,2903.8423362033654,34.102038168145235,95.00779247963192,,,,,,
363.7000000000142,SRC_1,STATION_EVENT,RECEIVE_ROUTE_ASSIGNED,2903.8423362033654,34.102038168145235,95.00779247963192,,,,,,
363.8000000000142,SRC_1,STATION_EVENT,STOP_TARGET_ASSIGNED,2904.7863904044293,33.86986430846823,94.05766379663464,,,,,,
363.8000000000142,SRC_1,STATION_EVENT,RECEIVE_ROUTE_ASSIGNED,2904.7863904044293,33.86986430846823,94.05766379663464,,,,,,
363.90000000001424,SRC_1,STATION_EVENT,STOP_TARGET_ASSIGNED,2905.724370566245,33.66470734226463,93.11360959557078,,,,,,
363.90000000001424,SRC_1,STATION_EVENT,RECEIVE_ROUTE_ASSIGNED,2905.724370566245,33.66470734226463,93.11360959557078,,,,,,
364.00000000001427,SRC_1,STATION_EVENT,STOP_TARGET_ASSIGNED,2906.6565593228083,33.4528831303142,92.17562943375515,,,,,,
364.00000000001427,SRC_1,STATION_EVENT,RECEIVE_ROUTE_ASSIGNED,2906.6565593228083,33.4528831303142,92.17562943375515,,,,,,
364.1000000000143,SRC_1,STATION_EVENT,STOP_TARGET_ASSIGNED,2907.583239286155,33.26807423061713,91.24344067719176,,,,,,
364.1000000000143,SRC_1,STATION_EVENT,RECEIVE_ROUTE_ASSIGNED,2907.583239286155,33.26807423061713,91.24344067719176,,,,,,
364.2000000000143,SRC_1,STATION_EVENT,STOP_TARGET_ASSIGNED,2908.5044108539355,33.05627864957973,90.31676071384527,,,,,,
364.2000000000143,SRC_1,STATION_EVENT,RECEIVE_ROUTE_ASSIGNED,2908.5044108539355,33.05627864957973,90.31676071384527,,,,,,
364.30000000001434,SRC_1,STATION_EVENT,STOP_TARGET_ASSIGNED,2909.4193244224766,32.81749828539037,89.3955891460646,,,,,,
364.30000000001434,SRC_1,STATION_EVENT,RECEIVE_ROUTE_ASSIGNED,2909.4193244224766,32.81749828539037,89.3955891460646,,,,,,
364.40000000001436,SRC_1,STATION_EVENT,STOP_TARGET_ASSIGNED,2910.327980440566,32.60573501704956,88.48067557752347,,,,,,
364.40000000001436,SRC_1,STATION_EVENT,RECEIVE_ROUTE_ASSIGNED,2910.327980440566,32.60573501704956,88.48067557752347,,,,,,
364.5000000000144,SRC_1,STATION_EVENT,STOP_TARGET_ASSIGNED,2911.23062206788,32.38446214955979,87.57201955943401,,,,,,
364.5000000000144,SRC_1,STATION_EVENT,RECEIVE_ROUTE_ASSIGNED,2911.23062206788,32.38446214955979,87.57201955943401,,,,,,
364.6000000000144,SRC_1,STATION_EVENT,STOP_TARGET_ASSIGNED,2912.1274924451773,32.190205015824425,86.66937793211991,,,,,,
364.6000000000144,SRC_1,STATION_EVENT,RECEIVE_ROUTE_ASSIGNED,2912.1274924451773,32.190205015824425,86.66937793211991,,,,,,
364.7000000000144,SRC_1,STATION_EVENT,STOP_TARGET_ASSIGNED,2913.018591982203,31.9689616500275,85.77250755482282,,,,,,
364.7000000000144,SRC_1,STATION_EVENT,RECEIVE_ROUTE_ASSIGNED,2913.018591982203,31.9689616500275,85.77250755482282,,,,,,
364.80000000001445,SRC_1,STATION_EVENT,STOP_TARGET_ASSIGNED,2913.903921087255,31.774733913742807,84.88140801779718,,,,,,
364.80000000001445,SRC_1,STATION_EVENT,RECEIVE_ROUTE_ASSIGNED,2913.903921087255,31.774733913742807,84.88140801779718,,,,,,
364.9000000000145,SRC_1,STATION_EVENT,STOP_TARGET_ASSIGNED,2914.783480167358,31.553519853647604,83.9960789127449,,,,,,
364.9000000000145,SRC_1,STATION_EVENT,RECEIVE_ROUTE_ASSIGNED,2914.783480167358,31.553519853647604,83.9960789127449,,,,,,
365.0000000000145,SRC_1,STATION_EVENT,STOP_TARGET_ASSIGNED,2915.6567721485185,31.323502789919633,83.1165198326421,,,,,,
365.0000000000145,SRC_1,STATION_EVENT,RECEIVE_ROUTE_ASSIGNED,2915.6567721485185,31.323502789919633,83.1165198326421,,,,,,
365.1000000000145,SRC_1,STATION_EVENT,STOP_TARGET_ASSIGNED,2916.5240499902075,31.120501811671186,82.2432278514816,,,,,,
365.1000000000145,SRC_1,STATION_EVENT,RECEIVE_ROUTE_ASSIGNED,2916.5240499902075,31.120501811671186,82.2432278514816,,,,,,
365.20000000001454,SRC_1,STATION_EVENT,STOP_TARGET_ASSIGNED,2917.385314112325,30.890514980786982,81.37595000979263,,,,,,
365.20000000001454,SRC_1,STATION_EVENT,RECEIVE_ROUTE_ASSIGNED,2917.385314112325,30.890514980786982,81.37595000979263,,,,,,
365.30000000001456,SRC_1,STATION_EVENT,STOP_TARGET_ASSIGNED,2918.2405649332054,30.687544122618103,80.51468588767511,,,,,,
365.30000000001456,SRC_1,STATION_EVENT,RECEIVE_ROUTE_ASSIGNED,2918.2405649332054,30.687544122618103,80.51468588767511,,,,,,
365.4000000000146,SRC_1,STATION_EVENT,STOP_TARGET_ASSIGNED,2919.089950693853,30.46823064401515,79.65943506679469,,,,,,
365.4000000000146,SRC_1,STATION_EVENT,RECEIVE_ROUTE_ASSIGNED,2919.089950693853,30.46823064401515,79.65943506679469,,,,,,
365.5000000000146,SRC_1,STATION_EVENT,STOP_TARGET_ASSIGNED,2919.933619623529,30.27593229265378,78.810049306147,,,,,,
365.5000000000146,SRC_1,STATION_EVENT,RECEIVE_ROUTE_ASSIGNED,2919.933619623529,30.27593229265378,78.810049306147,,,,,,
365.60000000001463,SRC_1,STATION_EVENT,STATION_LINE_OCCUPIED,2920.7715721159434,30.056647161180482,77.96638037647108,,,,,,
377.20000000001727,SRC_1,STATION_STATE,final_approach,2975.0542022797,9.774556274549848,23.117378664457192,,,,,,
377.20000000001727,SRC_1,EOA_UPDATE,STATION_STOP_TARGET,2975.0542022797,9.774556274549848,23.117378664457192,,,,,,
399.7000000000224,SRC_1,STATION_STATE,aligned_stop,3000.0,0.0,-1.1468551759453476,,,,,,
399.7000000000224,SRC_1,STATION_STATE,dwell_started,3000.0,0.0,-1.1468551759453476,,,,,,
399.7000000000224,SRC_1,EOA_UPDATE,SAFETY_RESTRICTION,3000.0,0.0,-1.1468551759453476,,,,,,
434.5000000000303,SRC_2,STATION_EVENT,STOP_TARGET_ASSIGNED,2802.2461874831124,35.62176581454625,196.75156786251546,,,,,,
434.5000000000303,SRC_2,STATION_EVENT,RECEIVE_ROUTE_ASSIGNED,2802.2461874831124,35.62176581454625,196.75156786251546,,,,,,
434.6000000000303,SRC_2,STATION_EVENT,STOP_TARGET_ASSIGNED,2803.237091300336,35.72330902553919,195.81253267198372,,,,,,
434.6000000000303,SRC_2,STATION_EVENT,RECEIVE_ROUTE_ASSIGNED,2803.237091300336,35.72330902553919,195.81253267198372,,,,,,
434.70000000003034,SRC_2,STATION_EVENT,STOP_TARGET_ASSIGNED,2804.231190657048,35.85184465773752,194.87117404562105,,,,,,
434.70000000003034,SRC_2,STATION_EVENT,RECEIVE_ROUTE_ASSIGNED,2804.231190657048,35.85184465773752,194.87117404562105,,,,,,
434.80000000003037,SRC_2,STATION_EVENT,STOP_TARGET_ASSIGNED,2805.229235314518,36.007370680101154,193.92677965674466,,,,,,
434.80000000003037,SRC_2,STATION_EVENT,RECEIVE_ROUTE_ASSIGNED,2805.229235314518,36.007370680101154,193.92677965674466,,,,,,
434.9000000000304,SRC_2,STATION_EVENT,STOP_TARGET_ASSIGNED,2806.2319749774388,36.18988505017738,192.97863723214823,,,,,,
434.9000000000304,SRC_2,STATION_EVENT,RECEIVE_ROUTE_ASSIGNED,2806.2319749774388,36.18988505017738,192.97863723214823,,,,,,
435.0000000000304,SRC_2,STATION_EVENT,STOP_TARGET_ASSIGNED,2807.2394092935756,36.34538571167474,192.0260345523734,,,,,,
435.0000000000304,SRC_2,STATION_EVENT,RECEIVE_ROUTE_ASSIGNED,2807.2394092935756,36.34538571167474,192.0260345523734,,,,,,
435.10000000003043,SRC_2,STATION_EVENT,STOP_TARGET_ASSIGNED,2808.2510655660462,36.49386590620261,191.06897195204328,,,,,,
435.10000000003043,SRC_2,STATION_EVENT,RECEIVE_ROUTE_ASSIGNED,2808.2510655660462,36.49386590620261,191.06897195204328,,,,,,
435.20000000003046,SRC_2,STATION_EVENT,STOP_TARGET_ASSIGNED,2809.2668623944887,36.64350574164071,190.10789849319644,,,,,,
435.20000000003046,SRC_2,STATION_EVENT,RECEIVE_ROUTE_ASSIGNED,2809.2668623944887,36.64350574164071,190.10789849319644,,,,,,
435.3000000000305,SRC_2,STATION_EVENT,STOP_TARGET_ASSIGNED,2810.2868319895906,36.794305105691606,189.14289150617606,,,,,,
435.3000000000305,SRC_2,STATION_EVENT,RECEIVE_ROUTE_ASSIGNED,2810.2868319895906,36.794305105691606,189.14289150617606,,,,,,
435.4000000000305,SRC_2,STATION_EVENT,STOP_TARGET_ASSIGNED,2811.3106152971604,36.91809303933412,188.17392039082915,,,,,,
435.4000000000305,SRC_2,STATION_EVENT,RECEIVE_ROUTE_ASSIGNED,2811.3106152971604,36.91809303933412,188.17392039082915,,,,,,
435.5000000000305,SRC_2,STATION_EVENT,STOP_TARGET_ASSIGNED,2812.337693161408,37.03151318649018,187.201326248638,,,,,,
435.5000000000305,SRC_2,STATION_EVENT,RECEIVE_ROUTE_ASSIGNED,2812.337693161408,37.03151318649018,187.201326248638,,,,,,
435.60000000003055,SRC_2,STATION_EVENT,STOP_TARGET_ASSIGNED,2813.36773587285,37.13156203733015,186.22560227760277,,,,,,
435.60000000003055,SRC_2,STATION_EVENT,RECEIVE_ROUTE_ASSIGNED,2813.36773587285,37.13156203733015,186.22560227760277,,,,,,
435.70000000003057,SRC_2,STATION_EVENT,STOP_TARGET_ASSIGNED,2814.400667475099,37.23951332459145,185.24706170173295,,,,,,
435.70000000003057,SRC_2,STATION_EVENT,RECEIVE_ROUTE_ASSIGNED,2814.400667475099,37.23951332459145,185.24706170173295,,,,,,
435.8000000000306,SRC_2,STATION_EVENT,STOP_TARGET_ASSIGNED,2815.436222609792,37.320456373305845,184.26577667959646,,,,,,
435.8000000000306,SRC_2,STATION_EVENT,RECEIVE_ROUTE_ASSIGNED,2815.436222609792,37.320456373305845,184.26577667959646,,,,,,
435.9000000000306,SRC_2,STATION_EVENT,STOP_TARGET_ASSIGNED,2816.4738762167012,37.39060332415671,183.28199930163782,,,,,,
435.9000000000306,SRC_2,STATION_EVENT,RECEIVE_ROUTE_ASSIGNED,2816.4738762167012,37.39060332415671,183.28199930163782,,,,,,
436.00000000003064,SRC_2,STATION_EVENT,STOP_TARGET_ASSIGNED,2817.513485114485,37.46123731626024,182.27612378329877,,,,,,
436.00000000003064,SRC_2,STATION_EVENT,RECEIVE_ROUTE_ASSIGNED,2817.513485114485,37.46123731626024,182.27612378329877,,,,,,
436.10000000003066,SRC_2,STATION_EVENT,STOP_TARGET_ASSIGNED,2818.5550628314722,37.53235830683039,181.23651488551513,,,,,,
436.10000000003066,SRC_2,STATION_EVENT,RECEIVE_ROUTE_ASSIGNED,2818.5550628314722,37.53235830683039,181.23651488551513,,,,,,
436.2000000000307,SRC_2,STATION_EVENT,STOP_TARGET_ASSIGNED,2819.5986228948027,37.60396625296972,180.19493716852776,,,,,,
436.2000000000307,SRC_2,STATION_EVENT,RECEIVE_ROUTE_ASSIGNED,2819.5986228948027,37.60396625296972,180.19493716852776,,,,,,
436.3000000000307,SRC_2,STATION_EVENT,STOP_TARGET_ASSIGNED,2820.6437969914236,37.648568703743216,179.1513771051973,,,,,,
436.3000000000307,SRC_2,STATION_EVENT,RECEIVE_ROUTE_ASSIGNED,2820.6437969914236,37.648568703743216,179.1513771051973,,,,,,
436.40000000003073,SRC_2,STATION_EVENT,STOP_TARGET_ASSIGNED,2821.6900555500074,37.68204751427311,178.10620300857636,,,,,,
436.40000000003073,SRC_2,STATION_EVENT,RECEIVE_ROUTE_ASSIGNED,2821.6900555500074,37.68204751427311,178.10620300857636,,,,,,
436.50000000003075,SRC_2,STATION_EVENT,STOP_TARGET_ASSIGNED,2822.7372466620113,37.71571255002187,177.0599444499926,,,,,,
436.50000000003075,SRC_2,STATION_EVENT,RECEIVE_ROUTE_ASSIGNED,2822.7372466620113,37.71571255002187,177.0599444499926,,,,,,
436.6000000000308,SRC_2,STATION_EVENT,STOP_TARGET_ASSIGNED,2823.785180291809,37.735508795422255,176.01275333798867,,,,,,
436.6000000000308,SRC_2,STATION_EVENT,RECEIVE_ROUTE_ASSIGNED,2823.785180291809,37.735508795422255,176.01275333798867,,,,,,
436.7000000000308,SRC_2,STATION_EVENT,STOP_TARGET_ASSIGNED,2824.833762876693,37.762437316224926,174.96481970819104,,,,,,
436.7000000000308,SRC_2,STATION_EVENT,RECEIVE_ROUTE_ASSIGNED,2824.833762876693,37.762437316224926,174.96481970819104,,,,,,
436.8000000000308,SRC_2,STATION_EVENT,STOP_TARGET_ASSIGNED,2825.883095305573,37.78949756313517,173.91623712330693,,,,,,
436.8000000000308,SRC_2,STATION_EVENT,RECEIVE_ROUTE_ASSIGNED,2825.883095305573,37.78949756313517,173.91623712330693,,,,,,
436.90000000003084,SRC_2,STATION_EVENT,STOP_TARGET_ASSIGNED,2826.9331812373557,37.81668952520591,172.86690469442692,,,,,,
436.90000000003084,SRC_2,STATION_EVENT,RECEIVE_ROUTE_ASSIGNED,2826.9331812373557,37.81668952520591,172.86690469442692,,,,,,
437.00000000003087,SRC_2,STATION_EVENT,STOP_TARGET_ASSIGNED,2827.984024330643,37.84401319147903,171.8168187626443,,,,,,
437.00000000003087,SRC_2,STATION_EVENT,RECEIVE_ROUTE_ASSIGNED,2827.984024330643,37.84401319147903,171.8168187626443,,,,,,
437.1000000000309,SRC_2,STATION_EVENT,STOP_TARGET_ASSIGNED,2829.035628243733,37.87146855098531,170.76597566935698,,,,,,
437.1000000000309,SRC_2,STATION_EVENT,RECEIVE_ROUTE_ASSIGNED,2829.035628243733,37.87146855098531,170.76597566935698,,,,,,
437.2000000000309,SRC_2,STATION_EVENT,STOP_TARGET_ASSIGNED,2830.0876197763114,37.871921794667465,169.71437175626716,,,,,,
437.2000000000309,SRC_2,STATION_EVENT,RECEIVE_ROUTE_ASSIGNED,2830.0876197763114,37.871921794667465,169.71437175626716,,,,,,
437.30000000003093,SRC_2,STATION_EVENT,STOP_TARGET_ASSIGNED,2831.1394639878577,37.860861436676245,168.66238022368861,,,,,,
437.30000000003093,SRC_2,STATION_EVENT,RECEIVE_ROUTE_ASSIGNED,2831.1394639878577,37.860861436676245,168.66238022368861,,,,,,
437.40000000003096,SRC_2,STATION_EVENT,STOP_TARGET_ASSIGNED,2832.1909986956666,37.84963752555408,167.61053601214235,,,,,,
437.40000000003096,SRC_2,STATION_EVENT,RECEIVE_ROUTE_ASSIGNED,2832.1909986956666,37.84963752555408,167.61053601214235,,,,,,
437.500000000031,SRC_2,STATION_EVENT,STOP_TARGET_ASSIGNED,2833.242219356768,37.83825007376769,166.55900130433338,,,,,,
437.500000000031,SRC_2,STATION_EVENT,RECEIVE_ROUTE_ASSIGNED,2833.242219356768,37.83825007376769,166.55900130433338,,,,,,
437.600000000031,SRC_2,STATION_EVENT,STOP_TARGET_ASSIGNED,2834.2931214285395,37.82669909377669,165.50778064323185,,,,,,
437.600000000031,SRC_2,STATION_EVENT,RECEIVE_ROUTE_ASSIGNED,2834.2931214285395,37.82669909377669,165.50778064323185,,,,,,
437.700000000031,SRC_2,STATION_EVENT,STOP_TARGET_ASSIGNED,2835.3437003687036,37.81498459803354,164.4568785714605,,,,,,
437.700000000031,SRC_2,STATION_EVENT,RECEIVE_ROUTE_ASSIGNED,2835.3437003687036,37.81498459803354,164.4568785714605,,,,,,
437.80000000003105,SRC_2,STATION_EVENT,STOP_TARGET_ASSIGNED,2836.393951635329,37.80310659898343,163.4062996312964,,,,,,
437.80000000003105,SRC_2,STATION_EVENT,RECEIVE_ROUTE_ASSIGNED,2836.393951635329,37.80310659898343,163.4062996312964,,,,,,
437.90000000003107,SRC_2,STATION_EVENT,STOP_TARGET_ASSIGNED,2837.4438706868295,37.79106510906422,162.3560483646711,,,,,,
437.90000000003107,SRC_2,STATION_EVENT,RECEIVE_ROUTE_ASSIGNED,2837.4438706868295,37.79106510906422,162.3560483646711,,,,,,
438.0000000000311,SRC_2,STATION_EVENT,STOP_TARGET_ASSIGNED,2838.493452981965,37.77886014070634,161.30612931317046,,,,,,
438.0000000000311,SRC_2,STATION_EVENT,RECEIVE_ROUTE_ASSIGNED,2838.493452981965,37.77886014070634,161.30612931317046,,,,,,
438.1000000000311,SRC_2,STATION_EVENT,STOP_TARGET_ASSIGNED,2839.542693979841,37.7664917063327,160.25654701803478,,,,,,
438.1000000000311,SRC_2,STATION_EVENT,RECEIVE_ROUTE_ASSIGNED,2839.542693979841,37.7664917063327,160.25654701803478,,,,,,
438.20000000003114,SRC_2,STATION_EVENT,STOP_TARGET_ASSIGNED,2840.591589139906,37.753959818358595,159.2073060201592,,,,,,
438.20000000003114,SRC_2,STATION_EVENT,RECEIVE_ROUTE_ASSIGNED,2840.591589139906,37.753959818358595,159.2073060201592,,,,,,
438.30000000003116,SRC_2,STATION_EVENT,STOP_TARGET_ASSIGNED,2841.640133921955,37.74126448919162,158.15841086009414,,,,,,
438.30000000003116,SRC_2,STATION_EVENT,RECEIVE_ROUTE_ASSIGNED,2841.640133921955,37.74126448919162,158.15841086009414,,,,,,
438.4000000000312,SRC_2,STATION_EVENT,STOP_TARGET_ASSIGNED,2842.6883237861275,37.72840573123162,157.1098660780449,,,,,,
438.4000000000312,SRC_2,STATION_EVENT,RECEIVE_ROUTE_ASSIGNED,2842.6883237861275,37.72840573123162,157.1098660780449,,,,,,
438.5000000000312,SRC_2,STATION_EVENT,STOP_TARGET_ASSIGNED,2843.7361541929067,37.71538355687053,156.0616762138725,,,,,,
438.5000000000312,SRC_2,STATION_EVENT,RECEIVE_ROUTE_ASSIGNED,2843.7361541929067,37.71538355687053,156.0616762138725,,,,,,
438.60000000003123,SRC_2,STATION_EVENT,STOP_TARGET_ASSIGNED,2844.78362060312,37.702197978492336,155.01384580709328,,,,,,
438.60000000003123,SRC_2,STATION_EVENT,RECEIVE_ROUTE_ASSIGNED,2844.78362060312,37.702197978492336,155.01384580709328,,,,,,
438.70000000003125,SRC_2,STATION_EVENT,STOP_TARGET_ASSIGNED,2845.8310957613503,37.71601341406741,153.9663793968798,,,,,,
438.70000000003125,SRC_2,STATION_EVENT,RECEIVE_ROUTE_ASSIGNED,2845.8310957613503,37.71601341406741,153.9663793968798,,,,,,
438.8000000000313,SRC_2,STATION_EVENT,STOP_TARGET_ASSIGNED,2846.879113441938,37.74125958825247,152.9189042386497,,,,,,
438.8000000000313,SRC_2,STATION_EVENT,RECEIVE_ROUTE_ASSIGNED,2846.879113441938,37.74125958825247,152.9189042386497,,,,,,
438.9000000000313,SRC_2,STATION_EVENT,STOP_TARGET_ASSIGNED,2847.927834236477,37.76663761856088,151.870886558062,,,,,,
438.9000000000313,SRC_2,STATION_EVENT,RECEIVE_ROUTE_ASSIGNED,2847.927834236477,37.76663761856088,151.870886558062,,,,,,
439.0000000000313,SRC_2,STATION_EVENT,STOP_TARGET_ASSIGNED,2848.9772618074867,37.79214749413642,150.82216576352312,,,,,,
439.0000000000313,SRC_2,STATION_EVENT,RECEIVE_ROUTE_ASSIGNED,2848.9772618074867,37.79214749413642,150.82216576352312,,,,,,
439.10000000003134,SRC_2,STATION_EVENT,STOP_TARGET_ASSIGNED,2850.0270229588778,37.790655406035654,149.77273819251332,,,,,,
439.10000000003134,SRC_2,STATION_EVENT,RECEIVE_ROUTE_ASSIGNED,2850.0270229588778,37.790655406035654,149.77273819251332,,,,,,
439.20000000003137,SRC_2,STATION_EVENT,STOP_TARGET_ASSIGNED,2851.0765829783186,37.77766599369627,148.72297704112225,,,,,,
439.20000000003137,SRC_2,STATION_EVENT,RECEIVE_ROUTE_ASSIGNED,2851.0765829783186,37.77766599369627,148.72297704112225,,,,,,
439.3000000000314,SRC_2,STATION_EVENT,STOP_TARGET_ASSIGNED,2852.1257799112273,37.76451317571863,147.67341702168142,,,,,,
439.3000000000314,SRC_2,STATION_EVENT,RECEIVE_ROUTE_ASSIGNED,2852.1257799112273,37.76451317571863,147.67341702168142,,,,,,
439.4000000000314,SRC_2,STATION_EVENT,STOP_TARGET_ASSIGNED,2853.17460921873,37.75119696449107,146.62422008877274,,,,,,
439.4000000000314,SRC_2,STATION_EVENT,RECEIVE_ROUTE_ASSIGNED,2853.17460921873,37.75119696449107,146.62422008877274,,,,,,
439.50000000003143,SRC_2,STATION_EVENT,STOP_TARGET_ASSIGNED,2854.2230663622977,37.737717372393796,145.57539078127002,,,,,,
439.50000000003143,SRC_2,STATION_EVENT,RECEIVE_ROUTE_ASSIGNED,2854.2230663622977,37.737717372393796,145.57539078127002,,,,,,
439.60000000003146,SRC_2,STATION_EVENT,STOP_TARGET_ASSIGNED,2855.2711468037446,37.724074411798824,144.5269336377023,,,,,,
439.60000000003146,SRC_2,STATION_EVENT,RECEIVE_ROUTE_ASSIGNED,2855.2711468037446,37.724074411798824,144.5269336377023,,,,,,
439.7000000000315,SRC_2,STATION_EVENT,STOP_TARGET_ASSIGNED,2856.31922328864,37.73743250066428,143.4788531962554,,,,,,
439.7000000000315,SRC_2,STATION_EVENT,RECEIVE_ROUTE_ASSIGNED,2856.31922328864,37.73743250066428,143.4788531962554,,,,,,
439.8000000000315,SRC_2,STATION_EVENT,STOP_TARGET_ASSIGNED,2857.367829539563,37.76221756578513,142.43077671136007,,,,,,
439.8000000000315,SRC_2,STATION_EVENT,RECEIVE_ROUTE_ASSIGNED,2857.367829539563,37.76221756578513,142.43077671136007,,,,,,
439.9000000000315,SRC_2,STATION_EVENT,STOP_TARGET_ASSIGNED,2858.4167492380298,37.76000072383773,141.382170460437,,,,,,
439.9000000000315,SRC_2,STATION_EVENT,RECEIVE_ROUTE_ASSIGNED,2858.4167492380298,37.76000072383773,141.382170460437,,,,,,
440.00000000003155,SRC_2,STATION_EVENT,STOP_TARGET_ASSIGNED,2859.4654477567237,37.74629262211748,140.33325076197025,,,,,,
440.00000000003155,SRC_2,STATION_EVENT,RECEIVE_ROUTE_ASSIGNED,2859.4654477567237,37.74629262211748,140.33325076197025,,,,,,
440.10000000003157,SRC_2,STATION_EVENT,STOP_TARGET_ASSIGNED,2860.5137632260535,37.73242116961303,139.28455224327627,,,,,,
440.10000000003157,SRC_2,STATION_EVENT,RECEIVE_ROUTE_ASSIGNED,2860.5137632260535,37.73242116961303,139.28455224327627,,,,,,
440.2000000000316,SRC_2,STATION_EVENT,STOP_TARGET_ASSIGNED,2861.5620683920797,37.74555078427575,138.23623677394653,,,,,,
440.2000000000316,SRC_2,STATION_EVENT,RECEIVE_ROUTE_ASSIGNED,2861.5620683920797,37.74555078427575,138.23623677394653,,,,,,
440.3000000000316,SRC_2,STATION_EVENT,STOP_TARGET_ASSIGNED,2862.6108969515008,37.77010549404729,137.1879316079203,,,,,,
440.3000000000316,SRC_2,STATION_EVENT,RECEIVE_ROUTE_ASSIGNED,2862.6108969515008,37.77010549404729,137.1879316079203,,,,,,
440.40000000003164,SRC_2,STATION_EVENT,STOP_TARGET_ASSIGNED,2863.6600325599493,37.76765831425676,136.13910304849924,,,,,,
440.40000000003164,SRC_2,STATION_EVENT,RECEIVE_ROUTE_ASSIGNED,2863.6600325599493,37.76765831425676,136.13910304849924,,,,,,
440.50000000003166,SRC_2,STATION_EVENT,STOP_TARGET_ASSIGNED,2864.7089406169675,37.753721791041976,135.0899674400507,,,,,,
440.50000000003166,SRC_2,STATION_EVENT,RECEIVE_ROUTE_ASSIGNED,2864.7089406169675,37.753721791041976,135.0899674400507,,,,,,
440.6000000000317,SRC_2,STATION_EVENT,STOP_TARGET_ASSIGNED,2865.7574592798255,37.739621934736356,134.04105938303246,,,,,,
440.6000000000317,SRC_2,STATION_EVENT,RECEIVE_ROUTE_ASSIGNED,2865.7574592798255,37.739621934736356,134.04105938303246,,,,,,
440.7000000000317,SRC_2,STATION_EVENT,STOP_TARGET_ASSIGNED,2866.805584011665,37.725358757689804,132.99254072017447,,,,,,
440.7000000000317,SRC_2,STATION_EVENT,RECEIVE_ROUTE_ASSIGNED,2866.805584011665,37.725358757689804,132.99254072017447,,,,,,
440.80000000003173,SRC_2,STATION_EVENT,STOP_TARGET_ASSIGNED,2867.8536875593804,37.73809667783799,131.9444159883351,,,,,,
440.80000000003173,SRC_2,STATION_EVENT,RECEIVE_ROUTE_ASSIGNED,2867.8536875593804,37.73809667783799,131.9444159883351,,,,,,
440.90000000003175,SRC_2,STATION_EVENT,STOP_TARGET_ASSIGNED,2868.9023035751097,37.76225645468364,130.89631244061957,,,,,,
440.90000000003175,SRC_2,STATION_EVENT,RECEIVE_ROUTE_ASSIGNED,2868.9023035751097,37.76225645468364,130.89631244061957,,,,,,
441.0000000000318,SRC_2,STATION_EVENT,STOP_TARGET_ASSIGNED,2869.9515925282394,37.786548170640856,129.84769642489027,,,,,,
441.0000000000318,SRC_2,STATION_EVENT,RECEIVE_ROUTE_ASSIGNED,2869.9515925282394,37.786548170640856,129.84769642489027,,,,,,
441.1000000000318,SRC_2,STATION_EVENT,STOP_TARGET_ASSIGNED,2871.0011812252874,37.78383801682685,128.79840747176058,,,,,,
441.1000000000318,SRC_2,STATION_EVENT,RECEIVE_ROUTE_ASSIGNED,2871.0011812252874,37.78383801682685,128.79840747176058,,,,,,
441.2000000000318,SRC_2,STATION_EVENT,STOP_TARGET_ASSIGNED,2872.0505350963927,37.769640702756405,127.74881877471262,,,,,,
441.2000000000318,SRC_2,STATION_EVENT,RECEIVE_ROUTE_ASSIGNED,2872.0505350963927,37.769640702756405,127.74881877471262,,,,,,
441.30000000003184,SRC_2,STATION_EVENT,STOP_TARGET_ASSIGNED,2873.0994923294297,37.75528007591781,126.69946490360735,,,,,,
441.30000000003184,SRC_2,STATION_EVENT,RECEIVE_ROUTE_ASSIGNED,2873.0994923294297,37.75528007591781,126.69946490360735,,,,,,
441.40000000003187,SRC_2,STATION_EVENT,STOP_TARGET_ASSIGNED,2874.148048388104,37.740756148654086,125.65050767057028,,,,,,
441.40000000003187,SRC_2,STATION_EVENT,RECEIVE_ROUTE_ASSIGNED,2874.148048388104,37.740756148654086,125.65050767057028,,,,,,
441.5000000000319,SRC_2,STATION_EVENT,STOP_TARGET_ASSIGNED,2875.196198736465,37.72606893329948,124.60195161189586,,,,,,
441.5000000000319,SRC_2,STATION_EVENT,RECEIVE_ROUTE_ASSIGNED,2875.196198736465,37.72606893329948,124.60195161189586,,,,,,
441.6000000000319,SRC_2,STATION_EVENT,STOP_TARGET_ASSIGNED,2876.243938838902,37.71121844217941,123.5538012635352,,,,,,
441.6000000000319,SRC_2,STATION_EVENT,RECEIVE_ROUTE_ASSIGNED,2876.243938838902,37.71121844217941,123.5538012635352,,,,,,
441.70000000003193,SRC_2,STATION_EVENT,STOP_TARGET_ASSIGNED,2877.2916414435604,37.72336909320473,122.50606116109793,,,,,,
441.70000000003193,SRC_2,STATION_EVENT,RECEIVE_ROUTE_ASSIGNED,2877.2916414435604,37.72336909320473,122.50606116109793,,,,,,
441.80000000003196,SRC_2,STATION_EVENT,STOP_TARGET_ASSIGNED,2878.3398401357344,37.74693674332552,121.45835855643963,,,,,,
441.80000000003196,SRC_2,STATION_EVENT,RECEIVE_ROUTE_ASSIGNED,2878.3398401357344,37.74693674332552,121.45835855643963,,,,,,
441.900000000032,SRC_2,STATION_EVENT,STOP_TARGET_ASSIGNED,2879.38861619238,37.76493933517139,120.41015986426555,,,,,,
441.900000000032,SRC_2,STATION_EVENT,RECEIVE_ROUTE_ASSIGNED,2879.38861619238,37.76493933517139,120.41015986426555,,,,,,
442.000000000032,SRC_2,STATION_EVENT,STOP_TARGET_ASSIGNED,2880.437517301781,37.755940541699054,119.36138380761986,,,,,,
442.000000000032,SRC_2,STATION_EVENT,RECEIVE_ROUTE_ASSIGNED,2880.437517301781,37.755940541699054,119.36138380761986,,,,,,
442.100000000032,SRC_2,STATION_EVENT,STOP_TARGET_ASSIGNED,2881.4858739675965,37.72573939702442,118.16248269821881,,,,,,
442.100000000032,SRC_2,STATION_EVENT,RECEIVE_ROUTE_ASSIGNED,2881.4858739675965,37.72573939702442,118.16248269821881,,,,,,
442.20000000003205,SRC_2,STATION_EVENT,STOP_TARGET_ASSIGNED,2882.533155654496,37.67854205974688,117.11412603240342,,,,,,
442.20000000003205,SRC_2,STATION_EVENT,RECEIVE_ROUTE_ASSIGNED,2882.533155654496,37.67854205974688,117.11412603240342,,,,,,
442.30000000003207,SRC_2,STATION_EVENT,STOP_TARGET_ASSIGNED,2883.578893267372,37.61456606734067,116.0668443455038,,,,,,
442.30000000003207,SRC_2,STATION_EVENT,RECEIVE_ROUTE_ASSIGNED,2883.578893267372,37.61456606734067,116.0668443455038,,,,,,
442.4000000000321,SRC_2,STATION_EVENT,STOP_TARGET_ASSIGNED,2884.622618045091,37.53361792839148,115.02110673262769,,,,,,
442.4000000000321,SRC_2,STATION_EVENT,RECEIVE_ROUTE_ASSIGNED,2884.622618045091,37.53361792839148,115.02110673262769,,,,,,
442.5000000000321,SRC_2,STATION_EVENT,STOP_TARGET_ASSIGNED,2885.663855931701,37.43550990755183,113.9773819549091,,,,,,
442.5000000000321,SRC_2,STATION_EVENT,RECEIVE_ROUTE_ASSIGNED,2885.663855931701,37.43550990755183,113.9773819549091,,,,,,
442.60000000003214,SRC_2,STATION_EVENT,STOP_TARGET_ASSIGNED,2886.70212774147,37.32006039582822,112.93614406829874,,,,,,
442.60000000003214,SRC_2,STATION_EVENT,RECEIVE_ROUTE_ASSIGNED,2886.70212774147,37.32006039582822,112.93614406829874,,,,,,
442.70000000003216,SRC_2,STATION_EVENT,STOP_TARGET_ASSIGNED,2887.736949333064,37.187094198922765,111.89787225852979,,,,,,
442.70000000003216,SRC_2,STATION_EVENT,RECEIVE_ROUTE_ASSIGNED,2887.736949333064,37.187094198922765,111.89787225852979,,,,,,
442.8000000000322,SRC_2,STATION_EVENT,STOP_TARGET_ASSIGNED,2888.7681431513597,37.058860718384366,110.86305066693603,,,,,,
442.8000000000322,SRC_2,STATION_EVENT,RECEIVE_ROUTE_ASSIGNED,2888.7681431513597,37.058860718384366,110.86305066693603,,,,,,
442.9000000000322,SRC_2,STATION_EVENT,STOP_TARGET_ASSIGNED,2889.7954000643285,36.90363701536068,109.8318568486402,,,,,,
442.9000000000322,SRC_2,STATION_EVENT,RECEIVE_ROUTE_ASSIGNED,2889.7954000643285,36.90363701536068,109.8318568486402,,,,,,
443.00000000003223,SRC_2,STATION_EVENT,STOP_TARGET_ASSIGNED,2890.818072005324,36.728742736336635,108.80459993567138,,,,,,
443.00000000003223,SRC_2,STATION_EVENT,RECEIVE_ROUTE_ASSIGNED,2890.818072005324,36.728742736336635,108.80459993567138,,,,,,
443.10000000003225,SRC_2,STATION_EVENT,STOP_TARGET_ASSIGNED,2891.836260956287,36.58086173299122,107.7819279946757,,,,,,
443.10000000003225,SRC_2,STATION_EVENT,RECEIVE_ROUTE_ASSIGNED,2891.836260956287,36.58086173299122,107.7819279946757,,,,,,
443.2000000000323,SRC_2,STATION_EVENT,STOP_TARGET_ASSIGNED,2892.8499921869293,36.40778687325247,106.76373904371303,,,,,,
443.2000000000323,SRC_2,STATION_EVENT,RECEIVE_ROUTE_ASSIGNED,2892.8499921869293,36.40778687325247,106.76373904371303,,,,,,
443.3000000000323,SRC_2,STATION_EVENT,STOP_TARGET_ASSIGNED,2893.858664146278,36.21659419985398,105.75000781307062,,,,,,
443.3000000000323,SRC_2,STATION_EVENT,RECEIVE_ROUTE_ASSIGNED,2893.858664146278,36.21659419985398,105.75000781307062,,,,,,
443.4000000000323,SRC_2,STATION_EVENT,STOP_TARGET_ASSIGNED,2894.8624003981126,36.052415932226594,104.74133585372192,,,,,,
443.4000000000323,SRC_2,STATION_EVENT,RECEIVE_ROUTE_ASSIGNED,2894.8624003981126,36.052415932226594,104.74133585372192,,,,,,
443.50000000003234,SRC_2,STATION_EVENT,STOP_TARGET_ASSIGNED,2895.8612203485054,35.86262049604906,103.73759960188727,,,,,,
443.50000000003234,SRC_2,STATION_EVENT,RECEIVE_ROUTE_ASSIGNED,2895.8612203485054,35.86262049604906,103.73759960188727,,,,,,
443.60000000003237,SRC_2,STATION_EVENT,STOP_TARGET_ASSIGNED,2896.8548431097556,35.6782183139701,102.7387796514945,,,,,,
443.60000000003237,SRC_2,STATION_EVENT,RECEIVE_ROUTE_ASSIGNED,2896.8548431097556,35.6782183139701,102.7387796514945,,,,,,
443.7000000000324,SRC_2,STATION_EVENT,STOP_TARGET_ASSIGNED,2897.842968779603,35.466829915015715,101.74515689024429,,,,,,
443.7000000000324,SRC_2,STATION_EVENT,RECEIVE_ROUTE_ASSIGNED,2897.842968779603,35.466829915015715,101.74515689024429,,,,,,
443.8000000000324,SRC_2,STATION_EVENT,STOP_TARGET_ASSIGNED,2898.8255977682807,35.282457269787436,100.75703122039704,,,,,,
443.8000000000324,SRC_2,STATION_EVENT,RECEIVE_ROUTE_ASSIGNED,2898.8255977682807,35.282457269787436,100.75703122039704,,,,,,
443.90000000003243,SRC_2,STATION_EVENT,STOP_TARGET_ASSIGNED,2899.8027304848665,35.071098324397965,99.77440223171925,,,,,,
443.90000000003243,SRC_2,STATION_EVENT,RECEIVE_ROUTE_ASSIGNED,2899.8027304848665,35.071098324397965,99.77440223171925,,,,,,
444.00000000003246,SRC_2,STATION_EVENT,STOP_TARGET_ASSIGNED,2900.7743673371165,34.88675503760121,98.7972695151334,,,,,,
444.00000000003246,SRC_2,STATION_EVENT,RECEIVE_ROUTE_ASSIGNED,2900.7743673371165,34.88675503760121,98.7972695151334,,,,,,
444.1000000000325,SRC_2,STATION_EVENT,STOP_TARGET_ASSIGNED,2901.7405087316306,34.67542536740873,97.82563266288344,,,,,,
444.1000000000325,SRC_2,STATION_EVENT,RECEIVE_ROUTE_ASSIGNED,2901.7405087316306,34.67542536740873,97.82563266288344,,,,,,
444.2000000000325,SRC_2,STATION_EVENT,STOP_TARGET_ASSIGNED,2902.70084998537,34.46914490181797,96.85949126836931,,,,,,
444.2000000000325,SRC_2,STATION_EVENT,RECEIVE_ROUTE_ASSIGNED,2902.70084998537,34.46914490181797,96.85949126836931,,,,,,
444.3000000000325,SRC_2,STATION_EVENT,STOP_TARGET_ASSIGNED,2903.655836436507,34.28987958002915,95.89915001462987,,,,,,
444.3000000000325,SRC_2,STATION_EVENT,RECEIVE_ROUTE_ASSIGNED,2903.655836436507,34.28987958002915,95.89915001462987,,,,,,
444.40000000003255,SRC_2,STATION_EVENT,STOP_TARGET_ASSIGNED,2904.6054684776236,34.083627380364725,94.94416356349302,,,,,,
444.40000000003255,SRC_2,STATION_EVENT,RECEIVE_ROUTE_ASSIGNED,2904.6054684776236,34.083627380364725,94.94416356349302,,,,,,
444.50000000003257,SRC_2,STATION_EVENT,STOP_TARGET_ASSIGNED,2905.5489965000465,33.85039023407519,93.99453152237629,,,,,,
444.50000000003257,SRC_2,STATION_EVENT,RECEIVE_ROUTE_ASSIGNED,2905.5489965000465,33.85039023407519,93.99453152237629,,,,,,
444.6000000000326,SRC_2,STATION_EVENT,STOP_TARGET_ASSIGNED,2906.486420948488,33.64417005371711,93.05100349995337,,,,,,
444.6000000000326,SRC_2,STATION_EVENT,RECEIVE_ROUTE_ASSIGNED,2906.486420948488,33.64417005371711,93.05100349995337,,,,,,
444.7000000000326,SRC_2,STATION_EVENT,STOP_TARGET_ASSIGNED,2907.4180239195853,33.43124386526446,92.1135790515118,,,,,,
444.7000000000326,SRC_2,STATION_EVENT,RECEIVE_ROUTE_ASSIGNED,2907.4180239195853,33.43124386526446,92.1135790515118,,,,,,
444.80000000003264,SRC_2,STATION_EVENT,STOP_TARGET_ASSIGNED,2908.3440874880434,33.245333063735195,91.18197608041464,,,,,,
444.80000000003264,SRC_2,STATION_EVENT,RECEIVE_ROUTE_ASSIGNED,2908.3440874880434,33.245333063735195,91.18197608041464,,,,,,
444.90000000003266,SRC_2,STATION_EVENT,STOP_TARGET_ASSIGNED,2909.264612053591,33.03243565569281,90.25591251195647,,,,,,
444.90000000003266,SRC_2,STATION_EVENT,RECEIVE_ROUTE_ASSIGNED,2909.264612053591,33.03243565569281,90.25591251195647,,,,,,
445.0000000000327,SRC_2,STATION_EVENT,STOP_TARGET_ASSIGNED,2910.1795980146167,32.84655353815145,89.3353879464089,,,,,,
445.0000000000327,SRC_2,STATION_EVENT,RECEIVE_ROUTE_ASSIGNED,2910.1795980146167,32.84655353815145,89.3353879464089,,,,,,
445.1000000000327,SRC_2,STATION_EVENT,STOP_TARGET_ASSIGNED,2911.0890457683363,32.633684729665326,88.42040198538325,,,,,,
445.1000000000327,SRC_2,STATION_EVENT,RECEIVE_ROUTE_ASSIGNED,2911.0890457683363,32.633684729665326,88.42040198538325,,,,,,
445.20000000003273,SRC_2,STATION_EVENT,STOP_TARGET_ASSIGNED,2911.992451165056,32.41150383415649,87.51095423166362,,,,,,
445.20000000003273,SRC_2,STATION_EVENT,RECEIVE_ROUTE_ASSIGNED,2911.992451165056,32.41150383415649,87.51095423166362,,,,,,
445.30000000003275,SRC_2,STATION_EVENT,STOP_TARGET_ASSIGNED,2912.890060089749,32.2163387437558,86.60754883494383,,,,,,
445.30000000003275,SRC_2,STATION_EVENT,RECEIVE_ROUTE_ASSIGNED,2912.890060089749,32.2163387437558,86.60754883494383,,,,,,
445.4000000000328,SRC_2,STATION_EVENT,STOP_TARGET_ASSIGNED,2913.7818729541264,31.99418749141034,85.7099399102508,,,,,,
445.4000000000328,SRC_2,STATION_EVENT,RECEIVE_ROUTE_ASSIGNED,2913.7818729541264,31.99418749141034,85.7099399102508,,,,,,
445.5000000000328,SRC_2,STATION_EVENT,STOP_TARGET_ASSIGNED,2914.667890168438,31.799051939052507,84.81812704587355,,,,,,
445.5000000000328,SRC_2,STATION_EVENT,RECEIVE_ROUTE_ASSIGNED,2914.667890168438,31.799051939052507,84.81812704587355,,,,,,
445.6000000000328,SRC_2,STATION_EVENT,STOP_TARGET_ASSIGNED,2915.5481121416497,31.576930132177345,83.93210983156177,,,,,,
445.6000000000328,SRC_2,STATION_EVENT,RECEIVE_ROUTE_ASSIGNED,2915.5481121416497,31.576930132177345,83.93210983156177,,,,,,
445.70000000003284,SRC_2,STATION_EVENT,STOP_TARGET_ASSIGNED,2916.4220395838443,31.34584570584447,83.05188785835026,,,,,,
445.70000000003284,SRC_2,STATION_EVENT,RECEIVE_ROUTE_ASSIGNED,2916.4220395838443,31.34584570584447,83.05188785835026,,,,,,
445.80000000003287,SRC_2,STATION_EVENT,STOP_TARGET_ASSIGNED,2917.289923238724,31.141777445507383,82.17796041615566,,,,,,
445.80000000003287,SRC_2,STATION_EVENT,RECEIVE_ROUTE_ASSIGNED,2917.289923238724,31.141777445507383,82.17796041615566,,,,,,
445.9000000000329,SRC_2,STATION_EVENT,STOP_TARGET_ASSIGNED,2918.1517635284094,30.910723411859713,81.31007676127592,,,,,,
445.9000000000329,SRC_2,STATION_EVENT,RECEIVE_ROUTE_ASSIGNED,2918.1517635284094,30.910723411859713,81.31007676127592,,,,,,
446.0000000000329,SRC_2,STATION_EVENT,STOP_TARGET_ASSIGNED,2919.0075608734405,30.706685430370232,80.44823647159046,,,,,,
446.0000000000329,SRC_2,STATION_EVENT,RECEIVE_ROUTE_ASSIGNED,2919.0075608734405,30.706685430370232,80.44823647159046,,,,,,
446.10000000003294,SRC_2,STATION_EVENT,STOP_TARGET_ASSIGNED,2919.857461753381,30.486177925334168,79.59243912655938,,,,,,
446.10000000003294,SRC_2,STATION_EVENT,RECEIVE_ROUTE_ASSIGNED,2919.857461753381,30.486177925334168,79.59243912655938,,,,,,
446.20000000003296,SRC_2,STATION_EVENT,STATION_LINE_OCCUPIED,2920.7016126361555,30.292685634441685,78.742538246619,,,,,,
457.60000000003555,SRC_2,STATION_STATE,final_approach,2975.009505733235,9.808879075437883,23.86302864325171,,,,,,
457.60000000003555,SRC_2,EOA_UPDATE,STATION_STOP_TARGET,2975.009505733235,9.808879075437883,23.86302864325171,,,,,,
480.10000000004067,SRC_2,STATION_STATE,aligned_stop,3000.0,0.0,-1.1445083565176901,,,,,,
480.10000000004067,SRC_2,STATION_STATE,dwell_started,3000.0,0.0,-1.1445083565176901,,,,,,
480.10000000004067,SRC_2,EOA_UPDATE,SAFETY_RESTRICTION,3000.0,0.0,-1.1445083565176901,,,,,,
514.5000000000484,SRC_3,STATION_EVENT,STOP_TARGET_ASSIGNED,2802.593200731786,35.55324155926479,196.27480725238138,,,,,,
514.5000000000484,SRC_3,STATION_EVENT,RECEIVE_ROUTE_ASSIGNED,2802.593200731786,35.55324155926479,196.27480725238138,,,,,,
514.6000000000485,SRC_3,STATION_EVENT,STOP_TARGET_ASSIGNED,2803.5818242991127,35.627655288253,195.23852920861827,,,,,,
514.6000000000485,SRC_3,STATION_EVENT,RECEIVE_ROUTE_ASSIGNED,2803.5818242991127,35.627655288253,195.23852920861827,,,,,,
514.7000000000485,SRC_3,STATION_EVENT,STOP_TARGET_ASSIGNED,2804.5728898374227,35.729063470074045,194.20047446292529,,,,,,
514.7000000000485,SRC_3,STATION_EVENT,RECEIVE_ROUTE_ASSIGNED,2804.5728898374227,35.729063470074045,194.20047446292529,,,,,,
514.8000000000485,SRC_3,STATION_EVENT,STOP_TARGET_ASSIGNED,2805.5671471645423,35.857464082522554,193.15985564769971,,,,,,
514.8000000000485,SRC_3,STATION_EVENT,RECEIVE_ROUTE_ASSIGNED,2805.5671471645423,35.857464082522554,193.15985564769971,,,,,,
514.9000000000485,SRC_3,STATION_EVENT,STOP_TARGET_ASSIGNED,2806.565346042,36.01285509441964,192.11588545422455,,,,,,
514.9000000000485,SRC_3,STATION_EVENT,RECEIVE_ROUTE_ASSIGNED,2806.565346042,36.01285509441964,192.11588545422455,,,,,,
515.0000000000485,SRC_3,STATION_EVENT,STOP_TARGET_ASSIGNED,2807.5682361747445,36.19523446318596,191.06777663289404,,,,,,
515.0000000000485,SRC_3,STATION_EVENT,RECEIVE_ROUTE_ASSIGNED,2807.5682361747445,36.19523446318596,191.06777663289404,,,,,,
515.1000000000486,SRC_3,STATION_EVENT,STOP_TARGET_ASSIGNED,2808.5758172107944,36.3506001324156,190.01474199351196,,,,,,
515.1000000000486,SRC_3,STATION_EVENT,RECEIVE_ROUTE_ASSIGNED,2808.5758172107944,36.3506001324156,190.01474199351196,,,,,,
515.2000000000486,SRC_3,STATION_EVENT,STOP_TARGET_ASSIGNED,2809.5876164671304,36.49894632377593,188.95678190565968,,,,,,
515.2000000000486,SRC_3,STATION_EVENT,RECEIVE_ROUTE_ASSIGNED,2809.5876164671304,36.49894632377593,188.95678190565968,,,,,,
515.3000000000486,SRC_3,STATION_EVENT,STOP_TARGET_ASSIGNED,2810.6035525572565,36.648452165310765,187.89439268650676,,,,,,
515.3000000000486,SRC_3,STATION_EVENT,RECEIVE_ROUTE_ASSIGNED,2810.6035525572565,36.648452165310765,187.89439268650676,,,,,,
515.4000000000486,SRC_3,STATION_EVENT,STOP_TARGET_ASSIGNED,2811.6236576921187,36.799117544759795,186.82765979187434,,,,,,
515.4000000000486,SRC_3,STATION_EVENT,RECEIVE_ROUTE_ASSIGNED,2811.6236576921187,36.799117544759795,186.82765979187434,,,,,,
515.5000000000487,SRC_3,STATION_EVENT,STOP_TARGET_ASSIGNED,2812.647572817784,36.92277150313945,185.75654940026925,,,,,,
515.5000000000487,SRC_3,STATION_EVENT,RECEIVE_ROUTE_ASSIGNED,2812.647572817784,36.92277150313945,185.75654940026925,,,,,,
515.6000000000487,SRC_3,STATION_EVENT,STOP_TARGET_ASSIGNED,2813.6747787936893,37.03605876205684,184.68143851832065,,,,,,
515.6000000000487,SRC_3,STATION_EVENT,RECEIVE_ROUTE_ASSIGNED,2813.6747787936893,37.03605876205684,184.68143851832065,,,,,,
515.7000000000487,SRC_3,STATION_EVENT,STOP_TARGET_ASSIGNED,2814.7049459255813,37.135974734188146,183.6028722436199,,,,,,
515.7000000000487,SRC_3,STATION_EVENT,RECEIVE_ROUTE_ASSIGNED,2814.7049459255813,37.135974734188146,183.6028722436199,,,,,,
515.8000000000487,SRC_3,STATION_EVENT,STOP_TARGET_ASSIGNED,2815.737998257339,37.24379315236909,182.5211967551336,,,,,,
515.8000000000487,SRC_3,STATION_EVENT,RECEIVE_ROUTE_ASSIGNED,2815.737998257339,37.24379315236909,182.5211967551336,,,,,,
515.9000000000487,SRC_3,STATION_EVENT,STOP_TARGET_ASSIGNED,2816.7736704308663,37.32460334162268,181.43649180678813,,,,,,
515.9000000000487,SRC_3,STATION_EVENT,RECEIVE_ROUTE_ASSIGNED,2816.7736704308663,37.32460334162268,181.43649180678813,,,,,,
516.0000000000488,SRC_3,STATION_EVENT,STOP_TARGET_ASSIGNED,2817.8114374011707,37.39461852028839,180.3763295691333,,,,,,
516.0000000000488,SRC_3,STATION_EVENT,RECEIVE_ROUTE_ASSIGNED,2817.8114374011707,37.39461852028839,180.3763295691333,,,,,,
516.1000000000488,SRC_3,STATION_EVENT,STOP_TARGET_ASSIGNED,2818.8511560021466,37.465120749970666,179.33856259882896,,,,,,
516.1000000000488,SRC_3,STATION_EVENT,RECEIVE_ROUTE_ASSIGNED,2818.8511560021466,37.465120749970666,179.33856259882896,,,,,,
516.2000000000488,SRC_3,STATION_EVENT,STOP_TARGET_ASSIGNED,2819.892839762395,37.53610998790112,178.29884399785306,,,,,,
516.2000000000488,SRC_3,STATION_EVENT,RECEIVE_ROUTE_ASSIGNED,2819.892839762395,37.53610998790112,178.29884399785306,,,,,,
516.3000000000488,SRC_3,STATION_EVENT,STOP_TARGET_ASSIGNED,2820.936502209327,37.607586191200205,177.2571602376047,,,,,,
516.3000000000488,SRC_3,STATION_EVENT,RECEIVE_ROUTE_ASSIGNED,2820.936502209327,37.607586191200205,177.2571602376047,,,,,,
516.4000000000489,SRC_3,STATION_EVENT,STOP_TARGET_ASSIGNED,2821.9817750301627,37.65205690895101,176.2134977906726,,,,,,
516.4000000000489,SRC_3,STATION_EVENT,RECEIVE_ROUTE_ASSIGNED,2821.9817750301627,37.65205690895101,176.2134977906726,,,,,,
516.5000000000489,SRC_3,STATION_EVENT,STOP_TARGET_ASSIGNED,2823.028128668813,37.68540507390116,175.16822496983696,,,,,,
516.5000000000489,SRC_3,STATION_EVENT,RECEIVE_ROUTE_ASSIGNED,2823.028128668813,37.68540507390116,175.16822496983696,,,,,,
516.6000000000489,SRC_3,STATION_EVENT,STOP_TARGET_ASSIGNED,2824.0754112319783,37.71893947398351,174.1218713311864,,,,,,
516.6000000000489,SRC_3,STATION_EVENT,RECEIVE_ROUTE_ASSIGNED,2824.0754112319783,37.71893947398351,174.1218713311864,,,,,,
516.7000000000489,SRC_3,STATION_EVENT,STOP_TARGET_ASSIGNED,2825.1234326843064,37.73860509363908,173.07458876802139,,,,,,
516.7000000000489,SRC_3,STATION_EVENT,RECEIVE_ROUTE_ASSIGNED,2825.1234326843064,37.73860509363908,173.07458876802139,,,,,,
516.800000000049,SRC_3,STATION_EVENT,STOP_TARGET_ASSIGNED,2826.1720994633665,37.76540299867524,172.02656731569323,,,,,,
516.800000000049,SRC_3,STATION_EVENT,RECEIVE_ROUTE_ASSIGNED,2826.1720994633665,37.76540299867524,172.02656731569323,,,,,,
516.900000000049,SRC_3,STATION_EVENT,STOP_TARGET_ASSIGNED,2827.221512458345,37.792332639778735,170.97790053663311,,,,,,
516.900000000049,SRC_3,STATION_EVENT,RECEIVE_ROUTE_ASSIGNED,2827.221512458345,37.792332639778735,170.97790053663311,,,,,,
517.000000000049,SRC_3,STATION_EVENT,STOP_TARGET_ASSIGNED,2828.2716753284253,37.8193940060091,169.9284875416547,,,,,,
517.000000000049,SRC_3,STATION_EVENT,RECEIVE_ROUTE_ASSIGNED,2828.2716753284253,37.8193940060091,169.9284875416547,,,,,,
517.100000000049,SRC_3,STATION_EVENT,STOP_TARGET_ASSIGNED,2829.3225917324867,37.84658708641489,168.87832467157432,,,,,,
517.100000000049,SRC_3,STATION_EVENT,RECEIVE_ROUTE_ASSIGNED,2829.3225917324867,37.84658708641489,168.87832467157432,,,,,,
517.200000000049,SRC_3,STATION_EVENT,STOP_TARGET_ASSIGNED,2830.374265329104,37.873911870033616,167.82740826751296,,,,,,
517.200000000049,SRC_3,STATION_EVENT,RECEIVE_ROUTE_ASSIGNED,2830.374265329104,37.873911870033616,167.82740826751296,,,,,,
517.3000000000491,SRC_3,STATION_EVENT,STOP_TARGET_ASSIGNED,2831.426322918241,37.87423454781478,166.77573467089542,,,,,,
517.3000000000491,SRC_3,STATION_EVENT,RECEIVE_ROUTE_ASSIGNED,2831.426322918241,37.87423454781478,166.77573467089542,,,,,,
517.4000000000491,SRC_3,STATION_EVENT,STOP_TARGET_ASSIGNED,2832.4782295746204,37.86304471148624,165.72367708175852,,,,,,
517.4000000000491,SRC_3,STATION_EVENT,RECEIVE_ROUTE_ASSIGNED,2832.4782295746204,37.86304471148624,165.72367708175852,,,,,,
517.5000000000491,SRC_3,STATION_EVENT,STOP_TARGET_ASSIGNED,2833.52982313078,37.8516913320341,164.67177042537924,,,,,,
517.5000000000491,SRC_3,STATION_EVENT,RECEIVE_ROUTE_ASSIGNED,2833.52982313078,37.8516913320341,164.67177042537924,,,,,,
517.6000000000491,SRC_3,STATION_EVENT,STOP_TARGET_ASSIGNED,2834.5810990440295,37.84017442192147,163.62017686921945,,,,,,
517.6000000000491,SRC_3,STATION_EVENT,RECEIVE_ROUTE_ASSIGNED,2834.5810990440295,37.84017442192147,163.62017686921945,,,,,,
517.7000000000492,SRC_3,STATION_EVENT,STOP_TARGET_ASSIGNED,2835.632052772023,37.82849399360429,162.5689009559701,,,,,,
517.7000000000492,SRC_3,STATION_EVENT,RECEIVE_ROUTE_ASSIGNED,2835.632052772023,37.82849399360429,162.5689009559701,,,,,,
517.8000000000492,SRC_3,STATION_EVENT,STOP_TARGET_ASSIGNED,2836.6826797727613,37.81665005953129,161.5179472279765,,,,,,
517.8000000000492,SRC_3,STATION_EVENT,RECEIVE_ROUTE_ASSIGNED,2836.6826797727613,37.81665005953129,161.5179472279765,,,,,,
517.9000000000492,SRC_3,STATION_EVENT,STOP_TARGET_ASSIGNED,2837.7329755045903,37.804642632143846,160.46732022723836,,,,,,
517.9000000000492,SRC_3,STATION_EVENT,RECEIVE_ROUTE_ASSIGNED,2837.7329755045903,37.804642632143846,160.46732022723836,,,,,,
518.0000000000492,SRC_3,STATION_EVENT,STOP_TARGET_ASSIGNED,2838.7829354262017,37.79247172387595,159.41702449540935,,,,,,
518.0000000000492,SRC_3,STATION_EVENT,RECEIVE_ROUTE_ASSIGNED,2838.7829354262017,37.79247172387595,159.41702449540935,,,,,,
518.1000000000492,SRC_3,STATION_EVENT,STOP_TARGET_ASSIGNED,2839.8325549966326,37.78013734715407,158.36706457379796,,,,,,
518.1000000000492,SRC_3,STATION_EVENT,RECEIVE_ROUTE_ASSIGNED,2839.8325549966326,37.78013734715407,158.36706457379796,,,,,,
518.2000000000493,SRC_3,STATION_EVENT,STOP_TARGET_ASSIGNED,2840.881829675265,37.767639514397096,157.31744500336708,,,,,,
518.2000000000493,SRC_3,STATION_EVENT,RECEIVE_ROUTE_ASSIGNED,2840.881829675265,37.767639514397096,157.31744500336708,,,,,,
518.3000000000493,SRC_3,STATION_EVENT,STOP_TARGET_ASSIGNED,2841.9307549218265,37.75497823801624,156.26817032473446,,,,,,
518.3000000000493,SRC_3,STATION_EVENT,RECEIVE_ROUTE_ASSIGNED,2841.9307549218265,37.75497823801624,156.26817032473446,,,,,,
518.4000000000493,SRC_3,STATION_EVENT,STOP_TARGET_ASSIGNED,2842.9793261963882,37.74215353041495,155.21924507817312,,,,,,
518.4000000000493,SRC_3,STATION_EVENT,RECEIVE_ROUTE_ASSIGNED,2842.9793261963882,37.74215353041495,155.21924507817312,,,,,,
518.5000000000493,SRC_3,STATION_EVENT,STOP_TARGET_ASSIGNED,2844.027538959366,37.72916540398883,154.1706738036114,,,,,,
518.5000000000493,SRC_3,STATION_EVENT,RECEIVE_ROUTE_ASSIGNED,2844.027538959366,37.72916540398883,154.1706738036114,,,,,,
518.6000000000494,SRC_3,STATION_EVENT,STOP_TARGET_ASSIGNED,2845.0753886715206,37.71601387112552,153.12246104063343,,,,,,
518.6000000000494,SRC_3,STATION_EVENT,RECEIVE_ROUTE_ASSIGNED,2845.0753886715206,37.71601387112552,153.12246104063343,,,,,,
518.7000000000494,SRC_3,STATION_EVENT,STOP_TARGET_ASSIGNED,2846.122870793956,37.70269894420464,152.07461132847902,,,,,,
518.7000000000494,SRC_3,STATION_EVENT,RECEIVE_ROUTE_ASSIGNED,2846.122870793956,37.70269894420464,152.07461132847902,,,,,,
518.8000000000494,SRC_3,STATION_EVENT,STOP_TARGET_ASSIGNED,2847.1703580715307,37.71638504119213,151.0271292060438,,,,,,
518.8000000000494,SRC_3,STATION_EVENT,RECEIVE_ROUTE_ASSIGNED,2847.1703580715307,37.71638504119213,151.0271292060438,,,,,,
518.9000000000494,SRC_3,STATION_EVENT,STOP_TARGET_ASSIGNED,2848.218384263898,37.74150080922841,149.97964192846894,,,,,,
518.9000000000494,SRC_3,STATION_EVENT,RECEIVE_ROUTE_ASSIGNED,2848.218384263898,37.74150080922841,149.97964192846894,,,,,,
519.0000000000495,SRC_3,STATION_EVENT,STOP_TARGET_ASSIGNED,2849.267109947962,37.76674844341042,148.93161573610178,,,,,,
519.0000000000495,SRC_3,STATION_EVENT,RECEIVE_ROUTE_ASSIGNED,2849.267109947962,37.76674844341042,148.93161573610178,,,,,,
519.1000000000495,SRC_3,STATION_EVENT,STOP_TARGET_ASSIGNED,2850.316538786522,37.79212793288847,147.8828900520375,,,,,,
519.1000000000495,SRC_3,STATION_EVENT,RECEIVE_ROUTE_ASSIGNED,2850.316538786522,37.79212793288847,147.8828900520375,,,,,,
519.2000000000495,SRC_3,STATION_EVENT,STOP_TARGET_ASSIGNED,2851.3662975837665,37.790505468725655,146.83346121347768,,,,,,
519.2000000000495,SRC_3,STATION_EVENT,RECEIVE_ROUTE_ASSIGNED,2851.3662975837665,37.790505468725655,146.83346121347768,,,,,,
519.3000000000495,SRC_3,STATION_EVENT,STOP_TARGET_ASSIGNED,2852.415851642608,37.77738676786235,145.78370241623315,,,,,,
519.3000000000495,SRC_3,STATION_EVENT,RECEIVE_ROUTE_ASSIGNED,2852.415851642608,37.77738676786235,145.78370241623315,,,,,,
519.4000000000495,SRC_3,STATION_EVENT,STOP_TARGET_ASSIGNED,2853.4650390237075,37.764104671310605,144.73414835739186,,,,,,
519.4000000000495,SRC_3,STATION_EVENT,RECEIVE_ROUTE_ASSIGNED,2853.4650390237075,37.764104671310605,144.73414835739186,,,,,,
519.5000000000496,SRC_3,STATION_EVENT,STOP_TARGET_ASSIGNED,2854.513855188468,37.750659191454154,143.68496097629213,,,,,,
519.5000000000496,SRC_3,STATION_EVENT,RECEIVE_ROUTE_ASSIGNED,2854.513855188468,37.750659191454154,143.68496097629213,,,,,,
519.6000000000496,SRC_3,STATION_EVENT,STOP_TARGET_ASSIGNED,2855.5622955986364,37.73705034066855,142.63614481153172,,,,,,
519.6000000000496,SRC_3,STATION_EVENT,RECEIVE_ROUTE_ASSIGNED,2855.5622955986364,37.73705034066855,142.63614481153172,,,,,,
519.7000000000496,SRC_3,STATION_EVENT,STOP_TARGET_ASSIGNED,2856.610355716303,37.723278131321095,141.58770440136323,,,,,,
519.7000000000496,SRC_3,STATION_EVENT,RECEIVE_ROUTE_ASSIGNED,2856.610355716303,37.723278131321095,141.58770440136323,,,,,,
519.8000000000496,SRC_3,STATION_EVENT,STOP_TARGET_ASSIGNED,2857.6584082873123,37.736506981365096,140.53964428369682,,,,,,
519.8000000000496,SRC_3,STATION_EVENT,RECEIVE_ROUTE_ASSIGNED,2857.6584082873123,37.736506981365096,140.53964428369682,,,,,,
519.9000000000497,SRC_3,STATION_EVENT,STOP_TARGET_ASSIGNED,2858.706987019555,37.76116174011802,139.4915917126873,,,,,,
519.9000000000497,SRC_3,STATION_EVENT,RECEIVE_ROUTE_ASSIGNED,2858.706987019555,37.76116174011802,139.4915917126873,,,,,,
520.0000000000497,SRC_3,STATION_EVENT,STOP_TARGET_ASSIGNED,2859.756252438167,37.78594839993308,138.44301298044456,,,,,,
520.0000000000497,SRC_3,STATION_EVENT,RECEIVE_ROUTE_ASSIGNED,2859.756252438167,37.78594839993308,138.44301298044456,,,,,,
520.1000000000497,SRC_3,STATION_EVENT,STOP_TARGET_ASSIGNED,2860.805831348609,37.783733151903654,137.3937475618327,,,,,,
520.1000000000497,SRC_3,STATION_EVENT,RECEIVE_ROUTE_ASSIGNED,2860.805831348609,37.783733151903654,137.3937475618327,,,,,,
520.2000000000497,SRC_3,STATION_EVENT,STOP_TARGET_ASSIGNED,2861.85518912316,37.770026615768465,136.34416865139065,,,,,,
520.2000000000497,SRC_3,STATION_EVENT,RECEIVE_ROUTE_ASSIGNED,2861.85518912316,37.770026615768465,136.34416865139065,,,,,,
520.3000000000497,SRC_3,STATION_EVENT,STOP_TARGET_ASSIGNED,2862.904163891839,37.756156729090044,135.29481087683962,,,,,,
520.3000000000497,SRC_3,STATION_EVENT,RECEIVE_ROUTE_ASSIGNED,2862.904163891839,37.756156729090044,135.29481087683962,,,,,,
520.4000000000498,SRC_3,STATION_EVENT,STOP_TARGET_ASSIGNED,2863.9527511173014,37.7421235042297,134.2458361081608,,,,,,
520.4000000000498,SRC_3,STATION_EVENT,RECEIVE_ROUTE_ASSIGNED,2863.9527511173014,37.7421235042297,134.2458361081608,,,,,,
520.5000000000498,SRC_3,STATION_EVENT,STOP_TARGET_ASSIGNED,2865.000946262548,37.72792695354023,133.1972488826982,,,,,,
520.5000000000498,SRC_3,STATION_EVENT,RECEIVE_ROUTE_ASSIGNED,2865.000946262548,37.72792695354023,133.1972488826982,,,,,,
520.6000000000498,SRC_3,STATION_EVENT,STOP_TARGET_ASSIGNED,2866.048744790922,37.71356708936586,132.1490537374516,,,,,,
520.6000000000498,SRC_3,STATION_EVENT,RECEIVE_ROUTE_ASSIGNED,2866.048744790922,37.71356708936586,132.1490537374516,,,,,,
520.7000000000498,SRC_3,STATION_EVENT,STOP_TARGET_ASSIGNED,2867.096519449519,37.726208329636506,131.10125520907786,,,,,,
520.7000000000498,SRC_3,STATION_EVENT,RECEIVE_ROUTE_ASSIGNED,2867.096519449519,37.726208329636506,131.10125520907786,,,,,,
520.8000000000499,SRC_3,STATION_EVENT,STOP_TARGET_ASSIGNED,2868.1448038793887,37.75027062098476,130.0534805504808,,,,,,
520.8000000000499,SRC_3,STATION_EVENT,RECEIVE_ROUTE_ASSIGNED,2868.1448038793887,37.75027062098476,130.0534805504808,,,,,,
520.9000000000499,SRC_3,STATION_EVENT,STOP_TARGET_ASSIGNED,2869.193758538837,37.774464859264725,129.0051961206109,,,,,,
520.9000000000499,SRC_3,STATION_EVENT,RECEIVE_ROUTE_ASSIGNED,2869.193758538837,37.774464859264725,129.0051961206109,,,,,,
521.0000000000499,SRC_3,STATION_EVENT,STOP_TARGET_ASSIGNED,2870.2433870929053,37.79879103367691,127.95624146116279,,,,,,
521.0000000000499,SRC_3,STATION_EVENT,RECEIVE_ROUTE_ASSIGNED,2870.2433870929053,37.79879103367691,127.95624146116279,,,,,,
521.1000000000499,SRC_3,STATION_EVENT,STOP_TARGET_ASSIGNED,2871.2933163480307,37.7961153353351,126.90661290709431,,,,,,
521.1000000000499,SRC_3,STATION_EVENT,RECEIVE_ROUTE_ASSIGNED,2871.2933163480307,37.7961153353351,126.90661290709431,,,,,,
521.20000000005,SRC_3,STATION_EVENT,STOP_TARGET_ASSIGNED,2872.34301173021,37.781952181574745,125.85668365196898,,,,,,
521.20000000005,SRC_3,STATION_EVENT,RECEIVE_ROUTE_ASSIGNED,2872.34301173021,37.781952181574745,125.85668365196898,,,,,,
521.30000000005,SRC_3,STATION_EVENT,STOP_TARGET_ASSIGNED,2873.3923114231848,37.76762571261025,124.8069882697896,,,,,,
521.30000000005,SRC_3,STATION_EVENT,RECEIVE_ROUTE_ASSIGNED,2873.3923114231848,37.76762571261025,124.8069882697896,,,,,,
521.40000000005,SRC_3,STATION_EVENT,STOP_TARGET_ASSIGNED,2874.441210890593,37.75313594078814,123.75768857681487,,,,,,
521.40000000005,SRC_3,STATION_EVENT,RECEIVE_ROUTE_ASSIGNED,2874.441210890593,37.75313594078814,123.75768857681487,,,,,,
521.50000000005,SRC_3,STATION_EVENT,STOP_TARGET_ASSIGNED,2875.4897055964157,37.7384828784462,122.70878910940655,,,,,,
521.50000000005,SRC_3,STATION_EVENT,RECEIVE_ROUTE_ASSIGNED,2875.4897055964157,37.7384828784462,122.70878910940655,,,,,,
521.60000000005,SRC_3,STATION_EVENT,STOP_TARGET_ASSIGNED,2876.537791004976,37.72366653791337,121.66029440358398,,,,,,
521.60000000005,SRC_3,STATION_EVENT,RECEIVE_ROUTE_ASSIGNED,2876.537791004976,37.72366653791337,121.66029440358398,,,,,,
521.7000000000501,SRC_3,STATION_EVENT,STOP_TARGET_ASSIGNED,2877.58546258094,37.70868693150966,120.6122089950236,,,,,,
521.7000000000501,SRC_3,STATION_EVENT,RECEIVE_ROUTE_ASSIGNED,2877.58546258094,37.70868693150966,120.6122089950236,,,,,,
521.8000000000501,SRC_3,STATION_EVENT,STOP_TARGET_ASSIGNED,2878.633093072727,37.72070847714049,119.56453741905943,,,,,,
521.8000000000501,SRC_3,STATION_EVENT,RECEIVE_ROUTE_ASSIGNED,2878.633093072727,37.72070847714049,119.56453741905943,,,,,,
521.9000000000501,SRC_3,STATION_EVENT,STOP_TARGET_ASSIGNED,2879.6806824834966,37.70572909825171,118.51690692727243,,,,,,
521.9000000000501,SRC_3,STATION_EVENT,RECEIVE_ROUTE_ASSIGNED,2879.6806824834966,37.70572909825171,118.51690692727243,,,,,,
522.0000000000501,SRC_3,STATION_EVENT,STOP_TARGET_ASSIGNED,2880.7274808164075,37.66375087133074,117.469317516503,,,,,,
522.0000000000501,SRC_3,STATION_EVENT,RECEIVE_ROUTE_ASSIGNED,2880.7274808164075,37.66375087133074,117.469317516503,,,,,,
522.1000000000502,SRC_3,STATION_EVENT,STOP_TARGET_ASSIGNED,2881.773272156724,37.63322563145434,117.17251918359261,,,,,,
522.1000000000502,SRC_3,STATION_EVENT,RECEIVE_ROUTE_ASSIGNED,2881.773272156724,37.63322563145434,117.17251918359261,,,,,,
522.2000000000502,SRC_3,STATION_EVENT,STOP_TARGET_ASSIGNED,2882.8178406062843,37.57570273688259,116.12672784327606,,,,,,
522.2000000000502,SRC_3,STATION_EVENT,RECEIVE_ROUTE_ASSIGNED,2882.8178406062843,37.57570273688259,116.12672784327606,,,,,,
522.3000000000502,SRC_3,STATION_EVENT,STOP_TARGET_ASSIGNED,2883.860492307561,37.495219755035606,115.08215939371576,,,,,,
522.3000000000502,SRC_3,STATION_EVENT,RECEIVE_ROUTE_ASSIGNED,2883.860492307561,37.495219755035606,115.08215939371576,,,,,,
522.4000000000502,SRC_3,STATION_EVENT,STOP_TARGET_ASSIGNED,2884.9006704440194,37.397606069974664,114.0395076924392,,,,,,
522.4000000000502,SRC_3,STATION_EVENT,RECEIVE_ROUTE_ASSIGNED,2884.9006704440194,37.397606069974664,114.0395076924392,,,,,,
522.5000000000502,SRC_3,STATION_EVENT,STOP_TARGET_ASSIGNED,2885.937896662017,37.28268162583859,112.9993295559807,,,,,,
522.5000000000502,SRC_3,STATION_EVENT,RECEIVE_ROUTE_ASSIGNED,2885.937896662017,37.28268162583859,112.9993295559807,,,,,,
522.6000000000503,SRC_3,STATION_EVENT,STOP_TARGET_ASSIGNED,2886.9716876771276,37.15027146213298,111.96210333798308,,,,,,
522.6000000000503,SRC_3,STATION_EVENT,RECEIVE_ROUTE_ASSIGNED,2886.9716876771276,37.15027146213298,111.96210333798308,,,,,,
522.7000000000503,SRC_3,STATION_EVENT,STOP_TARGET_ASSIGNED,2888.001866676897,37.02261652126383,110.92831232287244,,,,,,
522.7000000000503,SRC_3,STATION_EVENT,RECEIVE_ROUTE_ASSIGNED,2888.001866676897,37.02261652126383,110.92831232287244,,,,,,
522.8000000000503,SRC_3,STATION_EVENT,STOP_TARGET_ASSIGNED,2889.0281248412007,36.867971308615175,109.89813332310314,,,,,,
522.8000000000503,SRC_3,STATION_EVENT,RECEIVE_ROUTE_ASSIGNED,2889.0281248412007,36.867971308615175,109.89813332310314,,,,,,
522.9000000000503,SRC_3,STATION_EVENT,STOP_TARGET_ASSIGNED,2890.0504624684977,36.74033785678545,108.87187515879941,,,,,,
522.9000000000503,SRC_3,STATION_EVENT,RECEIVE_ROUTE_ASSIGNED,2890.0504624684977,36.74033785678545,108.87187515879941,,,,,,
523.0000000000504,SRC_3,STATION_EVENT,STOP_TARGET_ASSIGNED,2891.0688862120455,36.586171678658424,107.84953753150239,,,,,,
523.0000000000504,SRC_3,STATION_EVENT,RECEIVE_ROUTE_ASSIGNED,2891.0688862120455,36.586171678658424,107.84953753150239,,,,,,
523.1000000000504,SRC_3,STATION_EVENT,STOP_TARGET_ASSIGNED,2892.082778245328,36.41405471767436,106.83111378795456,,,,,,
523.1000000000504,SRC_3,STATION_EVENT,RECEIVE_ROUTE_ASSIGNED,2892.082778245328,36.41405471767436,106.83111378795456,,,,,,
523.2000000000504,SRC_3,STATION_EVENT,STOP_TARGET_ASSIGNED,2893.091637815964,36.22383436812562,105.81722175467212,,,,,,
523.2000000000504,SRC_3,STATION_EVENT,RECEIVE_ROUTE_ASSIGNED,2893.091637815964,36.22383436812562,105.81722175467212,,,,,,
523.3000000000504,SRC_3,STATION_EVENT,STOP_TARGET_ASSIGNED,2894.0955886870843,36.06062835251393,104.80836218403601,,,,,,
523.3000000000504,SRC_3,STATION_EVENT,RECEIVE_ROUTE_ASSIGNED,2894.0955886870843,36.06062835251393,104.80836218403601,,,,,,
523.4000000000505,SRC_3,STATION_EVENT,STOP_TARGET_ASSIGNED,2895.0946506502514,35.87183299552911,103.80441131291582,,,,,,
523.4000000000505,SRC_3,STATION_EVENT,RECEIVE_ROUTE_ASSIGNED,2895.0946506502514,35.87183299552911,103.80441131291582,,,,,,
523.5000000000505,SRC_3,STATION_EVENT,STOP_TARGET_ASSIGNED,2896.088543224142,35.68843232459872,102.80534934974867,,,,,,
523.5000000000505,SRC_3,STATION_EVENT,RECEIVE_ROUTE_ASSIGNED,2896.088543224142,35.68843232459872,102.80534934974867,,,,,,
523.6000000000505,SRC_3,STATION_EVENT,STOP_TARGET_ASSIGNED,2897.0769665253715,35.47804536391441,101.811456775858,,,,,,
523.6000000000505,SRC_3,STATION_EVENT,RECEIVE_ROUTE_ASSIGNED,2897.0769665253715,35.47804536391441,101.811456775858,,,,,,
523.7000000000505,SRC_3,STATION_EVENT,STOP_TARGET_ASSIGNED,2898.0599209621596,35.2946740848287,100.82303347462857,,,,,,
523.7000000000505,SRC_3,STATION_EVENT,RECEIVE_ROUTE_ASSIGNED,2898.0599209621596,35.2946740848287,100.82303347462857,,,,,,
523.8000000000505,SRC_3,STATION_EVENT,STOP_TARGET_ASSIGNED,2899.0374069415816,35.08431643356224,99.8400790378405,,,,,,
523.8000000000505,SRC_3,STATION_EVENT,RECEIVE_ROUTE_ASSIGNED,2899.0374069415816,35.08431643356224,99.8400790378405,,,,,,
523.9000000000506,SRC_3,STATION_EVENT,STOP_TARGET_ASSIGNED,2900.0094248694045,34.90097436967978,98.8625930584185,,,,,,
523.9000000000506,SRC_3,STATION_EVENT,RECEIVE_ROUTE_ASSIGNED,2900.0094248694045,34.90097436967978,98.8625930584185,,,,,,
524.0000000000506,SRC_3,STATION_EVENT,STOP_TARGET_ASSIGNED,2900.9759751502506,34.69064585124047,97.89057513059561,,,,,,
524.0000000000506,SRC_3,STATION_EVENT,RECEIVE_ROUTE_ASSIGNED,2900.9759751502506,34.69064585124047,97.89057513059561,,,,,,
524.1000000000506,SRC_3,STATION_EVENT,STOP_TARGET_ASSIGNED,2901.9367539661675,34.48542889479325,96.92402484974946,,,,,,
524.1000000000506,SRC_3,STATION_EVENT,RECEIVE_ROUTE_ASSIGNED,2901.9367539661675,34.48542889479325,96.92402484974946,,,,,,
524.2000000000506,SRC_3,STATION_EVENT,STOP_TARGET_ASSIGNED,2902.892207520368,34.30722700766369,95.96324603383255,,,,,,
524.2000000000506,SRC_3,STATION_EVENT,RECEIVE_ROUTE_ASSIGNED,2902.892207520368,34.30722700766369,95.96324603383255,,,,,,
524.3000000000507,SRC_3,STATION_EVENT,STOP_TARGET_ASSIGNED,2903.8423362033654,34.102038168145235,95.00779247963192,,,,,,
524.3000000000507,SRC_3,STATION_EVENT,RECEIVE_ROUTE_ASSIGNED,2903.8423362033654,34.102038168145235,95.00779247963192,,,,,,
524.4000000000507,SRC_3,STATION_EVENT,STOP_TARGET_ASSIGNED,2904.7863904044293,33.86986430846823,94.05766379663464,,,,,,
524.4000000000507,SRC_3,STATION_EVENT,RECEIVE_ROUTE_ASSIGNED,2904.7863904044293,33.86986430846823,94.05766379663464,,,,,,
524.5000000000507,SRC_3,STATION_EVENT,STOP_TARGET_ASSIGNED,2905.724370566245,33.66470734226463,93.11360959557078,,,,,,
524.5000000000507,SRC_3,STATION_EVENT,RECEIVE_ROUTE_ASSIGNED,2905.724370566245,33.66470734226463,93.11360959557078,,,,,,
524.6000000000507,SRC_3,STATION_EVENT,STOP_TARGET_ASSIGNED,2906.6565593228083,33.4528831303142,92.17562943375515,,,,,,
524.6000000000507,SRC_3,STATION_EVENT,RECEIVE_ROUTE_ASSIGNED,2906.6565593228083,33.4528831303142,92.17562943375515,,,,,,
524.7000000000507,SRC_3,STATION_EVENT,STOP_TARGET_ASSIGNED,2907.583239286155,33.26807423061713,91.24344067719176,,,,,,
524.7000000000507,SRC_3,STATION_EVENT,RECEIVE_ROUTE_ASSIGNED,2907.583239286155,33.26807423061713,91.24344067719176,,,,,,
524.8000000000508,SRC_3,STATION_EVENT,STOP_TARGET_ASSIGNED,2908.5044108539355,33.05627864957973,90.31676071384527,,,,,,
524.8000000000508,SRC_3,STATION_EVENT,RECEIVE_ROUTE_ASSIGNED,2908.5044108539355,33.05627864957973,90.31676071384527,,,,,,
524.9000000000508,SRC_3,STATION_EVENT,STOP_TARGET_ASSIGNED,2909.4193244224766,32.81749828539037,89.3955891460646,,,,,,
524.9000000000508,SRC_3,STATION_EVENT,RECEIVE_ROUTE_ASSIGNED,2909.4193244224766,32.81749828539037,89.3955891460646,,,,,,
525.0000000000508,SRC_3,STATION_EVENT,STOP_TARGET_ASSIGNED,2910.327980440566,32.60573501704956,88.48067557752347,,,,,,
525.0000000000508,SRC_3,STATION_EVENT,RECEIVE_ROUTE_ASSIGNED,2910.327980440566,32.60573501704956,88.48067557752347,,,,,,
525.1000000000508,SRC_3,STATION_EVENT,STOP_TARGET_ASSIGNED,2911.23062206788,32.38446214955979,87.57201955943401,,,,,,
525.1000000000508,SRC_3,STATION_EVENT,RECEIVE_ROUTE_ASSIGNED,2911.23062206788,32.38446214955979,87.57201955943401,,,,,,
525.2000000000509,SRC_3,STATION_EVENT,STOP_TARGET_ASSIGNED,2912.1274924451773,32.190205015824425,86.66937793211991,,,,,,
525.2000000000509,SRC_3,STATION_EVENT,RECEIVE_ROUTE_ASSIGNED,2912.1274924451773,32.190205015824425,86.66937793211991,,,,,,
525.3000000000509,SRC_3,STATION_EVENT,STOP_TARGET_ASSIGNED,2913.018591982203,31.9689616500275,85.77250755482282,,,,,,
525.3000000000509,SRC_3,STATION_EVENT,RECEIVE_ROUTE_ASSIGNED,2913.018591982203,31.9689616500275,85.77250755482282,,,,,,
525.4000000000509,SRC_3,STATION_EVENT,STOP_TARGET_ASSIGNED,2913.903921087255,31.774733913742807,84.88140801779718,,,,,,
525.4000000000509,SRC_3,STATION_EVENT,RECEIVE_ROUTE_ASSIGNED,2913.903921087255,31.774733913742807,84.88140801779718,,,,,,
525.5000000000509,SRC_3,STATION_EVENT,STOP_TARGET_ASSIGNED,2914.783480167358,31.553519853647604,83.9960789127449,,,,,,
525.5000000000509,SRC_3,STATION_EVENT,RECEIVE_ROUTE_ASSIGNED,2914.783480167358,31.553519853647604,83.9960789127449,,,,,,
525.600000000051,SRC_3,STATION_EVENT,STOP_TARGET_ASSIGNED,2915.6567721485185,31.323502789919633,83.1165198326421,,,,,,
525.600000000051,SRC_3,STATION_EVENT,RECEIVE_ROUTE_ASSIGNED,2915.6567721485185,31.323502789919633,83.1165198326421,,,,,,
525.700000000051,SRC_3,STATION_EVENT,STOP_TARGET_ASSIGNED,2916.5240499902075,31.120501811671186,82.2432278514816,,,,,,
525.700000000051,SRC_3,STATION_EVENT,RECEIVE_ROUTE_ASSIGNED,2916.5240499902075,31.120501811671186,82.2432278514816,,,,,,
525.800000000051,SRC_3,STATION_EVENT,STOP_TARGET_ASSIGNED,2917.385314112325,30.890514980786982,81.37595000979263,,,,,,
525.800000000051,SRC_3,STATION_EVENT,RECEIVE_ROUTE_ASSIGNED,2917.385314112325,30.890514980786982,81.37595000979263,,,,,,
525.900000000051,SRC_3,STATION_EVENT,STOP_TARGET_ASSIGNED,2918.2405649332054,30.687544122618103,80.51468588767511,,,,,,
525.900000000051,SRC_3,STATION_EVENT,RECEIVE_ROUTE_ASSIGNED,2918.2405649332054,30.687544122618103,80.51468588767511,,,,,,
526.000000000051,SRC_3,STATION_EVENT,STOP_TARGET_ASSIGNED,2919.089950693853,30.46823064401515,79.65943506679469,,,,,,
526.000000000051,SRC_3,STATION_EVENT,RECEIVE_ROUTE_ASSIGNED,2919.089950693853,30.46823064401515,79.65943506679469,,,,,,
526.1000000000511,SRC_3,STATION_EVENT,STOP_TARGET_ASSIGNED,2919.933619623529,30.27593229265378,78.810049306147,,,,,,
526.1000000000511,SRC_3,STATION_EVENT,RECEIVE_ROUTE_ASSIGNED,2919.933619623529,30.27593229265378,78.810049306147,,,,,,
526.2000000000511,SRC_3,STATION_EVENT,STATION_LINE_OCCUPIED,2920.7715721159434,30.056647161180482,77.96638037647108,,,,,,
537.8000000000537,SRC_3,STATION_STATE,final_approach,2975.0542022797,9.774556274549848,23.117378664457192,,,,,,
537.8000000000537,SRC_3,EOA_UPDATE,STATION_STOP_TARGET,2975.0542022797,9.774556274549848,23.117378664457192,,,,,,
560.3000000000588,SRC_3,STATION_STATE,aligned_stop,3000.0,0.0,-1.1468551759453476,,,,,,
560.3000000000588,SRC_3,STATION_STATE,dwell_started,3000.0,0.0,-1.1468551759453476,,,,,,
560.3000000000588,SRC_3,EOA_UPDATE,SAFETY_RESTRICTION,3000.0,0.0,-1.1468551759453476,,,,,,
594.6000000000666,SRC_4,STATION_EVENT,STOP_TARGET_ASSIGNED,2802.2461874831124,35.62176581454625,196.74894501163135,,,,,,
594.6000000000666,SRC_4,STATION_EVENT,RECEIVE_ROUTE_ASSIGNED,2802.2461874831124,35.62176581454625,196.74894501163135,,,,,,
594.7000000000667,SRC_4,STATION_EVENT,STOP_TARGET_ASSIGNED,2803.237091300336,35.72330902553919,195.80990982109915,,,,,,
594.7000000000667,SRC_4,STATION_EVENT,RECEIVE_ROUTE_ASSIGNED,2803.237091300336,35.72330902553919,195.80990982109915,,,,,,
594.8000000000667,SRC_4,STATION_EVENT,STOP_TARGET_ASSIGNED,2804.231190657048,35.85184465773752,194.86855119473694,,,,,,
594.8000000000667,SRC_4,STATION_EVENT,RECEIVE_ROUTE_ASSIGNED,2804.231190657048,35.85184465773752,194.86855119473694,,,,,,
594.9000000000667,SRC_4,STATION_EVENT,STOP_TARGET_ASSIGNED,2805.229235314518,36.007370680101154,193.92415680586055,,,,,,
594.9000000000667,SRC_4,STATION_EVENT,RECEIVE_ROUTE_ASSIGNED,2805.229235314518,36.007370680101154,193.92415680586055,,,,,,
595.0000000000667,SRC_4,STATION_EVENT,STOP_TARGET_ASSIGNED,2806.2319749774388,36.18988505017738,192.97601438126412,,,,,,
595.0000000000667,SRC_4,STATION_EVENT,RECEIVE_ROUTE_ASSIGNED,2806.2319749774388,36.18988505017738,192.97601438126412,,,,,,
595.1000000000668,SRC_4,STATION_EVENT,STOP_TARGET_ASSIGNED,2807.2394092935756,36.34538571167474,192.0234117014893,,,,,,
595.1000000000668,SRC_4,STATION_EVENT,RECEIVE_ROUTE_ASSIGNED,2807.2394092935756,36.34538571167474,192.0234117014893,,,,,,
595.2000000000668,SRC_4,STATION_EVENT,STOP_TARGET_ASSIGNED,2808.2510655660462,36.49386590620261,191.06634910115918,,,,,,
595.2000000000668,SRC_4,STATION_EVENT,RECEIVE_ROUTE_ASSIGNED,2808.2510655660462,36.49386590620261,191.06634910115918,,,,,,
595.3000000000668,SRC_4,STATION_EVENT,STOP_TARGET_ASSIGNED,2809.2668623944887,36.64350574164071,190.10527564231234,,,,,,
595.3000000000668,SRC_4,STATION_EVENT,RECEIVE_ROUTE_ASSIGNED,2809.2668623944887,36.64350574164071,190.10527564231234,,,,,,
595.4000000000668,SRC_4,STATION_EVENT,STOP_TARGET_ASSIGNED,2810.2868319895906,36.794305105691606,189.14026865529195,,,,,,
595.4000000000668,SRC_4,STATION_EVENT,RECEIVE_ROUTE_ASSIGNED,2810.2868319895906,36.794305105691606,189.14026865529195,,,,,,
595.5000000000668,SRC_4,STATION_EVENT,STOP_TARGET_ASSIGNED,2811.3106152971604,36.91809303933412,188.17129753994504,,,,,,
595.5000000000668,SRC_4,STATION_EVENT,RECEIVE_ROUTE_ASSIGNED,2811.3106152971604,36.91809303933412,188.17129753994504,,,,,,
595.6000000000669,SRC_4,STATION_EVENT,STOP_TARGET_ASSIGNED,2812.337693161408,37.03151318649018,187.1987033977539,,,,,,
595.6000000000669,SRC_4,STATION_EVENT,RECEIVE_ROUTE_ASSIGNED,2812.337693161408,37.03151318649018,187.1987033977539,,,,,,
595.7000000000669,SRC_4,STATION_EVENT,STOP_TARGET_ASSIGNED,2813.36773587285,37.13156203733015,186.22297942671867,,,,,,
595.7000000000669,SRC_4,STATION_EVENT,RECEIVE_ROUTE_ASSIGNED,2813.36773587285,37.13156203733015,186.22297942671867,,,,,,
595.8000000000669,SRC_4,STATION_EVENT,STOP_TARGET_ASSIGNED,2814.400667475099,37.23951332459145,185.24443885084838,,,,,,
595.8000000000669,SRC_4,STATION_EVENT,RECEIVE_ROUTE_ASSIGNED,2814.400667475099,37.23951332459145,185.24443885084838,,,,,,
595.9000000000669,SRC_4,STATION_EVENT,STOP_TARGET_ASSIGNED,2815.436222609792,37.320456373305845,184.2631538287119,,,,,,
595.9000000000669,SRC_4,STATION_EVENT,RECEIVE_ROUTE_ASSIGNED,2815.436222609792,37.320456373305845,184.2631538287119,,,,,,
596.000000000067,SRC_4,STATION_EVENT,STOP_TARGET_ASSIGNED,2816.4738762167012,37.39060332415671,183.27937645075372,,,,,,
596.000000000067,SRC_4,STATION_EVENT,RECEIVE_ROUTE_ASSIGNED,2816.4738762167012,37.39060332415671,183.27937645075372,,,,,,
596.100000000067,SRC_4,STATION_EVENT,STOP_TARGET_ASSIGNED,2817.513485114485,37.46123731626024,182.27612378329877,,,,,,
596.100000000067,SRC_4,STATION_EVENT,RECEIVE_ROUTE_ASSIGNED,2817.513485114485,37.46123731626024,182.27612378329877,,,,,,
596.200000000067,SRC_4,STATION_EVENT,STOP_TARGET_ASSIGNED,2818.5550628314722,37.53235830683039,181.23651488551513,,,,,,
596.200000000067,SRC_4,STATION_EVENT,RECEIVE_ROUTE_ASSIGNED,2818.5550628314722,37.53235830683039,181.23651488551513,,,,,,
596.300000000067,SRC_4,STATION_EVENT,STOP_TARGET_ASSIGNED,2819.5986228948027,37.60396625296972,180.19493716852776,,,,,,
596.300000000067,SRC_4,STATION_EVENT,RECEIVE_ROUTE_ASSIGNED,2819.5986228948027,37.60396625296972,180.19493716852776,,,,,,
596.400000000067,SRC_4,STATION_EVENT,STOP_TARGET_ASSIGNED,2820.6437969914236,37.648568703743216,179.1513771051973,,,,,,
596.400000000067,SRC_4,STATION_EVENT,RECEIVE_ROUTE_ASSIGNED,2820.6437969914236,37.648568703743216,179.1513771051973,,,,,,
596.5000000000671,SRC_4,STATION_EVENT,STOP_TARGET_ASSIGNED,2821.6900555500074,37.68204751427311,178.10620300857636,,,,,,
596.5000000000671,SRC_4,STATION_EVENT,RECEIVE_ROUTE_ASSIGNED,2821.6900555500074,37.68204751427311,178.10620300857636,,,,,,
596.6000000000671,SRC_4,STATION_EVENT,STOP_TARGET_ASSIGNED,2822.7372466620113,37.71571255002187,177.0599444499926,,,,,,
596.6000000000671,SRC_4,STATION_EVENT,RECEIVE_ROUTE_ASSIGNED,2822.7372466620113,37.71571255002187,177.0599444499926,,,,,,
596.7000000000671,SRC_4,STATION_EVENT,STOP_TARGET_ASSIGNED,2823.785180291809,37.735508795422255,176.01275333798867,,,,,,
596.7000000000671,SRC_4,STATION_EVENT,RECEIVE_ROUTE_ASSIGNED,2823.785180291809,37.735508795422255,176.01275333798867,,,,,,
596.8000000000671,SRC_4,STATION_EVENT,STOP_TARGET_ASSIGNED,2824.833762876693,37.762437316224926,174.96481970819104,,,,,,
596.8000000000671,SRC_4,STATION_EVENT,RECEIVE_ROUTE_ASSIGNED,2824.833762876693,37.762437316224926,174.96481970819104,,,,,,
596.9000000000672,SRC_4,STATION_EVENT,STOP_TARGET_ASSIGNED,2825.883095305573,37.78949756313517,173.91623712330693,,,,,,
596.9000000000672,SRC_4,STATION_EVENT,RECEIVE_ROUTE_ASSIGNED,2825.883095305573,37.78949756313517,173.91623712330693,,,,,,
597.0000000000672,SRC_4,STATION_EVENT,STOP_TARGET_ASSIGNED,2826.9331812373557,37.81668952520591,172.86690469442692,,,,,,
597.0000000000672,SRC_4,STATION_EVENT,RECEIVE_ROUTE_ASSIGNED,2826.9331812373557,37.81668952520591,172.86690469442692,,,,,,
597.1000000000672,SRC_4,STATION_EVENT,STOP_TARGET_ASSIGNED,2827.984024330643,37.84401319147903,171.8168187626443,,,,,,
597.1000000000672,SRC_4,STATION_EVENT,RECEIVE_ROUTE_ASSIGNED,2827.984024330643,37.84401319147903,171.8168187626443,,,,,,
597.2000000000672,SRC_4,STATION_EVENT,STOP_TARGET_ASSIGNED,2829.035628243733,37.87146855098531,170.76597566935698,,,,,,
597.2000000000672,SRC_4,STATION_EVENT,RECEIVE_ROUTE_ASSIGNED,2829.035628243733,37.87146855098531,170.76597566935698,,,,,,
597.3000000000673,SRC_4,STATION_EVENT,STOP_TARGET_ASSIGNED,2830.0876197763114,37.871921794667465,169.71437175626716,,,,,,
597.3000000000673,SRC_4,STATION_EVENT,RECEIVE_ROUTE_ASSIGNED,2830.0876197763114,37.871921794667465,169.71437175626716,,,,,,
597.4000000000673,SRC_4,STATION_EVENT,STOP_TARGET_ASSIGNED,2831.1394639878577,37.860861436676245,168.66238022368861,,,,,,
597.4000000000673,SRC_4,STATION_EVENT,RECEIVE_ROUTE_ASSIGNED,2831.1394639878577,37.860861436676245,168.66238022368861,,,,,,
597.5000000000673,SRC_4,STATION_EVENT,STOP_TARGET_ASSIGNED,2832.1909986956666,37.84963752555408,167.61053601214235,,,,,,
597.5000000000673,SRC_4,STATION_EVENT,RECEIVE_ROUTE_ASSIGNED,2832.1909986956666,37.84963752555408,167.61053601214235,,,,,,
597.6000000000673,SRC_4,STATION_EVENT,STOP_TARGET_ASSIGNED,2833.242219356768,37.83825007376769,166.55900130433338,,,,,,
597.6000000000673,SRC_4,STATION_EVENT,RECEIVE_ROUTE_ASSIGNED,2833.242219356768,37.83825007376769,166.55900130433338,,,,,,
597.7000000000673,SRC_4,STATION_EVENT,STOP_TARGET_ASSIGNED,2834.2931214285395,37.82669909377669,165.50778064323185,,,,,,
597.7000000000673,SRC_4,STATION_EVENT,RECEIVE_ROUTE_ASSIGNED,2834.2931214285395,37.82669909377669,165.50778064323185,,,,,,
597.8000000000674,SRC_4,STATION_EVENT,STOP_TARGET_ASSIGNED,2835.3437003687036,37.81498459803354,164.4568785714605,,,,,,
597.8000000000674,SRC_4,STATION_EVENT,RECEIVE_ROUTE_ASSIGNED,2835.3437003687036,37.81498459803354,164.4568785714605,,,,,,
597.9000000000674,SRC_4,STATION_EVENT,STOP_TARGET_ASSIGNED,2836.393951635329,37.80310659898343,163.4062996312964,,,,,,
597.9000000000674,SRC_4,STATION_EVENT,RECEIVE_ROUTE_ASSIGNED,2836.393951635329,37.80310659898343,163.4062996312964,,,,,,
598.0000000000674,SRC_4,STATION_EVENT,STOP_TARGET_ASSIGNED,2837.4438706868295,37.79106510906422,162.3560483646711,,,,,,
598.0000000000674,SRC_4,STATION_EVENT,RECEIVE_ROUTE_ASSIGNED,2837.4438706868295,37.79106510906422,162.3560483646711,,,,,,
598.1000000000674,SRC_4,STATION_EVENT,STOP_TARGET_ASSIGNED,2838.493452981965,37.77886014070634,161.30612931317046,,,,,,
598.1000000000674,SRC_4,STATION_EVENT,RECEIVE_ROUTE_ASSIGNED,2838.493452981965,37.77886014070634,161.30612931317046,,,,,,
598.2000000000675,SRC_4,STATION_EVENT,STOP_TARGET_ASSIGNED,2839.542693979841,37.7664917063327,160.25654701803478,,,,,,
598.2000000000675,SRC_4,STATION_EVENT,RECEIVE_ROUTE_ASSIGNED,2839.542693979841,37.7664917063327,160.25654701803478,,,,,,
598.3000000000675,SRC_4,STATION_EVENT,STOP_TARGET_ASSIGNED,2840.591589139906,37.753959818358595,159.2073060201592,,,,,,
598.3000000000675,SRC_4,STATION_EVENT,RECEIVE_ROUTE_ASSIGNED,2840.591589139906,37.753959818358595,159.2073060201592,,,,,,
598.4000000000675,SRC_4,STATION_EVENT,STOP_TARGET_ASSIGNED,2841.640133921955,37.74126448919162,158.15841086009414,,,,,,
598.4000000000675,SRC_4,STATION_EVENT,RECEIVE_ROUTE_ASSIGNED,2841.640133921955,37.74126448919162,158.15841086009414,,,,,,
598.5000000000675,SRC_4,STATION_EVENT,STOP_TARGET_ASSIGNED,2842.6883237861275,37.72840573123162,157.1098660780449,,,,,,
598.5000000000675,SRC_4,STATION_EVENT,RECEIVE_ROUTE_ASSIGNED,2842.6883237861275,37.72840573123162,157.1098660780449,,,,,,
598.6000000000676,SRC_4,STATION_EVENT,STOP_TARGET_ASSIGNED,2843.7361541929067,37.71538355687053,156.0616762138725,,,,,,
598.6000000000676,SRC_4,STATION_EVENT,RECEIVE_ROUTE_ASSIGNED,2843.7361541929067,37.71538355687053,156.0616762138725,,,,,,
598.7000000000676,SRC_4,STATION_EVENT,STOP_TARGET_ASSIGNED,2844.78362060312,37.702197978492336,155.01384580709328,,,,,,
598.7000000000676,SRC_4,STATION_EVENT,RECEIVE_ROUTE_ASSIGNED,2844.78362060312,37.702197978492336,155.01384580709328,,,,,,
598.8000000000676,SRC_4,STATION_EVENT,STOP_TARGET_ASSIGNED,2845.8310957613503,37.71601341406741,153.9663793968798,,,,,,
598.8000000000676,SRC_4,STATION_EVENT,RECEIVE_ROUTE_ASSIGNED,2845.8310957613503,37.71601341406741,153.9663793968798,,,,,,
598.9000000000676,SRC_4,STATION_EVENT,STOP_TARGET_ASSIGNED,2846.879113441938,37.74125958825247,152.9189042386497,,,,,,
598.9000000000676,SRC_4,STATION_EVENT,RECEIVE_ROUTE_ASSIGNED,2846.879113441938,37.74125958825247,152.9189042386497,,,,,,
599.0000000000676,SRC_4,STATION_EVENT,STOP_TARGET_ASSIGNED,2847.927834236477,37.76663761856088,151.870886558062,,,,,,
599.0000000000676,SRC_4,STATION_EVENT,RECEIVE_ROUTE_ASSIGNED,2847.927834236477,37.76663761856088,151.870886558062,,,,,,
599.1000000000677,SRC_4,STATION_EVENT,STOP_TARGET_ASSIGNED,2848.9772618074867,37.79214749413642,150.82216576352312,,,,,,
599.1000000000677,SRC_4,STATION_EVENT,RECEIVE_ROUTE_ASSIGNED,2848.9772618074867,37.79214749413642,150.82216576352312,,,,,,
599.2000000000677,SRC_4,STATION_EVENT,STOP_TARGET_ASSIGNED,2850.0270229588778,37.790655406035654,149.77273819251332,,,,,,
599.2000000000677,SRC_4,STATION_EVENT,RECEIVE_ROUTE_ASSIGNED,2850.0270229588778,37.790655406035654,149.77273819251332,,,,,,
599.3000000000677,SRC_4,STATION_EVENT,STOP_TARGET_ASSIGNED,2851.0765829783186,37.77766599369627,148.72297704112225,,,,,,
599.3000000000677,SRC_4,STATION_EVENT,RECEIVE_ROUTE_ASSIGNED,2851.0765829783186,37.77766599369627,148.72297704112225,,,,,,
599.4000000000677,SRC_4,STATION_EVENT,STOP_TARGET_ASSIGNED,2852.1257799112273,37.76451317571863,147.67341702168142,,,,,,
599.4000000000677,SRC_4,STATION_EVENT,RECEIVE_ROUTE_ASSIGNED,2852.1257799112273,37.76451317571863,147.67341702168142,,,,,,
599.5000000000678,SRC_4,STATION_EVENT,STOP_TARGET_ASSIGNED,2853.17460921873,37.75119696449107,146.62422008877274,,,,,,
599.5000000000678,SRC_4,STATION_EVENT,RECEIVE_ROUTE_ASSIGNED,2853.17460921873,37.75119696449107,146.62422008877274,,,,,,
599.6000000000678,SRC_4,STATION_EVENT,STOP_TARGET_ASSIGNED,2854.2230663622977,37.737717372393796,145.57539078127002,,,,,,
599.6000000000678,SRC_4,STATION_EVENT,RECEIVE_ROUTE_ASSIGNED,2854.2230663622977,37.737717372393796,145.57539078127002,,,,,,
599.7000000000678,SRC_4,STATION_EVENT,STOP_TARGET_ASSIGNED,2855.2711468037446,37.724074411798824,144.5269336377023,,,,,,
599.7000000000678,SRC_4,STATION_EVENT,RECEIVE_ROUTE_ASSIGNED,2855.2711468037446,37.724074411798824,144.5269336377023,,,,,,
599.8000000000678,SRC_4,STATION_EVENT,STOP_TARGET_ASSIGNED,2856.31922328864,37.73743250066428,143.4788531962554,,,,,,
599.8000000000678,SRC_4,STATION_EVENT,RECEIVE_ROUTE_ASSIGNED,2856.31922328864,37.73743250066428,143.4788531962554,,,,,,
599.9000000000678,SRC_4,STATION_EVENT,STOP_TARGET_ASSIGNED,2857.367829539563,37.76221756578513,142.43077671136007,,,,,,
599.9000000000678,SRC_4,STATION_EVENT,RECEIVE_ROUTE_ASSIGNED,2857.367829539563,37.76221756578513,142.43077671136007,,,,,,
600.0000000000679,SRC_4,STATION_EVENT,STOP_TARGET_ASSIGNED,2858.4167492380298,37.76000072383773,141.382170460437,,,,,,
600.0000000000679,SRC_4,STATION_EVENT,RECEIVE_ROUTE_ASSIGNED,2858.4167492380298,37.76000072383773,141.382170460437,,,,,,
600.1000000000679,SRC_4,STATION_EVENT,STOP_TARGET_ASSIGNED,2859.4654477567237,37.74629262211748,140.33325076197025,,,,,,
600.1000000000679,SRC_4,STATION_EVENT,RECEIVE_ROUTE_ASSIGNED,2859.4654477567237,37.74629262211748,140.33325076197025,,,,,,
600.2000000000679,SRC_4,STATION_EVENT,STOP_TARGET_ASSIGNED,2860.5137632260535,37.73242116961303,139.28455224327627,,,,,,
600.2000000000679,SRC_4,STATION_EVENT,RECEIVE_ROUTE_ASSIGNED,2860.5137632260535,37.73242116961303,139.28455224327627,,,,,,
600.3000000000679,SRC_4,STATION_EVENT,STOP_TARGET_ASSIGNED,2861.5620683920797,37.74555078427575,138.23623677394653,,,,,,
600.3000000000679,SRC_4,STATION_EVENT,RECEIVE_ROUTE_ASSIGNED,2861.5620683920797,37.74555078427575,138.23623677394653,,,,,,
600.400000000068,SRC_4,STATION_EVENT,STOP_TARGET_ASSIGNED,2862.6108969515008,37.77010549404729,137.1879316079203,,,,,,
600.400000000068,SRC_4,STATION_EVENT,RECEIVE_ROUTE_ASSIGNED,2862.6108969515008,37.77010549404729,137.1879316079203,,,,,,
600.500000000068,SRC_4,STATION_EVENT,STOP_TARGET_ASSIGNED,2863.6600325599493,37.76765831425676,136.13910304849924,,,,,,
600.500000000068,SRC_4,STATION_EVENT,RECEIVE_ROUTE_ASSIGNED,2863.6600325599493,37.76765831425676,136.13910304849924,,,,,,
600.600000000068,SRC_4,STATION_EVENT,STOP_TARGET_ASSIGNED,2864.7089406169675,37.753721791041976,135.0899674400507,,,,,,
600.600000000068,SRC_4,STATION_EVENT,RECEIVE_ROUTE_ASSIGNED,2864.7089406169675,37.753721791041976,135.0899674400507,,,,,,
600.700000000068,SRC_4,STATION_EVENT,STOP_TARGET_ASSIGNED,2865.7574592798255,37.739621934736356,134.04105938303246,,,,,,
600.700000000068,SRC_4,STATION_EVENT,RECEIVE_ROUTE_ASSIGNED,2865.7574592798255,37.739621934736356,134.04105938303246,,,,,,
600.800000000068,SRC_4,STATION_EVENT,STOP_TARGET_ASSIGNED,2866.805584011665,37.725358757689804,132.99254072017447,,,,,,
600.800000000068,SRC_4,STATION_EVENT,RECEIVE_ROUTE_ASSIGNED,2866.805584011665,37.725358757689804,132.99254072017447,,,,,,
600.9000000000681,SRC_4,STATION_EVENT,STOP_TARGET_ASSIGNED,2867.8536875593804,37.73809667783799,131.9444159883351,,,,,,
600.9000000000681,SRC_4,STATION_EVENT,RECEIVE_ROUTE_ASSIGNED,2867.8536875593804,37.73809667783799,131.9444159883351,,,,,,
601.0000000000681,SRC_4,STATION_EVENT,STOP_TARGET_ASSIGNED,2868.9023035751097,37.76225645468364,130.89631244061957,,,,,,
601.0000000000681,SRC_4,STATION_EVENT,RECEIVE_ROUTE_ASSIGNED,2868.9023035751097,37.76225645468364,130.89631244061957,,,,,,
601.1000000000681,SRC_4,STATION_EVENT,STOP_TARGET_ASSIGNED,2869.9515925282394,37.786548170640856,129.84769642489027,,,,,,
601.1000000000681,SRC_4,STATION_EVENT,RECEIVE_ROUTE_ASSIGNED,2869.9515925282394,37.786548170640856,129.84769642489027,,,,,,
601.2000000000681,SRC_4,STATION_EVENT,STOP_TARGET_ASSIGNED,2871.0011812252874,37.78383801682685,128.79840747176058,,,,,,
601.2000000000681,SRC_4,STATION_EVENT,RECEIVE_ROUTE_ASSIGNED,2871.0011812252874,37.78383801682685,128.79840747176058,,,,,,
601.3000000000682,SRC_4,STATION_EVENT,STOP_TARGET_ASSIGNED,2872.0505350963927,37.769640702756405,127.74881877471262,,,,,,
601.3000000000682,SRC_4,STATION_EVENT,RECEIVE_ROUTE_ASSIGNED,2872.0505350963927,37.769640702756405,127.74881877471262,,,,,,
601.4000000000682,SRC_4,STATION_EVENT,STOP_TARGET_ASSIGNED,2873.0994923294297,37.75528007591781,126.69946490360735,,,,,,
601.4000000000682,SRC_4,STATION_EVENT,RECEIVE_ROUTE_ASSIGNED,2873.0994923294297,37.75528007591781,126.69946490360735,,,,,,
601.5000000000682,SRC_4,STATION_EVENT,STOP_TARGET_ASSIGNED,2874.148048388104,37.740756148654086,125.65050767057028,,,,,,
601.5000000000682,SRC_4,STATION_EVENT,RECEIVE_ROUTE_ASSIGNED,2874.148048388104,37.740756148654086,125.65050767057028,,,,,,
601.6000000000682,SRC_4,STATION_EVENT,STOP_TARGET_ASSIGNED,2875.196198736465,37.72606893329948,124.60195161189586,,,,,,
601.6000000000682,SRC_4,STATION_EVENT,RECEIVE_ROUTE_ASSIGNED,2875.196198736465,37.72606893329948,124.60195161189586,,,,,,
601.7000000000683,SRC_4,STATION_EVENT,STOP_TARGET_ASSIGNED,2876.243938838902,37.71121844217941,123.5538012635352,,,,,,
601.7000000000683,SRC_4,STATION_EVENT,RECEIVE_ROUTE_ASSIGNED,2876.243938838902,37.71121844217941,123.5538012635352,,,,,,
601.8000000000683,SRC_4,STATION_EVENT,STOP_TARGET_ASSIGNED,2877.2916414435604,37.72336909320473,122.50606116109793,,,,,,
601.8000000000683,SRC_4,STATION_EVENT,RECEIVE_ROUTE_ASSIGNED,2877.2916414435604,37.72336909320473,122.50606116109793,,,,,,
601.9000000000683,SRC_4,STATION_EVENT,STOP_TARGET_ASSIGNED,2878.3398401357344,37.74693674332552,121.45835855643963,,,,,,
601.9000000000683,SRC_4,STATION_EVENT,RECEIVE_ROUTE_ASSIGNED,2878.3398401357344,37.74693674332552,121.45835855643963,,,,,,
602.0000000000683,SRC_4,STATION_EVENT,STOP_TARGET_ASSIGNED,2879.38861619238,37.76493933517139,120.41015986426555,,,,,,
602.0000000000683,SRC_4,STATION_EVENT,RECEIVE_ROUTE_ASSIGNED,2879.38861619238,37.76493933517139,120.41015986426555,,,,,,
602.1000000000683,SRC_4,STATION_EVENT,STOP_TARGET_ASSIGNED,2880.437517301781,37.755940541699054,119.36138380761986,,,,,,
602.1000000000683,SRC_4,STATION_EVENT,RECEIVE_ROUTE_ASSIGNED,2880.437517301781,37.755940541699054,119.36138380761986,,,,,,
602.2000000000684,SRC_4,STATION_EVENT,STOP_TARGET_ASSIGNED,2881.4858739675965,37.72573939702442,118.16248269821881,,,,,,
602.2000000000684,SRC_4,STATION_EVENT,RECEIVE_ROUTE_ASSIGNED,2881.4858739675965,37.72573939702442,118.16248269821881,,,,,,
602.3000000000684,SRC_4,STATION_EVENT,STOP_TARGET_ASSIGNED,2882.533155654496,37.67854205974688,117.11412603240342,,,,,,
602.3000000000684,SRC_4,STATION_EVENT,RECEIVE_ROUTE_ASSIGNED,2882.533155654496,37.67854205974688,117.11412603240342,,,,,,
602.4000000000684,SRC_4,STATION_EVENT,STOP_TARGET_ASSIGNED,2883.578893267372,37.61456606734067,116.0668443455038,,,,,,
602.4000000000684,SRC_4,STATION_EVENT,RECEIVE_ROUTE_ASSIGNED,2883.578893267372,37.61456606734067,116.0668443455038,,,,,,
602.5000000000684,SRC_4,STATION_EVENT,STOP_TARGET_ASSIGNED,2884.622618045091,37.53361792839148,115.02110673262769,,,,,,
602.5000000000684,SRC_4,STATION_EVENT,RECEIVE_ROUTE_ASSIGNED,2884.622618045091,37.53361792839148,115.02110673262769,,,,,,
602.6000000000685,SRC_4,STATION_EVENT,STOP_TARGET_ASSIGNED,2885.663855931701,37.43550990755183,113.9773819549091,,,,,,
602.6000000000685,SRC_4,STATION_EVENT,RECEIVE_ROUTE_ASSIGNED,2885.663855931701,37.43550990755183,113.9773819549091,,,,,,
602.7000000000685,SRC_4,STATION_EVENT,STOP_TARGET_ASSIGNED,2886.70212774147,37.32006039582822,112.93614406829874,,,,,,
602.7000000000685,SRC_4,STATION_EVENT,RECEIVE_ROUTE_ASSIGNED,2886.70212774147,37.32006039582822,112.93614406829874,,,,,,
602.8000000000685,SRC_4,STATION_EVENT,STOP_TARGET_ASSIGNED,2887.736949333064,37.187094198922765,111.89787225852979,,,,,,
602.8000000000685,SRC_4,STATION_EVENT,RECEIVE_ROUTE_ASSIGNED,2887.736949333064,37.187094198922765,111.89787225852979,,,,,,
602.9000000000685,SRC_4,STATION_EVENT,STOP_TARGET_ASSIGNED,2888.7681431513597,37.058860718384366,110.86305066693603,,,,,,
602.9000000000685,SRC_4,STATION_EVENT,RECEIVE_ROUTE_ASSIGNED,2888.7681431513597,37.058860718384366,110.86305066693603,,,,,,
603.0000000000686,SRC_4,STATION_EVENT,STOP_TARGET_ASSIGNED,2889.7954000643285,36.90363701536068,109.8318568486402,,,,,,
603.0000000000686,SRC_4,STATION_EVENT,RECEIVE_ROUTE_ASSIGNED,2889.7954000643285,36.90363701536068,109.8318568486402,,,,,,
603.1000000000686,SRC_4,STATION_EVENT,STOP_TARGET_ASSIGNED,2890.818072005324,36.728742736336635,108.80459993567138,,,,,,
603.1000000000686,SRC_4,STATION_EVENT,RECEIVE_ROUTE_ASSIGNED,2890.818072005324,36.728742736336635,108.80459993567138,,,,,,
603.2000000000686,SRC_4,STATION_EVENT,STOP_TARGET_ASSIGNED,2891.836260956287,36.58086173299122,107.7819279946757,,,,,,
603.2000000000686,SRC_4,STATION_EVENT,RECEIVE_ROUTE_ASSIGNED,2891.836260956287,36.58086173299122,107.7819279946757,,,,,,
603.3000000000686,SRC_4,STATION_EVENT,STOP_TARGET_ASSIGNED,2892.8499921869293,36.40778687325247,106.76373904371303,,,,,,
603.3000000000686,SRC_4,STATION_EVENT,RECEIVE_ROUTE_ASSIGNED,2892.8499921869293,36.40778687325247,106.76373904371303,,,,,,
603.4000000000686,SRC_4,STATION_EVENT,STOP_TARGET_ASSIGNED,2893.858664146278,36.21659419985398,105.75000781307062,,,,,,
603.4000000000686,SRC_4,STATION_EVENT,RECEIVE_ROUTE_ASSIGNED,2893.858664146278,36.21659419985398,105.75000781307062,,,,,,
603.5000000000687,SRC_4,STATION_EVENT,STOP_TARGET_ASSIGNED,2894.8624003981126,36.052415932226594,104.74133585372192,,,,,,
603.5000000000687,SRC_4,STATION_EVENT,RECEIVE_ROUTE_ASSIGNED,2894.8624003981126,36.052415932226594,104.74133585372192,,,,,,
603.6000000000687,SRC_4,STATION_EVENT,STOP_TARGET_ASSIGNED,2895.8612203485054,35.86262049604906,103.73759960188727,,,,,,
603.6000000000687,SRC_4,STATION_EVENT,RECEIVE_ROUTE_ASSIGNED,2895.8612203485054,35.86262049604906,103.73759960188727,,,,,,
603.7000000000687,SRC_4,STATION_EVENT,STOP_TARGET_ASSIGNED,2896.8548431097556,35.6782183139701,102.7387796514945,,,,,,
603.7000000000687,SRC_4,STATION_EVENT,RECEIVE_ROUTE_ASSIGNED,2896.8548431097556,35.6782183139701,102.7387796514945,,,,,,
603.8000000000687,SRC_4,STATION_EVENT,STOP_TARGET_ASSIGNED,2897.842968779603,35.466829915015715,101.74515689024429,,,,,,
603.8000000000687,SRC_4,STATION_EVENT,RECEIVE_ROUTE_ASSIGNED,2897.842968779603,35.466829915015715,101.74515689024429,,,,,,
603.9000000000688,SRC_4,STATION_EVENT,STOP_TARGET_ASSIGNED,2898.8255977682807,35.282457269787436,100.75703122039704,,,,,,
603.9000000000688,SRC_4,STATION_EVENT,RECEIVE_ROUTE_ASSIGNED,2898.8255977682807,35.282457269787436,100.75703122039704,,,,,,
604.0000000000688,SRC_4,STATION_EVENT,STOP_TARGET_ASSIGNED,2899.8027304848665,35.071098324397965,99.77440223171925,,,,,,
604.0000000000688,SRC_4,STATION_EVENT,RECEIVE_ROUTE_ASSIGNED,2899.8027304848665,35.071098324397965,99.77440223171925,,,,,,
604.1000000000688,SRC_4,STATION_EVENT,STOP_TARGET_ASSIGNED,2900.7743673371165,34.88675503760121,98.7972695151334,,,,,,
604.1000000000688,SRC_4,STATION_EVENT,RECEIVE_ROUTE_ASSIGNED,2900.7743673371165,34.88675503760121,98.7972695151334,,,,,,
604.2000000000688,SRC_4,STATION_EVENT,STOP_TARGET_ASSIGNED,2901.7405087316306,34.67542536740873,97.82563266288344,,,,,,
604.2000000000688,SRC_4,STATION_EVENT,RECEIVE_ROUTE_ASSIGNED,2901.7405087316306,34.67542536740873,97.82563266288344,,,,,,
604.3000000000688,SRC_4,STATION_EVENT,STOP_TARGET_ASSIGNED,2902.70084998537,34.46914490181797,96.85949126836931,,,,,,
604.3000000000688,SRC_4,STATION_EVENT,RECEIVE_ROUTE_ASSIGNED,2902.70084998537,34.46914490181797,96.85949126836931,,,,,,
604.4000000000689,SRC_4,STATION_EVENT,STOP_TARGET_ASSIGNED,2903.655836436507,34.28987958002915,95.89915001462987,,,,,,
604.4000000000689,SRC_4,STATION_EVENT,RECEIVE_ROUTE_ASSIGNED,2903.655836436507,34.28987958002915,95.89915001462987,,,,,,
604.5000000000689,SRC_4,STATION_EVENT,STOP_TARGET_ASSIGNED,2904.6054684776236,34.083627380364725,94.94416356349302,,,,,,
604.5000000000689,SRC_4,STATION_EVENT,RECEIVE_ROUTE_ASSIGNED,2904.6054684776236,34.083627380364725,94.94416356349302,,,,,,
604.6000000000689,SRC_4,STATION_EVENT,STOP_TARGET_ASSIGNED,2905.5489965000465,33.85039023407519,93.99453152237629,,,,,,
604.6000000000689,SRC_4,STATION_EVENT,RECEIVE_ROUTE_ASSIGNED,2905.5489965000465,33.85039023407519,93.99453152237629,,,,,,
604.7000000000689,SRC_4,STATION_EVENT,STOP_TARGET_ASSIGNED,2906.486420948488,33.64417005371711,93.05100349995337,,,,,,
604.7000000000689,SRC_4,STATION_EVENT,RECEIVE_ROUTE_ASSIGNED,2906.486420948488,33.64417005371711,93.05100349995337,,,,,,
604.800000000069,SRC_4,STATION_EVENT,STOP_TARGET_ASSIGNED,2907.4180239195853,33.43124386526446,92.1135790515118,,,,,,
604.800000000069,SRC_4,STATION_EVENT,RECEIVE_ROUTE_ASSIGNED,2907.4180239195853,33.43124386526446,92.1135790515118,,,,,,
604.900000000069,SRC_4,STATION_EVENT,STOP_TARGET_ASSIGNED,2908.3440874880434,33.245333063735195,91.18197608041464,,,,,,
604.900000000069,SRC_4,STATION_EVENT,RECEIVE_ROUTE_ASSIGNED,2908.3440874880434,33.245333063735195,91.18197608041464,,,,,,
605.000000000069,SRC_4,STATION_EVENT,STOP_TARGET_ASSIGNED,2909.264612053591,33.03243565569281,90.25591251195647,,,,,,
605.000000000069,SRC_4,STATION_EVENT,RECEIVE_ROUTE_ASSIGNED,2909.264612053591,33.03243565569281,90.25591251195647,,,,,,
605.100000000069,SRC_4,STATION_EVENT,STOP_TARGET_ASSIGNED,2910.1795980146167,32.84655353815145,89.3353879464089,,,,,,
605.100000000069,SRC_4,STATION_EVENT,RECEIVE_ROUTE_ASSIGNED,2910.1795980146167,32.84655353815145,89.3353879464089,,,,,,
605.200000000069,SRC_4,STATION_EVENT,STOP_TARGET_ASSIGNED,2911.0890457683363,32.633684729665326,88.42040198538325,,,,,,
605.200000000069,SRC_4,STATION_EVENT,RECEIVE_ROUTE_ASSIGNED,2911.0890457683363,32.633684729665326,88.42040198538325,,,,,,
605.3000000000691,SRC_4,STATION_EVENT,STOP_TARGET_ASSIGNED,2911.992451165056,32.41150383415649,87.51095423166362,,,,,,
605.3000000000691,SRC_4,STATION_EVENT,RECEIVE_ROUTE_ASSIGNED,2911.992451165056,32.41150383415649,87.51095423166362,,,,,,
605.4000000000691,SRC_4,STATION_EVENT,STOP_TARGET_ASSIGNED,2912.890060089749,32.2163387437558,86.60754883494383,,,,,,
605.4000000000691,SRC_4,STATION_EVENT,RECEIVE_ROUTE_ASSIGNED,2912.890060089749,32.2163387437558,86.60754883494383,,,,,,
605.5000000000691,SRC_4,STATION_EVENT,STOP_TARGET_ASSIGNED,2913.7818729541264,31.99418749141034,85.7099399102508,,,,,,
605.5000000000691,SRC_4,STATION_EVENT,RECEIVE_ROUTE_ASSIGNED,2913.7818729541264,31.99418749141034,85.7099399102508,,,,,,
605.6000000000691,SRC_4,STATION_EVENT,STOP_TARGET_ASSIGNED,2914.667890168438,31.799051939052507,84.81812704587355,,,,,,
605.6000000000691,SRC_4,STATION_EVENT,RECEIVE_ROUTE_ASSIGNED,2914.667890168438,31.799051939052507,84.81812704587355,,,,,,
605.7000000000692,SRC_4,STATION_EVENT,STOP_TARGET_ASSIGNED,2915.5481121416497,31.576930132177345,83.93210983156177,,,,,,
605.7000000000692,SRC_4,STATION_EVENT,RECEIVE_ROUTE_ASSIGNED,2915.5481121416497,31.576930132177345,83.93210983156177,,,,,,
605.8000000000692,SRC_4,STATION_EVENT,STOP_TARGET_ASSIGNED,2916.4220395838443,31.34584570584447,83.05188785835026,,,,,,
605.8000000000692,SRC_4,STATION_EVENT,RECEIVE_ROUTE_ASSIGNED,2916.4220395838443,31.34584570584447,83.05188785835026,,,,,,
605.9000000000692,SRC_4,STATION_EVENT,STOP_TARGET_ASSIGNED,2917.289923238724,31.141777445507383,82.17796041615566,,,,,,
605.9000000000692,SRC_4,STATION_EVENT,RECEIVE_ROUTE_ASSIGNED,2917.289923238724,31.141777445507383,82.17796041615566,,,,,,
606.0000000000692,SRC_4,STATION_EVENT,STOP_TARGET_ASSIGNED,2918.1517635284094,30.910723411859713,81.31007676127592,,,,,,
606.0000000000692,SRC_4,STATION_EVENT,RECEIVE_ROUTE_ASSIGNED,2918.1517635284094,30.910723411859713,81.31007676127592,,,,,,
606.1000000000693,SRC_4,STATION_EVENT,STOP_TARGET_ASSIGNED,2919.0075608734405,30.706685430370232,80.44823647159046,,,,,,
606.1000000000693,SRC_4,STATION_EVENT,RECEIVE_ROUTE_ASSIGNED,2919.0075608734405,30.706685430370232,80.44823647159046,,,,,,
606.2000000000693,SRC_4,STATION_EVENT,STOP_TARGET_ASSIGNED,2919.857461753381,30.486177925334168,79.59243912655938,,,,,,
606.2000000000693,SRC_4,STATION_EVENT,RECEIVE_ROUTE_ASSIGNED,2919.857461753381,30.486177925334168,79.59243912655938,,,,,,
606.3000000000693,SRC_4,STATION_EVENT,STATION_LINE_OCCUPIED,2920.7016126361555,30.292685634441685,78.742538246619,,,,,,
617.7000000000719,SRC_4,STATION_STATE,final_approach,2975.009505733235,9.808879075437883,23.86302864325171,,,,,,
617.7000000000719,SRC_4,EOA_UPDATE,STATION_STOP_TARGET,2975.009505733235,9.808879075437883,23.86302864325171,,,,,,
640.200000000077,SRC_4,STATION_STATE,aligned_stop,3000.0,0.0,-1.1445083565176901,,,,,,
640.200000000077,SRC_4,STATION_STATE,dwell_started,3000.0,0.0,-1.1445083565176901,,,,,,
640.200000000077,SRC_4,EOA_UPDATE,SAFETY_RESTRICTION,3000.0,0.0,-1.1445083565176901,,,,,,
