sim_time,train_id,event,reason,pos_m,speed_kmh,distance_to_eoa_m,collision_partner_id,collision_overlap_m,collision_gap_m,atp_state,ato_state,ato_profile_phase
272.39999999999344,T01,STATION_EVENT,STOP_TARGET_ASSIGNED,1807.5618084325342,25.476287450812155,190.76494985575346,,,,,,
272.39999999999344,T01,STATION_EVENT,RECEIVE_ROUTE_ASSIGNED,1807.5618084325342,25.476287450812155,190.76494985575346,,,,,,
272.49999999999346,T01,STATION_EVENT,STOP_TARGET_ASSIGNED,1808.2710392548856,25.588331758492988,190.02313177971996,,,,,,
272.49999999999346,T01,STATION_EVENT,RECEIVE_ROUTE_ASSIGNED,1808.2710392548856,25.588331758492988,190.02313177971996,,,,,,
272.5999999999935,T01,STATION_EVENT,STOP_TARGET_ASSIGNED,1808.9837573205039,25.727368966011994,189.2784394162511,,,,,,
272.5999999999935,T01,STATION_EVENT,RECEIVE_ROUTE_ASSIGNED,1808.9837573205039,25.727368966011994,189.2784394162511,,,,,,
272.6999999999935,T01,STATION_EVENT,STOP_TARGET_ASSIGNED,1809.7007124081354,25.893397343455554,188.5300854473519,,,,,,
272.6999999999935,T01,STATION_EVENT,RECEIVE_ROUTE_ASSIGNED,1809.7007124081354,25.893397343455554,188.5300854473519,,,,,,
272.79999999999353,T01,STATION_EVENT,STOP_TARGET_ASSIGNED,1810.4226542483016,26.086415148510305,187.77728260533877,,,,,,
272.79999999999353,T01,STATION_EVENT,RECEIVE_ROUTE_ASSIGNED,1810.4226542483016,26.086415148510305,187.77728260533877,,,,,,
272.89999999999355,T01,STATION_EVENT,STOP_TARGET_ASSIGNED,1811.1503325229203,26.306420624036704,187.01924367316428,,,,,,
272.89999999999355,T01,STATION_EVENT,RECEIVE_ROUTE_ASSIGNED,1811.1503325229203,26.306420624036704,187.01924367316428,,,,,,
272.9999999999936,T01,STATION_EVENT,STOP_TARGET_ASSIGNED,1811.8844968648602,26.55341199564327,186.25518148481456,,,,,,
272.9999999999936,T01,STATION_EVENT,RECEIVE_ROUTE_ASSIGNED,1811.8844968648602,26.55341199564327,186.25518148481456,,,,,,
273.0999999999936,T01,STATION_EVENT,STOP_TARGET_ASSIGNED,1812.6258968574284,26.827387469261517,185.48430892577767,,,,,,
273.0999999999936,T01,STATION_EVENT,RECEIVE_ROUTE_ASSIGNED,1812.6258968574284,26.827387469261517,185.48430892577767,,,,,,
273.1999999999936,T01,STATION_EVENT,STOP_TARGET_ASSIGNED,1813.3752820337893,27.12834522872162,184.70583893358116,,,,,,
273.1999999999936,T01,STATION_EVENT,RECEIVE_ROUTE_ASSIGNED,1813.3752820337893,27.12834522872162,184.70583893358116,,,,,,
273.29999999999364,T01,STATION_EVENT,STOP_TARGET_ASSIGNED,1814.1334018763177,27.4562834333288,183.91898449840232,,,,,,
273.29999999999364,T01,STATION_EVENT,RECEIVE_ROUTE_ASSIGNED,1814.1334018763177,27.4562834333288,183.91898449840232,,,,,,
273.39999999999367,T01,STATION_EVENT,STOP_TARGET_ASSIGNED,1814.901005815884,27.811200215440415,183.12295866374734,,,,,,
273.39999999999367,T01,STATION_EVENT,RECEIVE_ROUTE_ASSIGNED,1814.901005815884,27.811200215440415,183.12295866374734,,,,,,
273.4999999999937,T01,STATION_EVENT,STOP_TARGET_ASSIGNED,1815.6785094432594,28.169060955588176,182.31697452720277,,,,,,
273.4999999999937,T01,STATION_EVENT,RECEIVE_ROUTE_ASSIGNED,1815.6785094432594,28.169060955588176,182.31697452720277,,,,,,
273.5999999999937,T01,STATION_EVENT,STOP_TARGET_ASSIGNED,1816.465948254146,28.5265334282595,181.50059571845873,,,,,,
273.5999999999937,T01,STATION_EVENT,RECEIVE_ROUTE_ASSIGNED,1816.465948254146,28.5265334282595,181.50059571845873,,,,,,
273.69999999999374,T01,STATION_EVENT,STOP_TARGET_ASSIGNED,1817.2633114672142,28.88361791265003,180.68405174585405,,,,,,
273.69999999999374,T01,STATION_EVENT,RECEIVE_ROUTE_ASSIGNED,1817.2633114672142,28.88361791265003,180.68405174585405,,,,,,
273.79999999999376,T01,STATION_EVENT,STOP_TARGET_ASSIGNED,1818.0705883088915,29.240314688114836,179.8866885327859,,,,,,
273.79999999999376,T01,STATION_EVENT,RECEIVE_ROUTE_ASSIGNED,1818.0705883088915,29.240314688114836,179.8866885327859,,,,,,
273.8999999999938,T01,STATION_EVENT,STOP_TARGET_ASSIGNED,1818.8877680133676,29.596624034167345,179.0794116911086,,,,,,
273.8999999999938,T01,STATION_EVENT,RECEIVE_ROUTE_ASSIGNED,1818.8877680133676,29.596624034167345,179.0794116911086,,,,,,
273.9999999999938,T01,STATION_EVENT,STOP_TARGET_ASSIGNED,1819.7148398225988,29.952546230478195,178.26223198663251,,,,,,
273.9999999999938,T01,STATION_EVENT,RECEIVE_ROUTE_ASSIGNED,1819.7148398225988,29.952546230478195,178.26223198663251,,,,,,
274.0999999999938,T01,STATION_EVENT,STOP_TARGET_ASSIGNED,1820.551792986312,30.308081556874132,177.43516017740126,,,,,,
274.0999999999938,T01,STATION_EVENT,RECEIVE_ROUTE_ASSIGNED,1820.551792986312,30.308081556874132,177.43516017740126,,,,,,
274.19999999999385,T01,STATION_EVENT,STOP_TARGET_ASSIGNED,1821.3986167620094,30.663230293336895,176.59820701368812,,,,,,
274.19999999999385,T01,STATION_EVENT,RECEIVE_ROUTE_ASSIGNED,1821.3986167620094,30.663230293336895,176.59820701368812,,,,,,
274.2999999999939,T01,STATION_EVENT,STOP_TARGET_ASSIGNED,1822.2553004149725,31.017992720002106,175.7513832379907,,,,,,
274.2999999999939,T01,STATION_EVENT,RECEIVE_ROUTE_ASSIGNED,1822.2553004149725,31.017992720002106,175.7513832379907,,,,,,
274.3999999999939,T01,STATION_EVENT,STOP_TARGET_ASSIGNED,1823.1218332182664,31.372369117158158,174.89469958502764,,,,,,
274.3999999999939,T01,STATION_EVENT,RECEIVE_ROUTE_ASSIGNED,1823.1218332182664,31.372369117158158,174.89469958502764,,,,,,
274.4999999999939,T01,STATION_EVENT,STOP_TARGET_ASSIGNED,1823.9982044527442,31.726359765245125,174.02816678173372,,,,,,
274.4999999999939,T01,STATION_EVENT,RECEIVE_ROUTE_ASSIGNED,1823.9982044527442,31.726359765245125,174.02816678173372,,,,,,
274.59999999999394,T01,STATION_EVENT,STOP_TARGET_ASSIGNED,1824.8844034070512,32.07996494485364,173.15179554725592,,,,,,
274.59999999999394,T01,STATION_EVENT,RECEIVE_ROUTE_ASSIGNED,1824.8844034070512,32.07996494485364,173.15179554725592,,,,,,
274.69999999999396,T01,STATION_EVENT,STOP_TARGET_ASSIGNED,1825.7804193776287,32.433184936723805,172.2655965929489,,,,,,
274.69999999999396,T01,STATION_EVENT,RECEIVE_ROUTE_ASSIGNED,1825.7804193776287,32.433184936723805,172.2655965929489,,,,,,
274.799999999994,T01,STATION_EVENT,STOP_TARGET_ASSIGNED,1826.6862416687186,32.78602002174408,171.36958062237136,,,,,,
274.799999999994,T01,STATION_EVENT,RECEIVE_ROUTE_ASSIGNED,1826.6862416687186,32.78602002174408,171.36958062237136,,,,,,
274.899999999994,T01,STATION_EVENT,STOP_TARGET_ASSIGNED,1827.6018595923672,33.1384704809502,170.4637583312815,,,,,,
274.899999999994,T01,STATION_EVENT,RECEIVE_ROUTE_ASSIGNED,1827.6018595923672,33.1384704809502,170.4637583312815,,,,,,
274.99999999999403,T01,STATION_EVENT,STOP_TARGET_ASSIGNED,1828.5272624684294,33.49053659552407,169.5481404076329,,,,,,
274.99999999999403,T01,STATION_EVENT,RECEIVE_ROUTE_ASSIGNED,1828.5272624684294,33.49053659552407,169.5481404076329,,,,,,
275.09999999999405,T01,STATION_EVENT,STOP_TARGET_ASSIGNED,1829.4624396245727,33.84221864679268,168.6227375315707,,,,,,
275.09999999999405,T01,STATION_EVENT,RECEIVE_ROUTE_ASSIGNED,1829.4624396245727,33.84221864679268,168.6227375315707,,,,,,
275.1999999999941,T01,STATION_EVENT,STOP_TARGET_ASSIGNED,1830.4073803962813,34.193516916227004,167.68756037542744,,,,,,
275.1999999999941,T01,STATION_EVENT,RECEIVE_ROUTE_ASSIGNED,1830.4073803962813,34.193516916227004,167.68756037542744,,,,,,
275.2999999999941,T01,STATION_EVENT,STOP_TARGET_ASSIGNED,1831.36207412686,34.54443168544091,166.74261960371882,,,,,,
275.2999999999941,T01,STATION_EVENT,RECEIVE_ROUTE_ASSIGNED,1831.36207412686,34.54443168544091,166.74261960371882,,,,,,
275.3999999999941,T01,STATION_EVENT,STOP_TARGET_ASSIGNED,1832.326175891733,34.87089538542298,165.78792587314,,,,,,
275.3999999999941,T01,STATION_EVENT,RECEIVE_ROUTE_ASSIGNED,1832.326175891733,34.87089538542298,165.78792587314,,,,,,
275.49999999999415,T01,STATION_EVENT,STOP_TARGET_ASSIGNED,1833.299675415097,35.221070296781065,164.823824108267,,,,,,
275.49999999999415,T01,STATION_EVENT,RECEIVE_ROUTE_ASSIGNED,1833.299675415097,35.221070296781065,164.823824108267,,,,,,
275.59999999999417,T01,STATION_EVENT,STOP_TARGET_ASSIGNED,1834.282526659722,35.544219316212875,163.8503245849031,,,,,,
275.59999999999417,T01,STATION_EVENT,RECEIVE_ROUTE_ASSIGNED,1834.282526659722,35.544219316212875,163.8503245849031,,,,,,
275.6999999999942,T01,STATION_EVENT,STOP_TARGET_ASSIGNED,1835.2739789324628,35.84034432113237,162.86747334027814,,,,,,
275.6999999999942,T01,STATION_EVENT,RECEIVE_ROUTE_ASSIGNED,1835.2739789324628,35.84034432113237,162.86747334027814,,,,,,
275.7999999999942,T01,STATION_EVENT,STOP_TARGET_ASSIGNED,1836.273538785415,36.12796509142347,161.8760210675373,,,,,,
275.7999999999942,T01,STATION_EVENT,RECEIVE_ROUTE_ASSIGNED,1836.273538785415,36.12796509142347,161.8760210675373,,,,,,
275.89999999999424,T01,STATION_EVENT,STOP_TARGET_ASSIGNED,1837.2807128046738,36.38856429522061,160.8764612145851,,,,,,
275.89999999999424,T01,STATION_EVENT,RECEIVE_ROUTE_ASSIGNED,1837.2807128046738,36.38856429522061,160.8764612145851,,,,,,
275.99999999999426,T01,STATION_EVENT,STOP_TARGET_ASSIGNED,1838.2947504182089,36.62214387929572,159.86928719532625,,,,,,
275.99999999999426,T01,STATION_EVENT,RECEIVE_ROUTE_ASSIGNED,1838.2947504182089,36.62214387929572,159.86928719532625,,,,,,
276.0999999999943,T01,STATION_EVENT,STOP_TARGET_ASSIGNED,1839.31490110839,36.828705813746026,158.8552495817912,,,,,,
276.0999999999943,T01,STATION_EVENT,RECEIVE_ROUTE_ASSIGNED,1839.31490110839,36.828705813746026,158.8552495817912,,,,,,
276.1999999999943,T01,STATION_EVENT,STOP_TARGET_ASSIGNED,1840.3404144126025,37.00825208955663,157.8350988916102,,,,,,
276.1999999999943,T01,STATION_EVENT,RECEIVE_ROUTE_ASSIGNED,1840.3404144126025,37.00825208955663,157.8350988916102,,,,,,
276.2999999999943,T01,STATION_EVENT,STOP_TARGET_ASSIGNED,1841.3708513937493,37.18321055301518,156.80958558739758,,,,,,
276.2999999999943,T01,STATION_EVENT,RECEIVE_ROUTE_ASSIGNED,1841.3708513937493,37.18321055301518,156.80958558739758,,,,,,
276.39999999999435,T01,STATION_EVENT,STOP_TARGET_ASSIGNED,1842.4057731470075,37.331155681580675,155.77914860625083,,,,,,
276.39999999999435,T01,STATION_EVENT,RECEIVE_ROUTE_ASSIGNED,1842.4057731470075,37.331155681580675,155.77914860625083,,,,,,
276.4999999999944,T01,STATION_EVENT,STOP_TARGET_ASSIGNED,1843.4444602609567,37.4543165227601,154.7442268529926,,,,,,
276.4999999999944,T01,STATION_EVENT,RECEIVE_ROUTE_ASSIGNED,1843.4444602609567,37.4543165227601,154.7442268529926,,,,,,
276.5999999999944,T01,STATION_EVENT,STOP_TARGET_ASSIGNED,1844.4861933784434,37.55046793628694,153.7055397390434,,,,,,
276.5999999999944,T01,STATION_EVENT,RECEIVE_ROUTE_ASSIGNED,1844.4861933784434,37.55046793628694,153.7055397390434,,,,,,
276.6999999999944,T01,STATION_EVENT,STOP_TARGET_ASSIGNED,1845.5305436217325,37.64274958052113,152.66380662155666,,,,,,
276.6999999999944,T01,STATION_EVENT,RECEIVE_ROUTE_ASSIGNED,1845.5305436217325,37.64274958052113,152.66380662155666,,,,,,
276.79999999999444,T01,STATION_EVENT,STOP_TARGET_ASSIGNED,1846.5774639846265,37.73551654784886,151.6194563782676,,,,,,
276.79999999999444,T01,STATION_EVENT,RECEIVE_ROUTE_ASSIGNED,1846.5774639846265,37.73551654784886,151.6194563782676,,,,,,
276.89999999999446,T01,STATION_EVENT,STOP_TARGET_ASSIGNED,1847.6269679476727,37.82876879147307,150.57253601537354,,,,,,
276.89999999999446,T01,STATION_EVENT,RECEIVE_ROUTE_ASSIGNED,1847.6269679476727,37.82876879147307,150.57253601537354,,,,,,
276.9999999999945,T01,STATION_EVENT,STOP_TARGET_ASSIGNED,1848.6786871511172,37.89501385652477,149.52303205232738,,,,,,
276.9999999999945,T01,STATION_EVENT,RECEIVE_ROUTE_ASSIGNED,1848.6786871511172,37.89501385652477,149.52303205232738,,,,,,
277.0999999999945,T01,STATION_EVENT,STOP_TARGET_ASSIGNED,1849.7320895110897,37.9499560614961,148.47131284888292,,,,,,
277.0999999999945,T01,STATION_EVENT,RECEIVE_ROUTE_ASSIGNED,1849.7320895110897,37.9499560614961,148.47131284888292,,,,,,
277.19999999999453,T01,STATION_EVENT,STOP_TARGET_ASSIGNED,1850.7868253984232,37.99102782651725,147.41791048891037,,,,,,
277.19999999999453,T01,STATION_EVENT,RECEIVE_ROUTE_ASSIGNED,1850.7868253984232,37.99102782651725,147.41791048891037,,,,,,
277.29999999999455,T01,STATION_EVENT,STOP_TARGET_ASSIGNED,1851.8428012046152,38.039230219308955,146.36317460157693,,,,,,
277.29999999999455,T01,STATION_EVENT,RECEIVE_ROUTE_ASSIGNED,1851.8428012046152,38.039230219308955,146.36317460157693,,,,,,
277.3999999999946,T01,STATION_EVENT,STOP_TARGET_ASSIGNED,1852.8997409144527,38.0604288889945,145.30719879538492,,,,,,
277.3999999999946,T01,STATION_EVENT,RECEIVE_ROUTE_ASSIGNED,1852.8997409144527,38.0604288889945,145.30719879538492,,,,,,
277.4999999999946,T01,STATION_EVENT,STOP_TARGET_ASSIGNED,1853.957107160091,38.06994079696203,144.25025908554744,,,,,,
277.4999999999946,T01,STATION_EVENT,RECEIVE_ROUTE_ASSIGNED,1853.957107160091,38.06994079696203,144.25025908554744,,,,,,
277.5999999999946,T01,STATION_EVENT,STOP_TARGET_ASSIGNED,1855.0147353317727,38.07928756411556,143.19289283990906,,,,,,
277.5999999999946,T01,STATION_EVENT,RECEIVE_ROUTE_ASSIGNED,1855.0147353317727,38.07928756411556,143.19289283990906,,,,,,
277.69999999999465,T01,STATION_EVENT,STOP_TARGET_ASSIGNED,1856.0726208424287,38.08846920312167,142.13526466822736,,,,,,
277.69999999999465,T01,STATION_EVENT,RECEIVE_ROUTE_ASSIGNED,1856.0726208424287,38.08846920312167,142.13526466822736,,,,,,
277.79999999999467,T01,STATION_EVENT,STOP_TARGET_ASSIGNED,1857.1307591053421,38.09748572665109,141.0773791575714,,,,,,
277.79999999999467,T01,STATION_EVENT,RECEIVE_ROUTE_ASSIGNED,1857.1307591053421,38.09748572665109,141.0773791575714,,,,,,
277.8999999999947,T01,STATION_EVENT,STOP_TARGET_ASSIGNED,1858.189145534148,38.10633714737863,140.01924089465797,,,,,,
277.8999999999947,T01,STATION_EVENT,RECEIVE_ROUTE_ASSIGNED,1858.189145534148,38.10633714737863,140.01924089465797,,,,,,
277.9999999999947,T01,STATION_EVENT,STOP_TARGET_ASSIGNED,1859.2477755428338,38.11502347798311,138.96085446585198,,,,,,
277.9999999999947,T01,STATION_EVENT,RECEIVE_ROUTE_ASSIGNED,1859.2477755428338,38.11502347798311,138.96085446585198,,,,,,
278.09999999999474,T01,STATION_EVENT,STOP_TARGET_ASSIGNED,1860.3066445457384,38.12354473114719,137.9022244571663,,,,,,
278.09999999999474,T01,STATION_EVENT,RECEIVE_ROUTE_ASSIGNED,1860.3066445457384,38.12354473114719,137.9022244571663,,,,,,
278.19999999999476,T01,STATION_EVENT,STOP_TARGET_ASSIGNED,1861.3657479575538,38.13190091955738,136.84335545426165,,,,,,
278.19999999999476,T01,STATION_EVENT,RECEIVE_ROUTE_ASSIGNED,1861.3657479575538,38.13190091955738,136.84335545426165,,,,,,
278.2999999999948,T01,STATION_EVENT,STOP_TARGET_ASSIGNED,1862.425081193324,38.140092055903864,135.78425204244627,,,,,,
278.2999999999948,T01,STATION_EVENT,RECEIVE_ROUTE_ASSIGNED,1862.425081193324,38.140092055903864,135.78425204244627,,,,,,
278.3999999999948,T01,STATION_EVENT,STOP_TARGET_ASSIGNED,1863.484639668446,38.14811815288044,134.724918806676,,,,,,
278.3999999999948,T01,STATION_EVENT,RECEIVE_ROUTE_ASSIGNED,1863.484639668446,38.14811815288044,134.724918806676,,,,,,
278.4999999999948,T01,STATION_EVENT,STOP_TARGET_ASSIGNED,1864.5444187986693,38.15597922318447,133.66536033155398,,,,,,
278.4999999999948,T01,STATION_EVENT,RECEIVE_ROUTE_ASSIGNED,1864.5444187986693,38.15597922318447,133.66536033155398,,,,,,
278.59999999999485,T01,STATION_EVENT,STOP_TARGET_ASSIGNED,1865.6044140000956,38.16367527951669,132.60558120133078,,,,,,
278.59999999999485,T01,STATION_EVENT,RECEIVE_ROUTE_ASSIGNED,1865.6044140000956,38.16367527951669,132.60558120133078,,,,,,
278.6999999999949,T01,STATION_EVENT,STOP_TARGET_ASSIGNED,1866.6646206891803,38.17120633458123,131.54558599990446,,,,,,
278.6999999999949,T01,STATION_EVENT,RECEIVE_ROUTE_ASSIGNED,1866.6646206891803,38.17120633458123,131.54558599990446,,,,,,
278.7999999999949,T01,STATION_EVENT,STOP_TARGET_ASSIGNED,1867.7250342827313,38.17857240108543,130.48537931081978,,,,,,
278.7999999999949,T01,STATION_EVENT,RECEIVE_ROUTE_ASSIGNED,1867.7250342827313,38.17857240108543,130.48537931081978,,,,,,
278.8999999999949,T01,STATION_EVENT,STOP_TARGET_ASSIGNED,1868.7856501979095,38.18577349173982,129.42496571726883,,,,,,
278.8999999999949,T01,STATION_EVENT,RECEIVE_ROUTE_ASSIGNED,1868.7856501979095,38.18577349173982,129.42496571726883,,,,,,
278.99999999999494,T01,STATION_EVENT,STOP_TARGET_ASSIGNED,1869.846463852229,38.192809619257986,128.3643498020906,,,,,,
278.99999999999494,T01,STATION_EVENT,RECEIVE_ROUTE_ASSIGNED,1869.846463852229,38.192809619257986,128.3643498020906,,,,,,
279.09999999999496,T01,STATION_EVENT,STOP_TARGET_ASSIGNED,1870.907470663557,38.19968079635646,127.30353614777118,,,,,,
279.09999999999496,T01,STATION_EVENT,RECEIVE_ROUTE_ASSIGNED,1870.907470663557,38.19968079635646,127.30353614777118,,,,,,
279.199999999995,T01,STATION_EVENT,STOP_TARGET_ASSIGNED,1871.968666050114,38.206387035754716,126.24252933644311,,,,,,
279.199999999995,T01,STATION_EVENT,RECEIVE_ROUTE_ASSIGNED,1871.968666050114,38.206387035754716,126.24252933644311,,,,,,
279.299999999995,T01,STATION_EVENT,STOP_TARGET_ASSIGNED,1873.0300454304743,38.21292835017497,125.18133394988604,,,,,,
279.299999999995,T01,STATION_EVENT,RECEIVE_ROUTE_ASSIGNED,1873.0300454304743,38.21292835017497,125.18133394988604,,,,,,
279.39999999999503,T01,STATION_EVENT,STOP_TARGET_ASSIGNED,1874.091604223565,38.21930475234216,124.11995456952582,,,,,,
279.39999999999503,T01,STATION_EVENT,RECEIVE_ROUTE_ASSIGNED,1874.091604223565,38.21930475234216,124.11995456952582,,,,,,
279.49999999999505,T01,STATION_EVENT,STOP_TARGET_ASSIGNED,1875.1533378486668,38.225516254983845,123.05839577643519,,,,,,
279.49999999999505,T01,STATION_EVENT,RECEIVE_ROUTE_ASSIGNED,1875.1533378486668,38.225516254983845,123.05839577643519,,,,,,
279.5999999999951,T01,STATION_EVENT,STOP_TARGET_ASSIGNED,1876.2152417254142,38.231562870830075,121.99666215133334,,,,,,
279.5999999999951,T01,STATION_EVENT,RECEIVE_ROUTE_ASSIGNED,1876.2152417254142,38.231562870830075,121.99666215133334,,,,,,
279.6999999999951,T01,STATION_EVENT,STOP_TARGET_ASSIGNED,1877.2773112737955,38.23744461261336,120.93475827458587,,,,,,
279.6999999999951,T01,STATION_EVENT,RECEIVE_ROUTE_ASSIGNED,1877.2773112737955,38.23744461261336,120.93475827458587,,,,,,
279.7999999999951,T01,STATION_EVENT,STOP_TARGET_ASSIGNED,1878.3392350868382,38.221069926460224,119.87268872620461,,,,,,
279.7999999999951,T01,STATION_EVENT,RECEIVE_ROUTE_ASSIGNED,1878.3392350868382,38.221069926460224,119.87268872620461,,,,,,
279.89999999999515,T01,STATION_EVENT,STOP_TARGET_ASSIGNED,1879.400400341146,38.18282838369122,118.81076491316185,,,,,,
279.89999999999515,T01,STATION_EVENT,RECEIVE_ROUTE_ASSIGNED,1879.400400341146,38.18282838369122,118.81076491316185,,,,,,
279.99999999999517,T01,STATION_EVENT,STOP_TARGET_ASSIGNED,1880.4602681107226,38.127651025830204,117.7495996588541,,,,,,
279.99999999999517,T01,STATION_EVENT,RECEIVE_ROUTE_ASSIGNED,1880.4602681107226,38.127651025830204,117.7495996588541,,,,,,
280.0999999999952,T01,STATION_EVENT,STOP_TARGET_ASSIGNED,1881.5188181665287,38.0879529922176,117.43973188927748,,,,,,
280.0999999999952,T01,STATION_EVENT,RECEIVE_ROUTE_ASSIGNED,1881.5188181665287,38.0879529922176,117.43973188927748,,,,,,
280.1999999999952,T01,STATION_EVENT,STOP_TARGET_ASSIGNED,1882.5758905418224,38.02125802893041,116.38118183347137,,,,,,
280.1999999999952,T01,STATION_EVENT,RECEIVE_ROUTE_ASSIGNED,1882.5758905418224,38.02125802893041,116.38118183347137,,,,,,
280.29999999999524,T01,STATION_EVENT,STOP_TARGET_ASSIGNED,1883.6307832361406,37.93101596196778,115.32410945817765,,,,,,
280.29999999999524,T01,STATION_EVENT,RECEIVE_ROUTE_ASSIGNED,1883.6307832361406,37.93101596196778,115.32410945817765,,,,,,
280.39999999999526,T01,STATION_EVENT,STOP_TARGET_ASSIGNED,1884.6829261955886,37.8232771182861,114.2692167638595,,,,,,
280.39999999999526,T01,STATION_EVENT,RECEIVE_ROUTE_ASSIGNED,1884.6829261955886,37.8232771182861,114.2692167638595,,,,,,
280.4999999999953,T01,STATION_EVENT,STOP_TARGET_ASSIGNED,1885.731830933764,37.697864030345364,113.21707380441148,,,,,,
280.4999999999953,T01,STATION_EVENT,RECEIVE_ROUTE_ASSIGNED,1885.731830933764,37.697864030345364,113.21707380441148,,,,,,
280.5999999999953,T01,STATION_EVENT,STOP_TARGET_ASSIGNED,1886.7770041074875,37.55460447773717,112.16816906623603,,,,,,
280.5999999999953,T01,STATION_EVENT,RECEIVE_ROUTE_ASSIGNED,1886.7770041074875,37.55460447773717,112.16816906623603,,,,,,
280.6999999999953,T01,STATION_EVENT,STOP_TARGET_ASSIGNED,1887.8179476853463,37.39333312809516,111.12299589251256,,,,,,
280.6999999999953,T01,STATION_EVENT,RECEIVE_ROUTE_ASSIGNED,1887.8179476853463,37.39333312809516,111.12299589251256,,,,,,
280.79999999999535,T01,STATION_EVENT,STOP_TARGET_ASSIGNED,1888.8541591433068,37.2138918450517,110.08205231465377,,,,,,
280.79999999999535,T01,STATION_EVENT,RECEIVE_ROUTE_ASSIGNED,1888.8541591433068,37.2138918450517,110.08205231465377,,,,,,
280.8999999999954,T01,STATION_EVENT,STOP_TARGET_ASSIGNED,1889.8857613117104,37.061464280017695,109.0458408566933,,,,,,
280.8999999999954,T01,STATION_EVENT,RECEIVE_ROUTE_ASSIGNED,1889.8857613117104,37.061464280017695,109.0458408566933,,,,,,
280.9999999999954,T01,STATION_EVENT,STOP_TARGET_ASSIGNED,1890.912769833342,36.88314927746608,108.01423868828965,,,,,,
280.9999999999954,T01,STATION_EVENT,RECEIVE_ROUTE_ASSIGNED,1890.912769833342,36.88314927746608,108.01423868828965,,,,,,
281.0999999999954,T01,STATION_EVENT,STOP_TARGET_ASSIGNED,1891.934887951143,36.709355204211825,106.98723016665804,,,,,,
281.0999999999954,T01,STATION_EVENT,RECEIVE_ROUTE_ASSIGNED,1891.934887951143,36.709355204211825,106.98723016665804,,,,,,
281.19999999999544,T01,STATION_EVENT,STOP_TARGET_ASSIGNED,1892.9525536389692,36.56257431927297,105.96511204885701,,,,,,
281.19999999999544,T01,STATION_EVENT,RECEIVE_ROUTE_ASSIGNED,1892.9525536389692,36.56257431927297,105.96511204885701,,,,,,
281.29999999999546,T01,STATION_EVENT,STOP_TARGET_ASSIGNED,1893.965767234329,36.388804546619895,104.94744636103087,,,,,,
281.29999999999546,T01,STATION_EVENT,RECEIVE_ROUTE_ASSIGNED,1893.965767234329,36.388804546619895,104.94744636103087,,,,,,
281.3999999999955,T01,STATION_EVENT,STOP_TARGET_ASSIGNED,1894.9737790738452,36.18804789854471,103.93423276567114,,,,,,
281.3999999999955,T01,STATION_EVENT,RECEIVE_ROUTE_ASSIGNED,1894.9737790738452,36.18804789854471,103.93423276567114,,,,,,
281.4999999999955,T01,STATION_EVENT,STOP_TARGET_ASSIGNED,1895.9759281869788,35.96668824706892,102.92622092615488,,,,,,
281.4999999999955,T01,STATION_EVENT,RECEIVE_ROUTE_ASSIGNED,1895.9759281869788,35.96668824706892,102.92622092615488,,,,,,
281.59999999999553,T01,STATION_EVENT,STOP_TARGET_ASSIGNED,1896.9723036517519,35.77234521659607,101.92407181302133,,,,,,
281.59999999999553,T01,STATION_EVENT,RECEIVE_ROUTE_ASSIGNED,1896.9723036517519,35.77234521659607,101.92407181302133,,,,,,
281.69999999999555,T01,STATION_EVENT,STOP_TARGET_ASSIGNED,1897.9632426048688,35.57525940782177,100.92769634824822,,,,,,
281.69999999999555,T01,STATION_EVENT,RECEIVE_ROUTE_ASSIGNED,1897.9632426048688,35.57525940782177,100.92769634824822,,,,,,
281.7999999999956,T01,STATION_EVENT,STOP_TARGET_ASSIGNED,1898.949082156492,35.40518830905096,99.93675739513128,,,,,,
281.7999999999956,T01,STATION_EVENT,RECEIVE_ROUTE_ASSIGNED,1898.949082156492,35.40518830905096,99.93675739513128,,,,,,
281.8999999999956,T01,STATION_EVENT,STOP_TARGET_ASSIGNED,1899.9298226867468,35.20812986928125,98.95091784350802,,,,,,
281.8999999999956,T01,STATION_EVENT,RECEIVE_ROUTE_ASSIGNED,1899.9298226867468,35.20812986928125,98.95091784350802,,,,,,
281.9999999999956,T01,STATION_EVENT,STOP_TARGET_ASSIGNED,1900.904714574613,34.98408605708489,97.97017731325332,,,,,,
281.9999999999956,T01,STATION_EVENT,RECEIVE_ROUTE_ASSIGNED,1900.904714574613,34.98408605708489,97.97017731325332,,,,,,
282.09999999999565,T01,STATION_EVENT,STOP_TARGET_ASSIGNED,1901.8737582535055,34.78705882316174,96.99528542538701,,,,,,
282.09999999999565,T01,STATION_EVENT,RECEIVE_ROUTE_ASSIGNED,1901.8737582535055,34.78705882316174,96.99528542538701,,,,,,
282.19999999999567,T01,STATION_EVENT,STOP_TARGET_ASSIGNED,1902.837258871119,34.58498564501286,96.02624174649463,,,,,,
282.19999999999567,T01,STATION_EVENT,RECEIVE_ROUTE_ASSIGNED,1902.837258871119,34.58498564501286,96.02624174649463,,,,,,
282.2999999999957,T01,STATION_EVENT,STOP_TARGET_ASSIGNED,1903.7947715512905,34.355927327330484,95.06274112888104,,,,,,
282.2999999999957,T01,STATION_EVENT,RECEIVE_ROUTE_ASSIGNED,1903.7947715512905,34.355927327330484,95.06274112888104,,,,,,
282.3999999999957,T01,STATION_EVENT,STOP_TARGET_ASSIGNED,1904.746296733611,34.15388579973898,94.10522844870957,,,,,,
282.3999999999957,T01,STATION_EVENT,RECEIVE_ROUTE_ASSIGNED,1904.746296733611,34.15388579973898,94.10522844870957,,,,,,
282.49999999999574,T01,STATION_EVENT,STOP_TARGET_ASSIGNED,1905.691834856295,33.924859033505,93.15370326638913,,,,,,
282.49999999999574,T01,STATION_EVENT,RECEIVE_ROUTE_ASSIGNED,1905.691834856295,33.924859033505,93.15370326638913,,,,,,
282.59999999999576,T01,STATION_EVENT,STOP_TARGET_ASSIGNED,1906.6313863560013,33.72284894534938,92.20816514370517,,,,,,
282.59999999999576,T01,STATION_EVENT,RECEIVE_ROUTE_ASSIGNED,1906.6313863560013,33.72284894534938,92.20816514370517,,,,,,
282.6999999999958,T01,STATION_EVENT,STOP_TARGET_ASSIGNED,1907.565214108636,33.51274924433919,91.26861364399883,,,,,,
282.6999999999958,T01,STATION_EVENT,RECEIVE_ROUTE_ASSIGNED,1907.565214108636,33.51274924433919,91.26861364399883,,,,,,
282.7999999999958,T01,STATION_EVENT,STOP_TARGET_ASSIGNED,1908.4935809695949,33.3296647446958,90.33478589136416,,,,,,
282.7999999999958,T01,STATION_EVENT,RECEIVE_ROUTE_ASSIGNED,1908.4935809695949,33.3296647446958,90.33478589136416,,,,,,
282.8999999999958,T01,STATION_EVENT,STOP_TARGET_ASSIGNED,1909.416487333435,33.119593451793186,89.40641903040523,,,,,,
282.8999999999958,T01,STATION_EVENT,RECEIVE_ROUTE_ASSIGNED,1909.416487333435,33.119593451793186,89.40641903040523,,,,,,
282.99999999999585,T01,STATION_EVENT,STOP_TARGET_ASSIGNED,1910.3331835934105,32.88253726643115,88.48351266656505,,,,,,
282.99999999999585,T01,STATION_EVENT,RECEIVE_ROUTE_ASSIGNED,1910.3331835934105,32.88253726643115,88.48351266656505,,,,,,
283.0999999999959,T01,STATION_EVENT,STOP_TARGET_ASSIGNED,1911.2436701953106,32.67249807037635,87.56681640658962,,,,,,
283.0999999999959,T01,STATION_EVENT,RECEIVE_ROUTE_ASSIGNED,1911.2436701953106,32.67249807037635,87.56681640658962,,,,,,
283.1999999999959,T01,STATION_EVENT,STOP_TARGET_ASSIGNED,1912.1481733992077,32.451732610219906,86.65632980468945,,,,,,
283.1999999999959,T01,STATION_EVENT,RECEIVE_ROUTE_ASSIGNED,1912.1481733992077,32.451732610219906,86.65632980468945,,,,,,
283.2999999999959,T01,STATION_EVENT,STOP_TARGET_ASSIGNED,1913.0469194474633,32.257982864177215,85.75182660079236,,,,,,
283.2999999999959,T01,STATION_EVENT,RECEIVE_ROUTE_ASSIGNED,1913.0469194474633,32.257982864177215,85.75182660079236,,,,,,
283.39999999999594,T01,STATION_EVENT,STOP_TARGET_ASSIGNED,1913.9399087492525,32.037246864648374,84.85308055253677,,,,,,
283.39999999999594,T01,STATION_EVENT,RECEIVE_ROUTE_ASSIGNED,1913.9399087492525,32.037246864648374,84.85308055253677,,,,,,
283.49999999999596,T01,STATION_EVENT,STOP_TARGET_ASSIGNED,1914.8263917123097,31.789526475474965,83.96009125074761,,,,,,
283.49999999999596,T01,STATION_EVENT,RECEIVE_ROUTE_ASSIGNED,1914.8263917123097,31.789526475474965,83.96009125074761,,,,,,
283.599999999996,T01,STATION_EVENT,STOP_TARGET_ASSIGNED,1915.706368795865,31.56882354051136,83.07360828769038,,,,,,
283.599999999996,T01,STATION_EVENT,RECEIVE_ROUTE_ASSIGNED,1915.706368795865,31.56882354051136,83.07360828769038,,,,,,
283.699999999996,T01,STATION_EVENT,STOP_TARGET_ASSIGNED,1916.5800714582508,31.337768151255887,82.19363120413504,,,,,,
283.699999999996,T01,STATION_EVENT,RECEIVE_ROUTE_ASSIGNED,1916.5800714582508,31.337768151255887,82.19363120413504,,,,,,
283.79999999999603,T01,STATION_EVENT,STOP_TARGET_ASSIGNED,1917.44773113985,31.133728923887386,81.31992854174928,,,,,,
283.79999999999603,T01,STATION_EVENT,RECEIVE_ROUTE_ASSIGNED,1917.44773113985,31.133728923887386,81.31992854174928,,,,,,
283.89999999999606,T01,STATION_EVENT,STOP_TARGET_ASSIGNED,1918.3093482626728,30.902703919356284,80.45226886015007,,,,,,
283.89999999999606,T01,STATION_EVENT,RECEIVE_ROUTE_ASSIGNED,1918.3093482626728,30.902703919356284,80.45226886015007,,,,,,
283.9999999999961,T01,STATION_EVENT,STOP_TARGET_ASSIGNED,1919.1649232471486,30.698694962904334,79.59065173732733,,,,,,
283.9999999999961,T01,STATION_EVENT,RECEIVE_ROUTE_ASSIGNED,1919.1649232471486,30.698694962904334,79.59065173732733,,,,,,
284.0999999999961,T01,STATION_EVENT,STATION_LINE_OCCUPIED,1920.014591003892,30.477383522619874,78.73507675285146,,,,,,
295.79999999999876,T01,STATION_STATE,final_approach,1975.2115848846406,9.790088031953255,22.960427506687893,,,,,,
295.79999999999876,T01,EOA_UPDATE,STATION_STOP_TARGET,1975.2115848846406,9.790088031953255,22.960427506687893,,,,,,
318.20000000000385,T01,STATION_STATE,aligned_stop,2000.0,0.0,-1.141640981064711,,,,,,
318.20000000000385,T01,STATION_STATE,dwell_started,2000.0,0.0,-1.141640981064711,,,,,,
318.20000000000385,T01,EOA_UPDATE,SAFETY_RESTRICTION,2000.0,0.0,-1.141640981064711,,,,,,
340.60000000000895,T02,STATION_EVENT,STOP_TARGET_ASSIGNED,1805.9787976965465,26.349311087387015,192.9555379157698,,,,,,
340.60000000000895,T02,STATION_EVENT,RECEIVE_ROUTE_ASSIGNED,1805.9787976965465,26.349311087387015,192.9555379157698,,,,,,
340.70000000000897,T02,STATION_EVENT,STOP_TARGET_ASSIGNED,1806.7137408270262,26.566594307142868,192.2627197156819,,,,,,
340.70000000000897,T02,STATION_EVENT,RECEIVE_ROUTE_ASSIGNED,1806.7137408270262,26.566594307142868,192.2627197156819,,,,,,
340.800000000009,T02,STATION_EVENT,STOP_TARGET_ASSIGNED,1807.4550944081582,26.81086353435364,191.56452374172636,,,,,,
340.800000000009,T02,STATION_EVENT,RECEIVE_ROUTE_ASSIGNED,1807.4550944081582,26.81086353435364,191.56452374172636,,,,,,
340.900000000009,T02,STATION_EVENT,STOP_TARGET_ASSIGNED,1808.203608026254,27.082116968546803,190.86023783965084,,,,,,
340.900000000009,T02,STATION_EVENT,RECEIVE_ROUTE_ASSIGNED,1808.203608026254,27.082116968546803,190.86023783965084,,,,,,
341.00000000000904,T02,STATION_EVENT,STOP_TARGET_ASSIGNED,1808.9600312173086,27.380352787394195,190.14914990245984,,,,,,
341.00000000000904,T02,STATION_EVENT,RECEIVE_ROUTE_ASSIGNED,1808.9600312173086,27.380352787394195,190.14914990245984,,,,,,
341.10000000000906,T02,STATION_EVENT,STOP_TARGET_ASSIGNED,1809.7251134663597,27.705569144288337,189.43054787095798,,,,,,
341.10000000000906,T02,STATION_EVENT,RECEIVE_ROUTE_ASSIGNED,1809.7251134663597,27.705569144288337,189.43054787095798,,,,,,
341.2000000000091,T02,STATION_EVENT,STOP_TARGET_ASSIGNED,1810.4995027523773,28.050459448972358,188.7037197343593,,,,,,
341.2000000000091,T02,STATION_EVENT,RECEIVE_ROUTE_ASSIGNED,1810.4995027523773,28.050459448972358,188.7037197343593,,,,,,
341.3000000000091,T02,STATION_EVENT,STOP_TARGET_ASSIGNED,1811.2836488643943,28.408060616256098,187.96804991264275,,,,,,
341.3000000000091,T02,STATION_EVENT,RECEIVE_ROUTE_ASSIGNED,1811.2836488643943,28.408060616256098,187.96804991264275,,,,,,
341.40000000000913,T02,STATION_EVENT,STOP_TARGET_ASSIGNED,1812.0776874909914,28.76272049873242,187.2231111062265,,,,,,
341.40000000000913,T02,STATION_EVENT,RECEIVE_ROUTE_ASSIGNED,1812.0776874909914,28.76272049873242,187.2231111062265,,,,,,
341.50000000000915,T02,STATION_EVENT,STOP_TARGET_ASSIGNED,1812.8816078945283,29.11954855593349,186.46877441095944,,,,,,
341.50000000000915,T02,STATION_EVENT,RECEIVE_ROUTE_ASSIGNED,1812.8816078945283,29.11954855593349,186.46877441095944,,,,,,
341.6000000000092,T02,STATION_EVENT,STOP_TARGET_ASSIGNED,1813.695434806264,29.475989089036275,185.70505002759933,,,,,,
341.6000000000092,T02,STATION_EVENT,RECEIVE_ROUTE_ASSIGNED,1813.695434806264,29.475989089036275,185.70505002759933,,,,,,
341.7000000000092,T02,STATION_EVENT,STOP_TARGET_ASSIGNED,1814.5190335764207,29.823122362242838,184.93191446145033,,,,,,
341.7000000000092,T02,STATION_EVENT,RECEIVE_ROUTE_ASSIGNED,1814.5190335764207,29.823122362242838,184.93191446145033,,,,,,
341.8000000000092,T02,STATION_EVENT,STOP_TARGET_ASSIGNED,1815.3523935867615,30.17879838230121,184.14949562980155,,,,,,
341.8000000000092,T02,STATION_EVENT,RECEIVE_ROUTE_ASSIGNED,1815.3523935867615,30.17879838230121,184.14949562980155,,,,,,
341.90000000000924,T02,STATION_EVENT,STOP_TARGET_ASSIGNED,1816.195628115829,30.534087710563647,183.35780361997763,,,,,,
341.90000000000924,T02,STATION_EVENT,RECEIVE_ROUTE_ASSIGNED,1816.195628115829,30.534087710563647,183.35780361997763,,,,,,
342.00000000000927,T02,STATION_EVENT,STOP_TARGET_ASSIGNED,1817.0485236766976,30.87439267197869,182.5543718841709,,,,,,
342.00000000000927,T02,STATION_EVENT,RECEIVE_ROUTE_ASSIGNED,1817.0485236766976,30.87439267197869,182.5543718841709,,,,,,
342.1000000000093,T02,STATION_EVENT,STOP_TARGET_ASSIGNED,1817.9110697602287,31.228925342257938,181.70147632330236,,,,,,
342.1000000000093,T02,STATION_EVENT,RECEIVE_ROUTE_ASSIGNED,1817.9110697602287,31.228925342257938,181.70147632330236,,,,,,
342.2000000000093,T02,STATION_EVENT,STOP_TARGET_ASSIGNED,1818.7834075270555,31.579393869270053,180.83893023977134,,,,,,
342.2000000000093,T02,STATION_EVENT,RECEIVE_ROUTE_ASSIGNED,1818.7834075270555,31.579393869270053,180.83893023977134,,,,,,
342.30000000000933,T02,STATION_EVENT,STOP_TARGET_ASSIGNED,1819.6653178854142,31.918151932555357,179.9665924729445,,,,,,
342.30000000000933,T02,STATION_EVENT,RECEIVE_ROUTE_ASSIGNED,1819.6653178854142,31.918151932555357,179.9665924729445,,,,,,
342.40000000000936,T02,STATION_EVENT,STOP_TARGET_ASSIGNED,1820.5568414984657,32.27154820715122,179.0846821145858,,,,,,
342.40000000000936,T02,STATION_EVENT,RECEIVE_ROUTE_ASSIGNED,1820.5568414984657,32.27154820715122,179.0846821145858,,,,,,
342.5000000000094,T02,STATION_EVENT,STOP_TARGET_ASSIGNED,1821.458108886419,32.61970372548811,178.1931585015343,,,,,,
342.5000000000094,T02,STATION_EVENT,RECEIVE_ROUTE_ASSIGNED,1821.458108886419,32.61970372548811,178.1931585015343,,,,,,
342.6000000000094,T02,STATION_EVENT,STOP_TARGET_ASSIGNED,1822.3688839143163,32.956098283118074,177.29189111358096,,,,,,
342.6000000000094,T02,STATION_EVENT,RECEIVE_ROUTE_ASSIGNED,1822.3688839143163,32.956098283118074,177.29189111358096,,,,,,
342.7000000000094,T02,STATION_EVENT,STOP_TARGET_ASSIGNED,1823.2888388829647,33.280659459570536,176.38111608568374,,,,,,
342.7000000000094,T02,STATION_EVENT,RECEIVE_ROUTE_ASSIGNED,1823.2888388829647,33.280659459570536,176.38111608568374,,,,,,
342.80000000000945,T02,STATION_EVENT,STOP_TARGET_ASSIGNED,1824.2181841161964,33.63219733311516,175.46116111703532,,,,,,
342.80000000000945,T02,STATION_EVENT,RECEIVE_ROUTE_ASSIGNED,1824.2181841161964,33.63219733311516,175.46116111703532,,,,,,
342.90000000000947,T02,STATION_EVENT,STOP_TARGET_ASSIGNED,1825.157032207488,33.964865239893626,174.53181588380357,,,,,,
342.90000000000947,T02,STATION_EVENT,RECEIVE_ROUTE_ASSIGNED,1825.157032207488,33.964865239893626,174.53181588380357,,,,,,
343.0000000000095,T02,STATION_EVENT,STOP_TARGET_ASSIGNED,1826.1049562090652,34.28566287366214,173.5929677925119,,,,,,
343.0000000000095,T02,STATION_EVENT,RECEIVE_ROUTE_ASSIGNED,1826.1049562090652,34.28566287366214,173.5929677925119,,,,,,
343.1000000000095,T02,STATION_EVENT,STOP_TARGET_ASSIGNED,1827.0621659311416,34.63343711584241,172.64504379093478,,,,,,
343.1000000000095,T02,STATION_EVENT,RECEIVE_ROUTE_ASSIGNED,1827.0621659311416,34.63343711584241,172.64504379093478,,,,,,
343.20000000000954,T02,STATION_EVENT,STOP_TARGET_ASSIGNED,1828.028767496152,34.96187556490716,171.68783406885836,,,,,,
343.20000000000954,T02,STATION_EVENT,RECEIVE_ROUTE_ASSIGNED,1828.028767496152,34.96187556490716,171.68783406885836,,,,,,
343.30000000000956,T02,STATION_EVENT,STOP_TARGET_ASSIGNED,1829.0043270273384,35.2784106805066,170.7212325038479,,,,,,
343.30000000000956,T02,STATION_EVENT,RECEIVE_ROUTE_ASSIGNED,1829.0043270273384,35.2784106805066,170.7212325038479,,,,,,
343.4000000000096,T02,STATION_EVENT,STOP_TARGET_ASSIGNED,1829.9890538751986,35.62192236542305,169.74567297266162,,,,,,
343.4000000000096,T02,STATION_EVENT,RECEIVE_ROUTE_ASSIGNED,1829.9890538751986,35.62192236542305,169.74567297266162,,,,,,
343.5000000000096,T02,STATION_EVENT,STOP_TARGET_ASSIGNED,1830.9829473593963,35.93840849682337,168.76094612480142,,,,,,
343.5000000000096,T02,STATION_EVENT,RECEIVE_ROUTE_ASSIGNED,1830.9829473593963,35.93840849682337,168.76094612480142,,,,,,
343.60000000000963,T02,STATION_EVENT,STOP_TARGET_ASSIGNED,1831.9852567964226,36.227870969068945,167.76705264060365,,,,,,
343.60000000000963,T02,STATION_EVENT,RECEIVE_ROUTE_ASSIGNED,1831.9852567964226,36.227870969068945,167.76705264060365,,,,,,
343.70000000000965,T02,STATION_EVENT,STOP_TARGET_ASSIGNED,1832.9953210729698,36.49675694232306,166.76474320357738,,,,,,
343.70000000000965,T02,STATION_EVENT,RECEIVE_ROUTE_ASSIGNED,1832.9953210729698,36.49675694232306,166.76474320357738,,,,,,
343.8000000000097,T02,STATION_EVENT,STOP_TARGET_ASSIGNED,1834.0124791227365,36.73862264088346,165.75467892703023,,,,,,
343.8000000000097,T02,STATION_EVENT,RECEIVE_ROUTE_ASSIGNED,1834.0124791227365,36.73862264088346,165.75467892703023,,,,,,
343.9000000000097,T02,STATION_EVENT,STOP_TARGET_ASSIGNED,1835.0360187768833,36.95623245768437,164.73752087726348,,,,,,
343.9000000000097,T02,STATION_EVENT,RECEIVE_ROUTE_ASSIGNED,1835.0360187768833,36.95623245768437,164.73752087726348,,,,,,
344.0000000000097,T02,STATION_EVENT,STOP_TARGET_ASSIGNED,1836.0652279186409,37.14682574885064,163.71398122311666,,,,,,
344.0000000000097,T02,STATION_EVENT,RECEIVE_ROUTE_ASSIGNED,1836.0652279186409,37.14682574885064,163.71398122311666,,,,,,
344.10000000000974,T02,STATION_EVENT,STOP_TARGET_ASSIGNED,1837.0996649577803,37.3326410691847,162.68477208135914,,,,,,
344.10000000000974,T02,STATION_EVENT,RECEIVE_ROUTE_ASSIGNED,1837.0996649577803,37.3326410691847,162.68477208135914,,,,,,
344.20000000000977,T02,STATION_EVENT,STOP_TARGET_ASSIGNED,1838.138888336483,37.49144219741257,161.6503350422197,,,,,,
344.20000000000977,T02,STATION_EVENT,RECEIVE_ROUTE_ASSIGNED,1838.138888336483,37.49144219741257,161.6503350422197,,,,,,
344.3000000000098,T02,STATION_EVENT,STOP_TARGET_ASSIGNED,1839.1821543766305,37.62371269321367,160.61111166351702,,,,,,
344.3000000000098,T02,STATION_EVENT,RECEIVE_ROUTE_ASSIGNED,1839.1821543766305,37.62371269321367,160.61111166351702,,,,,,
344.4000000000098,T02,STATION_EVENT,STOP_TARGET_ASSIGNED,1840.228719456256,37.72897303981476,159.56784562336952,,,,,,
344.4000000000098,T02,STATION_EVENT,RECEIVE_ROUTE_ASSIGNED,1840.228719456256,37.72897303981476,159.56784562336952,,,,,,
344.50000000000983,T02,STATION_EVENT,STOP_TARGET_ASSIGNED,1841.2781399695941,37.82930392054023,158.52128054374407,,,,,,
344.50000000000983,T02,STATION_EVENT,RECEIVE_ROUTE_ASSIGNED,1841.2781399695941,37.82930392054023,158.52128054374407,,,,,,
344.60000000000986,T02,STATION_EVENT,STOP_TARGET_ASSIGNED,1842.3299723445755,37.90262707811349,157.47186003040588,,,,,,
344.60000000000986,T02,STATION_EVENT,RECEIVE_ROUTE_ASSIGNED,1842.3299723445755,37.90262707811349,157.47186003040588,,,,,,
344.7000000000099,T02,STATION_EVENT,STOP_TARGET_ASSIGNED,1843.3836784319956,37.96421121613104,156.42002765542452,,,,,,
344.7000000000099,T02,STATION_EVENT,RECEIVE_ROUTE_ASSIGNED,1843.3836784319956,37.96421121613104,156.42002765542452,,,,,,
344.8000000000099,T02,STATION_EVENT,STOP_TARGET_ASSIGNED,1844.438900679484,38.0117906030405,155.36632156800442,,,,,,
344.8000000000099,T02,STATION_EVENT,RECEIVE_ROUTE_ASSIGNED,1844.438900679484,38.0117906030405,155.36632156800442,,,,,,
344.9000000000099,T02,STATION_EVENT,STOP_TARGET_ASSIGNED,1845.4955417478095,38.06636631639832,154.31109932051595,,,,,,
344.9000000000099,T02,STATION_EVENT,RECEIVE_ROUTE_ASSIGNED,1845.4955417478095,38.06636631639832,154.31109932051595,,,,,,
345.00000000000995,T02,STATION_EVENT,STOP_TARGET_ASSIGNED,1846.5536987496057,38.12093781292858,153.2544582521905,,,,,,
345.00000000000995,T02,STATION_EVENT,RECEIVE_ROUTE_ASSIGNED,1846.5536987496057,38.12093781292858,153.2544582521905,,,,,,
345.10000000000997,T02,STATION_EVENT,STOP_TARGET_ASSIGNED,1847.612996567697,38.14850508964801,152.1963012503943,,,,,,
345.10000000000997,T02,STATION_EVENT,RECEIVE_ROUTE_ASSIGNED,1847.612996567697,38.14850508964801,152.1963012503943,,,,,,
345.20000000001,T02,STATION_EVENT,STOP_TARGET_ASSIGNED,1848.672897088728,38.164332424576706,151.1370034323029,,,,,,
345.20000000001,T02,STATION_EVENT,RECEIVE_ROUTE_ASSIGNED,1848.672897088728,38.164332424576706,151.1370034323029,,,,,,
345.30000000001,T02,STATION_EVENT,STOP_TARGET_ASSIGNED,1849.7332349575267,38.17999412893825,150.07710291127205,,,,,,
345.30000000001,T02,STATION_EVENT,RECEIVE_ROUTE_ASSIGNED,1849.7332349575267,38.17999412893825,150.07710291127205,,,,,,
345.40000000001004,T02,STATION_EVENT,STOP_TARGET_ASSIGNED,1850.7940055734186,38.1954902152778,149.01676504247325,,,,,,
345.40000000001004,T02,STATION_EVENT,RECEIVE_ROUTE_ASSIGNED,1850.7940055734186,38.1954902152778,149.01676504247325,,,,,,
345.50000000001006,T02,STATION_EVENT,STOP_TARGET_ASSIGNED,1851.8552043360773,38.210820696148204,147.95599442658136,,,,,,
345.50000000001006,T02,STATION_EVENT,RECEIVE_ROUTE_ASSIGNED,1851.8552043360773,38.210820696148204,147.95599442658136,,,,,,
345.6000000000101,T02,STATION_EVENT,STOP_TARGET_ASSIGNED,1852.9168266455254,38.225985584109885,146.89479566392265,,,,,,
345.6000000000101,T02,STATION_EVENT,RECEIVE_ROUTE_ASSIGNED,1852.9168266455254,38.225985584109885,146.89479566392265,,,,,,
345.7000000000101,T02,STATION_EVENT,STOP_TARGET_ASSIGNED,1853.9788679021342,38.24098489173074,145.83317335447464,,,,,,
345.7000000000101,T02,STATION_EVENT,RECEIVE_ROUTE_ASSIGNED,1853.9788679021342,38.24098489173074,145.83317335447464,,,,,,
345.80000000001013,T02,STATION_EVENT,STOP_TARGET_ASSIGNED,1855.0413235066246,38.25581863158608,144.7711320978658,,,,,,
345.80000000001013,T02,STATION_EVENT,RECEIVE_ROUTE_ASSIGNED,1855.0413235066246,38.25581863158608,144.7711320978658,,,,,,
345.90000000001015,T02,STATION_EVENT,STOP_TARGET_ASSIGNED,1856.1041888600669,38.27048681625852,143.70867649337538,,,,,,
345.90000000001015,T02,STATION_EVENT,RECEIVE_ROUTE_ASSIGNED,1856.1041888600669,38.27048681625852,143.70867649337538,,,,,,
346.0000000000102,T02,STATION_EVENT,STOP_TARGET_ASSIGNED,1857.1674593638807,38.28498945833788,142.64581113993313,,,,,,
346.0000000000102,T02,STATION_EVENT,RECEIVE_ROUTE_ASSIGNED,1857.1674593638807,38.28498945833788,142.64581113993313,,,,,,
346.1000000000102,T02,STATION_EVENT,STOP_TARGET_ASSIGNED,1858.2311304198356,38.2993265704211,141.58254063611935,,,,,,
346.1000000000102,T02,STATION_EVENT,RECEIVE_ROUTE_ASSIGNED,1858.2311304198356,38.2993265704211,141.58254063611935,,,,,,
346.2000000000102,T02,STATION_EVENT,STOP_TARGET_ASSIGNED,1859.2951974300513,38.313498165112144,140.5188695801644,,,,,,
346.2000000000102,T02,STATION_EVENT,RECEIVE_ROUTE_ASSIGNED,1859.2951974300513,38.313498165112144,140.5188695801644,,,,,,
346.30000000001024,T02,STATION_EVENT,STOP_TARGET_ASSIGNED,1860.3596557969977,38.327504255021914,139.4548025699487,,,,,,
346.30000000001024,T02,STATION_EVENT,RECEIVE_ROUTE_ASSIGNED,1860.3596557969977,38.327504255021914,139.4548025699487,,,,,,
346.40000000001027,T02,STATION_EVENT,STOP_TARGET_ASSIGNED,1861.4241282069058,38.314509258362555,138.39034420300231,,,,,,
346.40000000001027,T02,STATION_EVENT,RECEIVE_ROUTE_ASSIGNED,1861.4241282069058,38.314509258362555,138.39034420300231,,,,,,
346.5000000000103,T02,STATION_EVENT,STOP_TARGET_ASSIGNED,1862.4880728614028,38.28950586541179,137.32587179309417,,,,,,
346.5000000000103,T02,STATION_EVENT,RECEIVE_ROUTE_ASSIGNED,1862.4880728614028,38.28950586541179,137.32587179309417,,,,,,
346.6000000000103,T02,STATION_EVENT,STOP_TARGET_ASSIGNED,1863.551316647784,38.264046754034794,136.26192713859723,,,,,,
346.6000000000103,T02,STATION_EVENT,RECEIVE_ROUTE_ASSIGNED,1863.551316647784,38.264046754034794,136.26192713859723,,,,,,
346.70000000001033,T02,STATION_EVENT,STOP_TARGET_ASSIGNED,1864.6138469076855,38.238131958862354,135.198683352216,,,,,,
346.70000000001033,T02,STATION_EVENT,RECEIVE_ROUTE_ASSIGNED,1864.6138469076855,38.238131958862354,135.198683352216,,,,,,
346.80000000001036,T02,STATION_EVENT,STOP_TARGET_ASSIGNED,1865.6756509837041,38.21176151448387,134.13615309231454,,,,,,
346.80000000001036,T02,STATION_EVENT,RECEIVE_ROUTE_ASSIGNED,1865.6756509837041,38.21176151448387,134.13615309231454,,,,,,
346.9000000000104,T02,STATION_EVENT,STOP_TARGET_ASSIGNED,1866.7367162193975,38.18493545544671,133.07434901629586,,,,,,
346.9000000000104,T02,STATION_EVENT,RECEIVE_ROUTE_ASSIGNED,1866.7367162193975,38.18493545544671,133.07434901629586,,,,,,
347.0000000000104,T02,STATION_EVENT,STOP_TARGET_ASSIGNED,1867.7974113156383,38.18511147388957,132.01328378060248,,,,,,
347.0000000000104,T02,STATION_EVENT,RECEIVE_ROUTE_ASSIGNED,1867.7974113156383,38.18511147388957,132.01328378060248,,,,,,
347.1000000000104,T02,STATION_EVENT,STOP_TARGET_ASSIGNED,1868.8582604983521,38.19602968150091,130.95258868436167,,,,,,
347.1000000000104,T02,STATION_EVENT,RECEIVE_ROUTE_ASSIGNED,1868.8582604983521,38.19602968150091,130.95258868436167,,,,,,
347.20000000001045,T02,STATION_EVENT,STOP_TARGET_ASSIGNED,1869.9194106694574,38.20678263807771,129.89173950164786,,,,,,
347.20000000001045,T02,STATION_EVENT,RECEIVE_ROUTE_ASSIGNED,1869.9194106694574,38.20678263807771,129.89173950164786,,,,,,
347.30000000001047,T02,STATION_EVENT,STOP_TARGET_ASSIGNED,1870.9808572388235,38.21737035628656,128.83058933054258,,,,,,
347.30000000001047,T02,STATION_EVENT,RECEIVE_ROUTE_ASSIGNED,1870.9808572388235,38.21737035628656,128.83058933054258,,,,,,
347.4000000000105,T02,STATION_EVENT,STOP_TARGET_ASSIGNED,1872.0425956166719,38.22779284879898,127.76914276117645,,,,,,
347.4000000000105,T02,STATION_EVENT,RECEIVE_ROUTE_ASSIGNED,1872.0425956166719,38.22779284879898,127.76914276117645,,,,,,
347.5000000000105,T02,STATION_EVENT,STOP_TARGET_ASSIGNED,1873.104621213576,38.23805012829134,126.70740438332814,,,,,,
347.5000000000105,T02,STATION_EVENT,RECEIVE_ROUTE_ASSIGNED,1873.104621213576,38.23805012829134,126.70740438332814,,,,,,
347.60000000001054,T02,STATION_EVENT,STOP_TARGET_ASSIGNED,1874.1669294404612,38.248142207444786,125.64537878642409,,,,,,
347.60000000001054,T02,STATION_EVENT,RECEIVE_ROUTE_ASSIGNED,1874.1669294404612,38.248142207444786,125.64537878642409,,,,,,
347.70000000001056,T02,STATION_EVENT,STOP_TARGET_ASSIGNED,1875.2295157086055,38.2580690989451,124.58307055953878,,,,,,
347.70000000001056,T02,STATION_EVENT,RECEIVE_ROUTE_ASSIGNED,1875.2295157086055,38.2580690989451,124.58307055953878,,,,,,
347.8000000000106,T02,STATION_EVENT,STOP_TARGET_ASSIGNED,1876.2923754296392,38.26783081548266,123.5204842913945,,,,,,
347.8000000000106,T02,STATION_EVENT,RECEIVE_ROUTE_ASSIGNED,1876.2923754296392,38.26783081548266,123.5204842913945,,,,,,
347.9000000000106,T02,STATION_EVENT,STOP_TARGET_ASSIGNED,1877.3555040155452,38.27742736975233,122.45762457036085,,,,,,
347.9000000000106,T02,STATION_EVENT,RECEIVE_ROUTE_ASSIGNED,1877.3555040155452,38.27742736975233,122.45762457036085,,,,,,
348.00000000001063,T02,STATION_EVENT,STOP_TARGET_ASSIGNED,1878.4185241620703,38.26002318004775,121.3944959844548,,,,,,
348.00000000001063,T02,STATION_EVENT,RECEIVE_ROUTE_ASSIGNED,1878.4185241620703,38.26002318004775,121.3944959844548,,,,,,
348.10000000001065,T02,STATION_EVENT,STOP_TARGET_ASSIGNED,1879.4807832268984,38.22262948758168,120.3314758379297,,,,,,
348.10000000001065,T02,STATION_EVENT,RECEIVE_ROUTE_ASSIGNED,1879.4807832268984,38.22262948758168,120.3314758379297,,,,,,
348.2000000000107,T02,STATION_EVENT,STOP_TARGET_ASSIGNED,1880.542378618292,38.21223869276639,119.26921677310156,,,,,,
348.2000000000107,T02,STATION_EVENT,RECEIVE_ROUTE_ASSIGNED,1880.542378618292,38.21223869276639,119.26921677310156,,,,,,
348.3000000000107,T02,STATION_EVENT,STOP_TARGET_ASSIGNED,1881.6033103876757,38.174848702861716,118.0576213817078,,,,,,
348.3000000000107,T02,STATION_EVENT,RECEIVE_ROUTE_ASSIGNED,1881.6033103876757,38.174848702861716,118.0576213817078,,,,,,
348.4000000000107,T02,STATION_EVENT,STOP_TARGET_ASSIGNED,1882.662894520029,38.11520882658212,116.99668961232419,,,,,,
348.4000000000107,T02,STATION_EVENT,RECEIVE_ROUTE_ASSIGNED,1882.662894520029,38.11520882658212,116.99668961232419,,,,,,
348.50000000001074,T02,STATION_EVENT,STOP_TARGET_ASSIGNED,1883.72058276944,38.03834513099861,115.9371054799708,,,,,,
348.50000000001074,T02,STATION_EVENT,RECEIVE_ROUTE_ASSIGNED,1883.72058276944,38.03834513099861,115.9371054799708,,,,,,
348.60000000001077,T02,STATION_EVENT,STOP_TARGET_ASSIGNED,1884.7758940659164,37.94406821531083,114.87941723055997,,,,,,
348.60000000001077,T02,STATION_EVENT,RECEIVE_ROUTE_ASSIGNED,1884.7758940659164,37.94406821531083,114.87941723055997,,,,,,
348.7000000000108,T02,STATION_EVENT,STOP_TARGET_ASSIGNED,1885.8283421475246,37.83219366048636,113.82410593408349,,,,,,
348.7000000000108,T02,STATION_EVENT,RECEIVE_ROUTE_ASSIGNED,1885.8283421475246,37.83219366048636,113.82410593408349,,,,,,
348.8000000000108,T02,STATION_EVENT,STOP_TARGET_ASSIGNED,1886.877435718229,37.70254343023574,112.7716578524753,,,,,,
348.8000000000108,T02,STATION_EVENT,RECEIVE_ROUTE_ASSIGNED,1886.877435718229,37.70254343023574,112.7716578524753,,,,,,
348.90000000001083,T02,STATION_EVENT,STOP_TARGET_ASSIGNED,1887.9226786293054,37.55494616726806,111.72256428177093,,,,,,
348.90000000001083,T02,STATION_EVENT,RECEIVE_ROUTE_ASSIGNED,1887.9226786293054,37.55494616726806,111.72256428177093,,,,,,
349.00000000001086,T02,STATION_EVENT,STOP_TARGET_ASSIGNED,1888.9635700690862,37.389237496947004,110.67732137069447,,,,,,
349.00000000001086,T02,STATION_EVENT,RECEIVE_ROUTE_ASSIGNED,1888.9635700690862,37.389237496947004,110.67732137069447,,,,,,
349.1000000000109,T02,STATION_EVENT,STOP_TARGET_ASSIGNED,1889.9996047612462,37.20526033857814,109.63642993091366,,,,,,
349.1000000000109,T02,STATION_EVENT,RECEIVE_ROUTE_ASSIGNED,1889.9996047612462,37.20526033857814,109.63642993091366,,,,,,
349.2000000000109,T02,STATION_EVENT,STOP_TARGET_ASSIGNED,1891.030904172111,37.04829724367857,108.60039523875366,,,,,,
349.2000000000109,T02,STATION_EVENT,RECEIVE_ROUTE_ASSIGNED,1891.030904172111,37.04829724367857,108.60039523875366,,,,,,
349.3000000000109,T02,STATION_EVENT,STOP_TARGET_ASSIGNED,1892.0574811547804,36.86524550852305,107.56909582788899,,,,,,
349.3000000000109,T02,STATION_EVENT,RECEIVE_ROUTE_ASSIGNED,1892.0574811547804,36.86524550852305,107.56909582788899,,,,,,
349.40000000001095,T02,STATION_EVENT,STOP_TARGET_ASSIGNED,1893.0790357158573,36.686682889013696,106.54251884521955,,,,,,
349.40000000001095,T02,STATION_EVENT,RECEIVE_ROUTE_ASSIGNED,1893.0790357158573,36.686682889013696,106.54251884521955,,,,,,
349.50000000001097,T02,STATION_EVENT,STOP_TARGET_ASSIGNED,1894.096005392311,36.535133815654355,105.52096428414256,,,,,,
349.50000000001097,T02,STATION_EVENT,RECEIVE_ROUTE_ASSIGNED,1894.096005392311,36.535133815654355,105.52096428414256,,,,,,
349.600000000011,T02,STATION_EVENT,STOP_TARGET_ASSIGNED,1895.108390531575,36.35659621134507,104.50399460768881,,,,,,
349.600000000011,T02,STATION_EVENT,RECEIVE_ROUTE_ASSIGNED,1895.108390531575,36.35659621134507,104.50399460768881,,,,,,
349.700000000011,T02,STATION_EVENT,STOP_TARGET_ASSIGNED,1896.1154414801465,36.15107208580462,103.49160946842494,,,,,,
349.700000000011,T02,STATION_EVENT,RECEIVE_ROUTE_ASSIGNED,1896.1154414801465,36.15107208580462,103.49160946842494,,,,,,
349.80000000001104,T02,STATION_EVENT,STOP_TARGET_ASSIGNED,1897.1171586401235,35.972563432539204,102.48455851985341,,,,,,
349.80000000001104,T02,STATION_EVENT,RECEIVE_ROUTE_ASSIGNED,1897.1171586401235,35.972563432539204,102.48455851985341,,,,,,
349.90000000001106,T02,STATION_EVENT,STOP_TARGET_ASSIGNED,1898.1135424125155,35.76706817968389,101.48284135987637,,,,,,
349.90000000001106,T02,STATION_EVENT,RECEIVE_ROUTE_ASSIGNED,1898.1135424125155,35.76706817968389,101.48284135987637,,,,,,
350.0000000000111,T02,STATION_EVENT,STOP_TARGET_ASSIGNED,1899.1042647438353,35.56493967534739,100.48645758748444,,,,,,
350.0000000000111,T02,STATION_EVENT,RECEIVE_ROUTE_ASSIGNED,1899.1042647438353,35.56493967534739,100.48645758748444,,,,,,
350.1000000000111,T02,STATION_EVENT,STOP_TARGET_ASSIGNED,1900.089747603988,35.38982625563746,99.49573525616461,,,,,,
350.1000000000111,T02,STATION_EVENT,RECEIVE_ROUTE_ASSIGNED,1900.089747603988,35.38982625563746,99.49573525616461,,,,,,
350.20000000001113,T02,STATION_EVENT,STOP_TARGET_ASSIGNED,1901.0699913834794,35.18772586774816,98.51025239601199,,,,,,
350.20000000001113,T02,STATION_EVENT,RECEIVE_ROUTE_ASSIGNED,1901.0699913834794,35.18772586774816,98.51025239601199,,,,,,
350.30000000001115,T02,STATION_EVENT,STOP_TARGET_ASSIGNED,1902.0442464716104,34.95864047767837,97.53000861652049,,,,,,
350.30000000001115,T02,STATION_EVENT,RECEIVE_ROUTE_ASSIGNED,1902.0442464716104,34.95864047767837,97.53000861652049,,,,,,
350.4000000000112,T02,STATION_EVENT,STOP_TARGET_ASSIGNED,1903.012513312038,34.756572033101506,96.55575352838946,,,,,,
350.4000000000112,T02,STATION_EVENT,RECEIVE_ROUTE_ASSIGNED,1903.012513312038,34.756572033101506,96.55575352838946,,,,,,
350.5000000000112,T02,STATION_EVENT,STOP_TARGET_ASSIGNED,1903.9750902333562,34.54896630181092,95.58748668796193,,,,,,
350.5000000000112,T02,STATION_EVENT,RECEIVE_ROUTE_ASSIGNED,1903.9750902333562,34.54896630181092,95.58748668796193,,,,,,
350.6000000000112,T02,STATION_EVENT,STOP_TARGET_ASSIGNED,1904.932275540745,34.36837583018037,94.62490976664367,,,,,,
350.6000000000112,T02,STATION_EVENT,RECEIVE_ROUTE_ASSIGNED,1904.932275540745,34.36837583018037,94.62490976664367,,,,,,
350.70000000001124,T02,STATION_EVENT,STOP_TARGET_ASSIGNED,1905.8840696299635,34.16079859355816,93.66772445925494,,,,,,
350.70000000001124,T02,STATION_EVENT,RECEIVE_ROUTE_ASSIGNED,1905.8840696299635,34.16079859355816,93.66772445925494,,,,,,
350.80000000001127,T02,STATION_EVENT,STOP_TARGET_ASSIGNED,1906.8297228954987,33.92623652497072,92.7159303700364,,,,,,
350.80000000001127,T02,STATION_EVENT,RECEIVE_ROUTE_ASSIGNED,1906.8297228954987,33.92623652497072,92.7159303700364,,,,,,
350.9000000000113,T02,STATION_EVENT,STOP_TARGET_ASSIGNED,1907.769235785271,33.71869153863111,91.77027710450125,,,,,,
350.9000000000113,T02,STATION_EVENT,RECEIVE_ROUTE_ASSIGNED,1907.769235785271,33.71869153863111,91.77027710450125,,,,,,
351.0000000000113,T02,STATION_EVENT,STOP_TARGET_ASSIGNED,1908.7028675252532,33.50279374010037,90.83076421472902,,,,,,
351.0000000000113,T02,STATION_EVENT,RECEIVE_ROUTE_ASSIGNED,1908.7028675252532,33.50279374010037,90.83076421472902,,,,,,
351.10000000001133,T02,STATION_EVENT,STOP_TARGET_ASSIGNED,1909.6308773210983,33.31391156075408,89.89713247474674,,,,,,
351.10000000001133,T02,STATION_EVENT,RECEIVE_ROUTE_ASSIGNED,1909.6308773210983,33.31391156075408,89.89713247474674,,,,,,
351.20000000001136,T02,STATION_EVENT,STOP_TARGET_ASSIGNED,1910.5532655789375,33.09804300366457,88.96912267890161,,,,,,
351.20000000001136,T02,STATION_EVENT,RECEIVE_ROUTE_ASSIGNED,1910.5532655789375,33.09804300366457,88.96912267890161,,,,,,
351.3000000000114,T02,STATION_EVENT,STOP_TARGET_ASSIGNED,1911.469282703524,32.85518996655946,88.04673442106241,,,,,,
351.3000000000114,T02,STATION_EVENT,RECEIVE_ROUTE_ASSIGNED,1911.469282703524,32.85518996655946,88.04673442106241,,,,,,
351.4000000000114,T02,STATION_EVENT,STOP_TARGET_ASSIGNED,1912.378929152054,32.63935432761227,87.13071729647595,,,,,,
351.4000000000114,T02,STATION_EVENT,RECEIVE_ROUTE_ASSIGNED,1912.378929152054,32.63935432761227,87.13071729647595,,,,,,
351.5000000000114,T02,STATION_EVENT,STOP_TARGET_ASSIGNED,1913.2824236151755,32.41224701713482,86.22107084794584,,,,,,
351.5000000000114,T02,STATION_EVENT,RECEIVE_ROUTE_ASSIGNED,1913.2824236151755,32.41224701713482,86.22107084794584,,,,,,
351.60000000001145,T02,STATION_EVENT,STOP_TARGET_ASSIGNED,1914.1799847662887,32.21215586302113,85.3175763848244,,,,,,
351.60000000001145,T02,STATION_EVENT,RECEIVE_ROUTE_ASSIGNED,1914.1799847662887,32.21215586302113,85.3175763848244,,,,,,
351.70000000001147,T02,STATION_EVENT,STOP_TARGET_ASSIGNED,1915.0716130268288,31.985078895859704,84.42001523371118,,,,,,
351.70000000001147,T02,STATION_EVENT,RECEIVE_ROUTE_ASSIGNED,1915.0716130268288,31.985078895859704,84.42001523371118,,,,,,
351.8000000000115,T02,STATION_EVENT,STOP_TARGET_ASSIGNED,1915.9573088167035,31.78501797512178,83.52838697317111,,,,,,
351.8000000000115,T02,STATION_EVENT,RECEIVE_ROUTE_ASSIGNED,1915.9573088167035,31.78501797512178,83.52838697317111,,,,,,
351.9000000000115,T02,STATION_EVENT,STOP_TARGET_ASSIGNED,1916.8370725544723,31.557971144240692,82.64269118329639,,,,,,
351.9000000000115,T02,STATION_EVENT,RECEIVE_ROUTE_ASSIGNED,1916.8370725544723,31.557971144240692,82.64269118329639,,,,,,
352.00000000001154,T02,STATION_EVENT,STOP_TARGET_ASSIGNED,1917.710381949787,31.32030531841529,81.76292744552757,,,,,,
352.00000000001154,T02,STATION_EVENT,RECEIVE_ROUTE_ASSIGNED,1917.710381949787,31.32030531841529,81.76292744552757,,,,,,
352.10000000001156,T02,STATION_EVENT,STOP_TARGET_ASSIGNED,1918.5774647474473,31.109656113125745,80.8896180502129,,,,,,
352.10000000001156,T02,STATION_EVENT,RECEIVE_ROUTE_ASSIGNED,1918.5774647474473,31.109656113125745,80.8896180502129,,,,,,
352.2000000000116,T02,STATION_EVENT,STOP_TARGET_ASSIGNED,1919.4383213821652,30.87202158657047,80.02253525255264,,,,,,
352.2000000000116,T02,STATION_EVENT,RECEIVE_ROUTE_ASSIGNED,1919.4383213821652,30.87202158657047,80.02253525255264,,,,,,
352.3000000000116,T02,STATION_EVENT,STATION_LINE_OCCUPIED,1920.2929522869786,30.661403559993975,79.1616786178347,,,,,,
363.7000000000142,T02,STATION_STATE,final_approach,1975.0858180266825,9.807376707184039,23.78667461914233,,,,,,
363.7000000000142,T02,EOA_UPDATE,STATION_STOP_TARGET,1975.0858180266825,9.807376707184039,23.78667461914233,,,,,,
386.5000000000194,T02,STATION_STATE,aligned_stop,2000.0,0.0,-1.1499661811726583,,,,,,
386.5000000000194,T02,STATION_STATE,dwell_started,2000.0,0.0,-1.1499661811726583,,,,,,
386.5000000000194,T02,EOA_UPDATE,SAFETY_RESTRICTION,2000.0,0.0,-1.1499661811726583,,,,,,
391.9000000000206,T03,STATION_EVENT,STOP_TARGET_ASSIGNED,1335.2742673471096,0.0,663.7257326528904,,,,,,
391.9000000000206,T03,STATION_EVENT,RECEIVE_ROUTE_ASSIGNED,1335.2742673471096,0.0,663.7257326528904,,,,,,
392.00000000002063,T03,STATION_EVENT,STOP_TARGET_ASSIGNED,1335.2742673471096,0.0,663.7257326528904,,,,,,
392.00000000002063,T03,STATION_EVENT,RECEIVE_ROUTE_ASSIGNED,1335.2742673471096,0.0,663.7257326528904,,,,,,
392.10000000002066,T03,STATION_EVENT,STOP_TARGET_ASSIGNED,1335.2742673471096,0.0,663.7257326528904,,,,,,
392.10000000002066,T03,STATION_EVENT,RECEIVE_ROUTE_ASSIGNED,1335.2742673471096,0.0,663.7257326528904,,,,,,
392.2000000000207,T03,STATION_EVENT,STOP_TARGET_ASSIGNED,1335.2742673471096,0.0,663.7257326528904,,,,,,
392.2000000000207,T03,STATION_EVENT,RECEIVE_ROUTE_ASSIGNED,1335.2742673471096,0.0,663.7257326528904,,,,,,
392.3000000000207,T03,STATION_EVENT,STOP_TARGET_ASSIGNED,1335.2742673471096,0.0,663.7257326528904,,,,,,
392.3000000000207,T03,STATION_EVENT,RECEIVE_ROUTE_ASSIGNED,1335.2742673471096,0.0,663.7257326528904,,,,,,
392.4000000000207,T03,STATION_EVENT,STOP_TARGET_ASSIGNED,1335.2742673471096,0.0,663.7257326528904,,,,,,
392.4000000000207,T03,STATION_EVENT,RECEIVE_ROUTE_ASSIGNED,1335.2742673471096,0.0,663.7257326528904,,,,,,
392.50000000002075,T03,STATION_EVENT,STOP_TARGET_ASSIGNED,1335.2742673471096,0.0,663.7257326528904,,,,,,
392.50000000002075,T03,STATION_EVENT,RECEIVE_ROUTE_ASSIGNED,1335.2742673471096,0.0,663.7257326528904,,,,,,
392.60000000002077,T03,STATION_EVENT,STOP_TARGET_ASSIGNED,1335.2742673471096,0.0,663.7257326528904,,,,,,
392.60000000002077,T03,STATION_EVENT,RECEIVE_ROUTE_ASSIGNED,1335.2742673471096,0.0,663.7257326528904,,,,,,
392.7000000000208,T03,STATION_EVENT,STOP_TARGET_ASSIGNED,1335.2742673471096,0.0,663.7257326528904,,,,,,
392.7000000000208,T03,STATION_EVENT,RECEIVE_ROUTE_ASSIGNED,1335.2742673471096,0.0,663.7257326528904,,,,,,
392.8000000000208,T03,STATION_EVENT,STOP_TARGET_ASSIGNED,1335.2742673471096,0.0,663.7257326528904,,,,,,
392.8000000000208,T03,STATION_EVENT,RECEIVE_ROUTE_ASSIGNED,1335.2742673471096,0.0,663.7257326528904,,,,,,
392.90000000002084,T03,STATION_EVENT,STOP_TARGET_ASSIGNED,1335.2742673471096,0.0,663.7257326528904,,,,,,
392.90000000002084,T03,STATION_EVENT,RECEIVE_ROUTE_ASSIGNED,1335.2742673471096,0.0,663.7257326528904,,,,,,
393.00000000002086,T03,STATION_EVENT,STOP_TARGET_ASSIGNED,1335.2742673471096,0.0,663.7257326528904,,,,,,
393.00000000002086,T03,STATION_EVENT,RECEIVE_ROUTE_ASSIGNED,1335.2742673471096,0.0,663.7257326528904,,,,,,
393.1000000000209,T03,STATION_EVENT,STOP_TARGET_ASSIGNED,1335.2742673471096,0.0,663.7257326528904,,,,,,
393.1000000000209,T03,STATION_EVENT,RECEIVE_ROUTE_ASSIGNED,1335.2742673471096,0.0,663.7257326528904,,,,,,
393.2000000000209,T03,STATION_EVENT,STOP_TARGET_ASSIGNED,1335.2742673471096,0.0,663.7257326528904,,,,,,
393.2000000000209,T03,STATION_EVENT,RECEIVE_ROUTE_ASSIGNED,1335.2742673471096,0.0,663.7257326528904,,,,,,
393.30000000002093,T03,STATION_EVENT,STOP_TARGET_ASSIGNED,1335.2742673471096,0.0,663.7257326528904,,,,,,
393.30000000002093,T03,STATION_EVENT,RECEIVE_ROUTE_ASSIGNED,1335.2742673471096,0.0,663.7257326528904,,,,,,
393.40000000002095,T03,STATION_EVENT,STOP_TARGET_ASSIGNED,1335.2742673471096,0.0,663.7257326528904,,,,,,
393.40000000002095,T03,STATION_EVENT,RECEIVE_ROUTE_ASSIGNED,1335.2742673471096,0.0,663.7257326528904,,,,,,
393.500000000021,T03,STATION_EVENT,STOP_TARGET_ASSIGNED,1335.2742673471096,0.0,663.7257326528904,,,,,,
393.500000000021,T03,STATION_EVENT,RECEIVE_ROUTE_ASSIGNED,1335.2742673471096,0.0,663.7257326528904,,,,,,
393.600000000021,T03,STATION_EVENT,STOP_TARGET_ASSIGNED,1335.2742673471096,0.0,663.7257326528904,,,,,,
393.600000000021,T03,STATION_EVENT,RECEIVE_ROUTE_ASSIGNED,1335.2742673471096,0.0,663.7257326528904,,,,,,
393.700000000021,T03,STATION_EVENT,STOP_TARGET_ASSIGNED,1335.2742673471096,0.0,663.7257326528904,,,,,,
393.700000000021,T03,STATION_EVENT,RECEIVE_ROUTE_ASSIGNED,1335.2742673471096,0.0,663.7257326528904,,,,,,
393.80000000002104,T03,STATION_EVENT,STOP_TARGET_ASSIGNED,1335.2742673471096,0.0,663.7257326528904,,,,,,
393.80000000002104,T03,STATION_EVENT,RECEIVE_ROUTE_ASSIGNED,1335.2742673471096,0.0,663.7257326528904,,,,,,
393.90000000002107,T03,STATION_EVENT,STOP_TARGET_ASSIGNED,1335.2742673471096,0.0,663.7257326528904,,,,,,
393.90000000002107,T03,STATION_EVENT,RECEIVE_ROUTE_ASSIGNED,1335.2742673471096,0.0,663.7257326528904,,,,,,
394.0000000000211,T03,STATION_EVENT,STOP_TARGET_ASSIGNED,1335.2742673471096,0.0,663.7257326528904,,,,,,
394.0000000000211,T03,STATION_EVENT,RECEIVE_ROUTE_ASSIGNED,1335.2742673471096,0.0,663.7257326528904,,,,,,
394.1000000000211,T03,STATION_EVENT,STOP_TARGET_ASSIGNED,1335.2742673471096,0.0,663.7257326528904,,,,,,
394.1000000000211,T03,STATION_EVENT,RECEIVE_ROUTE_ASSIGNED,1335.2742673471096,0.0,663.7257326528904,,,,,,
394.20000000002113,T03,STATION_EVENT,STOP_TARGET_ASSIGNED,1335.2742673471096,0.0,663.7257326528904,,,,,,
394.20000000002113,T03,STATION_EVENT,RECEIVE_ROUTE_ASSIGNED,1335.2742673471096,0.0,663.7257326528904,,,,,,
394.30000000002116,T03,STATION_EVENT,STOP_TARGET_ASSIGNED,1335.2742673471096,0.0,663.7257326528904,,,,,,
394.30000000002116,T03,STATION_EVENT,RECEIVE_ROUTE_ASSIGNED,1335.2742673471096,0.0,663.7257326528904,,,,,,
394.4000000000212,T03,STATION_EVENT,STOP_TARGET_ASSIGNED,1335.2742673471096,0.0,663.7257326528904,,,,,,
394.4000000000212,T03,STATION_EVENT,RECEIVE_ROUTE_ASSIGNED,1335.2742673471096,0.0,663.7257326528904,,,,,,
394.5000000000212,T03,STATION_EVENT,STOP_TARGET_ASSIGNED,1335.2742673471096,0.0,663.7257326528904,,,,,,
394.5000000000212,T03,STATION_EVENT,RECEIVE_ROUTE_ASSIGNED,1335.2742673471096,0.0,663.7257326528904,,,,,,
394.6000000000212,T03,STATION_EVENT,STOP_TARGET_ASSIGNED,1335.2742673471096,0.0,663.7257326528904,,,,,,
394.6000000000212,T03,STATION_EVENT,RECEIVE_ROUTE_ASSIGNED,1335.2742673471096,0.0,663.7257326528904,,,,,,
394.70000000002125,T03,STATION_EVENT,STOP_TARGET_ASSIGNED,1335.2742673471096,0.0,663.7257326528904,,,,,,
394.70000000002125,T03,STATION_EVENT,RECEIVE_ROUTE_ASSIGNED,1335.2742673471096,0.0,663.7257326528904,,,,,,
394.80000000002127,T03,STATION_EVENT,STOP_TARGET_ASSIGNED,1335.2742673471096,0.0,663.7257326528904,,,,,,
394.80000000002127,T03,STATION_EVENT,RECEIVE_ROUTE_ASSIGNED,1335.2742673471096,0.0,663.7257326528904,,,,,,
394.9000000000213,T03,STATION_EVENT,STOP_TARGET_ASSIGNED,1335.2742673471096,0.0,663.7257326528904,,,,,,
394.9000000000213,T03,STATION_EVENT,RECEIVE_ROUTE_ASSIGNED,1335.2742673471096,0.0,663.7257326528904,,,,,,
395.0000000000213,T03,STATION_EVENT,STOP_TARGET_ASSIGNED,1335.2742673471096,0.0,663.7257326528904,,,,,,
395.0000000000213,T03,STATION_EVENT,RECEIVE_ROUTE_ASSIGNED,1335.2742673471096,0.0,663.7257326528904,,,,,,
395.10000000002134,T03,STATION_EVENT,STOP_TARGET_ASSIGNED,1335.2742673471096,0.0,663.7257326528904,,,,,,
395.10000000002134,T03,STATION_EVENT,RECEIVE_ROUTE_ASSIGNED,1335.2742673471096,0.0,663.7257326528904,,,,,,
395.20000000002136,T03,STATION_EVENT,STOP_TARGET_ASSIGNED,1335.2742673471096,0.0,663.7257326528904,,,,,,
395.20000000002136,T03,STATION_EVENT,RECEIVE_ROUTE_ASSIGNED,1335.2742673471096,0.0,663.7257326528904,,,,,,
395.3000000000214,T03,STATION_EVENT,STOP_TARGET_ASSIGNED,1335.2742673471096,0.0,663.7257326528904,,,,,,
395.3000000000214,T03,STATION_EVENT,RECEIVE_ROUTE_ASSIGNED,1335.2742673471096,0.0,663.7257326528904,,,,,,
395.4000000000214,T03,STATION_EVENT,STOP_TARGET_ASSIGNED,1335.2742673471096,0.0,663.7257326528904,,,,,,
395.4000000000214,T03,STATION_EVENT,RECEIVE_ROUTE_ASSIGNED,1335.2742673471096,0.0,663.7257326528904,,,,,,
395.50000000002143,T03,STATION_EVENT,STOP_TARGET_ASSIGNED,1335.2742673471096,0.0,663.7257326528904,,,,,,
395.50000000002143,T03,STATION_EVENT,RECEIVE_ROUTE_ASSIGNED,1335.2742673471096,0.0,663.7257326528904,,,,,,
395.60000000002145,T03,STATION_EVENT,STOP_TARGET_ASSIGNED,1335.2742673471096,0.0,663.7257326528904,,,,,,
395.60000000002145,T03,STATION_EVENT,RECEIVE_ROUTE_ASSIGNED,1335.2742673471096,0.0,663.7257326528904,,,,,,
395.7000000000215,T03,STATION_EVENT,STOP_TARGET_ASSIGNED,1335.2742673471096,0.0,663.7257326528904,,,,,,
395.7000000000215,T03,STATION_EVENT,RECEIVE_ROUTE_ASSIGNED,1335.2742673471096,0.0,663.7257326528904,,,,,,
395.8000000000215,T03,STATION_EVENT,STOP_TARGET_ASSIGNED,1335.2742673471096,0.0,663.7257326528904,,,,,,
395.8000000000215,T03,STATION_EVENT,RECEIVE_ROUTE_ASSIGNED,1335.2742673471096,0.0,663.7257326528904,,,,,,
395.9000000000215,T03,STATION_EVENT,STOP_TARGET_ASSIGNED,1335.2742673471096,0.0,663.7257326528904,,,,,,
395.9000000000215,T03,STATION_EVENT,RECEIVE_ROUTE_ASSIGNED,1335.2742673471096,0.0,663.7257326528904,,,,,,
396.00000000002154,T03,STATION_EVENT,STOP_TARGET_ASSIGNED,1335.2742673471096,0.0,663.7257326528904,,,,,,
396.00000000002154,T03,STATION_EVENT,RECEIVE_ROUTE_ASSIGNED,1335.2742673471096,0.0,663.7257326528904,,,,,,
396.10000000002157,T03,STATION_EVENT,STOP_TARGET_ASSIGNED,1335.2742673471096,0.0,663.7257326528904,,,,,,
396.10000000002157,T03,STATION_EVENT,RECEIVE_ROUTE_ASSIGNED,1335.2742673471096,0.0,663.7257326528904,,,,,,
396.2000000000216,T03,STATION_EVENT,STOP_TARGET_ASSIGNED,1335.2742673471096,0.0,663.7257326528904,,,,,,
396.2000000000216,T03,STATION_EVENT,RECEIVE_ROUTE_ASSIGNED,1335.2742673471096,0.0,663.7257326528904,,,,,,
396.3000000000216,T03,STATION_EVENT,STOP_TARGET_ASSIGNED,1335.2742673471096,0.0,663.7257326528904,,,,,,
396.3000000000216,T03,STATION_EVENT,RECEIVE_ROUTE_ASSIGNED,1335.2742673471096,0.0,663.7257326528904,,,,,,
396.40000000002163,T03,STATION_EVENT,STOP_TARGET_ASSIGNED,1335.2742673471096,0.0,663.7257326528904,,,,,,
396.40000000002163,T03,STATION_EVENT,RECEIVE_ROUTE_ASSIGNED,1335.2742673471096,0.0,663.7257326528904,,,,,,
396.50000000002166,T03,STATION_EVENT,STOP_TARGET_ASSIGNED,1335.2742673471096,0.0,663.7257326528904,,,,,,
396.50000000002166,T03,STATION_EVENT,RECEIVE_ROUTE_ASSIGNED,1335.2742673471096,0.0,663.7257326528904,,,,,,
396.6000000000217,T03,STATION_EVENT,STOP_TARGET_ASSIGNED,1335.2742673471096,0.0,663.7257326528904,,,,,,
396.6000000000217,T03,STATION_EVENT,RECEIVE_ROUTE_ASSIGNED,1335.2742673471096,0.0,663.7257326528904,,,,,,
396.7000000000217,T03,STATION_EVENT,STOP_TARGET_ASSIGNED,1335.2742673471096,0.0,663.7257326528904,,,,,,
396.7000000000217,T03,STATION_EVENT,RECEIVE_ROUTE_ASSIGNED,1335.2742673471096,0.0,663.7257326528904,,,,,,
396.8000000000217,T03,STATION_EVENT,STOP_TARGET_ASSIGNED,1335.2742673471096,0.0,663.7257326528904,,,,,,
396.8000000000217,T03,STATION_EVENT,RECEIVE_ROUTE_ASSIGNED,1335.2742673471096,0.0,663.7257326528904,,,,,,
396.90000000002175,T03,STATION_EVENT,STOP_TARGET_ASSIGNED,1335.2742673471096,0.0,663.7257326528904,,,,,,
396.90000000002175,T03,STATION_EVENT,RECEIVE_ROUTE_ASSIGNED,1335.2742673471096,0.0,663.7257326528904,,,,,,
397.00000000002177,T03,STATION_EVENT,STOP_TARGET_ASSIGNED,1335.2742673471096,0.0,663.7257326528904,,,,,,
397.00000000002177,T03,STATION_EVENT,RECEIVE_ROUTE_ASSIGNED,1335.2742673471096,0.0,663.7257326528904,,,,,,
397.1000000000218,T03,STATION_EVENT,STOP_TARGET_ASSIGNED,1335.2742673471096,0.0,663.7257326528904,,,,,,
397.1000000000218,T03,STATION_EVENT,RECEIVE_ROUTE_ASSIGNED,1335.2742673471096,0.0,663.7257326528904,,,,,,
397.2000000000218,T03,STATION_EVENT,STOP_TARGET_ASSIGNED,1335.2742673471096,0.0,663.7257326528904,,,,,,
397.2000000000218,T03,STATION_EVENT,RECEIVE_ROUTE_ASSIGNED,1335.2742673471096,0.0,663.7257326528904,,,,,,
397.30000000002184,T03,STATION_EVENT,STOP_TARGET_ASSIGNED,1335.2742673471096,0.0,663.7257326528904,,,,,,
397.30000000002184,T03,STATION_EVENT,RECEIVE_ROUTE_ASSIGNED,1335.2742673471096,0.0,663.7257326528904,,,,,,
397.40000000002186,T03,STATION_EVENT,STOP_TARGET_ASSIGNED,1335.2742673471096,0.0,663.7257326528904,,,,,,
397.40000000002186,T03,STATION_EVENT,RECEIVE_ROUTE_ASSIGNED,1335.2742673471096,0.0,663.7257326528904,,,,,,
397.5000000000219,T03,STATION_EVENT,STOP_TARGET_ASSIGNED,1335.2742673471096,0.0,663.7257326528904,,,,,,
397.5000000000219,T03,STATION_EVENT,RECEIVE_ROUTE_ASSIGNED,1335.2742673471096,0.0,663.7257326528904,,,,,,
397.6000000000219,T03,STATION_EVENT,STOP_TARGET_ASSIGNED,1335.2742673471096,0.0,663.7257326528904,,,,,,
397.6000000000219,T03,STATION_EVENT,RECEIVE_ROUTE_ASSIGNED,1335.2742673471096,0.0,663.7257326528904,,,,,,
397.70000000002193,T03,STATION_EVENT,STOP_TARGET_ASSIGNED,1335.2742673471096,0.0,663.7257326528904,,,,,,
397.70000000002193,T03,STATION_EVENT,RECEIVE_ROUTE_ASSIGNED,1335.2742673471096,0.0,663.7257326528904,,,,,,
397.80000000002195,T03,STATION_EVENT,STOP_TARGET_ASSIGNED,1335.2742673471096,0.0,663.7257326528904,,,,,,
397.80000000002195,T03,STATION_EVENT,RECEIVE_ROUTE_ASSIGNED,1335.2742673471096,0.0,663.7257326528904,,,,,,
397.900000000022,T03,STATION_EVENT,STOP_TARGET_ASSIGNED,1335.2742673471096,0.0,663.7257326528904,,,,,,
397.900000000022,T03,STATION_EVENT,RECEIVE_ROUTE_ASSIGNED,1335.2742673471096,0.0,663.7257326528904,,,,,,
398.000000000022,T03,STATION_EVENT,STOP_TARGET_ASSIGNED,1335.2742673471096,0.0,663.7257326528904,,,,,,
398.000000000022,T03,STATION_EVENT,RECEIVE_ROUTE_ASSIGNED,1335.2742673471096,0.0,663.7257326528904,,,,,,
398.100000000022,T03,STATION_EVENT,STOP_TARGET_ASSIGNED,1335.2742673471096,0.0,663.7257326528904,,,,,,
398.100000000022,T03,STATION_EVENT,RECEIVE_ROUTE_ASSIGNED,1335.2742673471096,0.0,663.7257326528904,,,,,,
398.20000000002204,T03,STATION_EVENT,STOP_TARGET_ASSIGNED,1335.2742673471096,0.0,663.7257326528904,,,,,,
398.20000000002204,T03,STATION_EVENT,RECEIVE_ROUTE_ASSIGNED,1335.2742673471096,0.0,663.7257326528904,,,,,,
398.30000000002207,T03,STATION_EVENT,STOP_TARGET_ASSIGNED,1335.2742673471096,0.0,663.7257326528904,,,,,,
398.30000000002207,T03,STATION_EVENT,RECEIVE_ROUTE_ASSIGNED,1335.2742673471096,0.0,663.7257326528904,,,,,,
398.4000000000221,T03,STATION_EVENT,STOP_TARGET_ASSIGNED,1335.2742673471096,0.0,663.7257326528904,,,,,,
398.4000000000221,T03,STATION_EVENT,RECEIVE_ROUTE_ASSIGNED,1335.2742673471096,0.0,663.7257326528904,,,,,,
398.5000000000221,T03,STATION_EVENT,STOP_TARGET_ASSIGNED,1335.2742673471096,0.0,663.7257326528904,,,,,,
398.5000000000221,T03,STATION_EVENT,RECEIVE_ROUTE_ASSIGNED,1335.2742673471096,0.0,663.7257326528904,,,,,,
398.60000000002213,T03,STATION_EVENT,STOP_TARGET_ASSIGNED,1335.2742673471096,0.0,663.7257326528904,,,,,,
398.60000000002213,T03,STATION_EVENT,RECEIVE_ROUTE_ASSIGNED,1335.2742673471096,0.0,663.7257326528904,,,,,,
398.70000000002216,T03,STATION_EVENT,STOP_TARGET_ASSIGNED,1335.2742673471096,0.0,663.7257326528904,,,,,,
398.70000000002216,T03,STATION_EVENT,RECEIVE_ROUTE_ASSIGNED,1335.2742673471096,0.0,663.7257326528904,,,,,,
398.8000000000222,T03,STATION_EVENT,STOP_TARGET_ASSIGNED,1335.2742673471096,0.0,663.7257326528904,,,,,,
398.8000000000222,T03,STATION_EVENT,RECEIVE_ROUTE_ASSIGNED,1335.2742673471096,0.0,663.7257326528904,,,,,,
398.9000000000222,T03,STATION_EVENT,STOP_TARGET_ASSIGNED,1335.2742673471096,0.0,663.7257326528904,,,,,,
398.9000000000222,T03,STATION_EVENT,RECEIVE_ROUTE_ASSIGNED,1335.2742673471096,0.0,663.7257326528904,,,,,,
399.0000000000222,T03,STATION_EVENT,STOP_TARGET_ASSIGNED,1335.2742673471096,0.0,663.7257326528904,,,,,,
399.0000000000222,T03,STATION_EVENT,RECEIVE_ROUTE_ASSIGNED,1335.2742673471096,0.0,663.7257326528904,,,,,,
399.10000000002225,T03,STATION_EVENT,STOP_TARGET_ASSIGNED,1335.2742673471096,0.0,663.7257326528904,,,,,,
399.10000000002225,T03,STATION_EVENT,RECEIVE_ROUTE_ASSIGNED,1335.2742673471096,0.0,663.7257326528904,,,,,,
399.20000000002227,T03,STATION_EVENT,STOP_TARGET_ASSIGNED,1335.2742673471096,0.0,663.7257326528904,,,,,,
399.20000000002227,T03,STATION_EVENT,RECEIVE_ROUTE_ASSIGNED,1335.2742673471096,0.0,663.7257326528904,,,,,,
399.3000000000223,T03,STATION_EVENT,STOP_TARGET_ASSIGNED,1335.2742673471096,0.0,663.7257326528904,,,,,,
399.3000000000223,T03,STATION_EVENT,RECEIVE_ROUTE_ASSIGNED,1335.2742673471096,0.0,663.7257326528904,,,,,,
399.4000000000223,T03,STATION_EVENT,STOP_TARGET_ASSIGNED,1335.2742673471096,0.0,663.7257326528904,,,,,,
399.4000000000223,T03,STATION_EVENT,RECEIVE_ROUTE_ASSIGNED,1335.2742673471096,0.0,663.7257326528904,,,,,,
399.50000000002234,T03,STATION_EVENT,STOP_TARGET_ASSIGNED,1335.2742673471096,0.0,663.7257326528904,,,,,,
399.50000000002234,T03,STATION_EVENT,RECEIVE_ROUTE_ASSIGNED,1335.2742673471096,0.0,663.7257326528904,,,,,,
399.60000000002236,T03,STATION_EVENT,STOP_TARGET_ASSIGNED,1335.2742673471096,0.0,663.7257326528904,,,,,,
399.60000000002236,T03,STATION_EVENT,RECEIVE_ROUTE_ASSIGNED,1335.2742673471096,0.0,663.7257326528904,,,,,,
399.7000000000224,T03,STATION_EVENT,STOP_TARGET_ASSIGNED,1335.2742673471096,0.0,663.7257326528904,,,,,,
399.7000000000224,T03,STATION_EVENT,RECEIVE_ROUTE_ASSIGNED,1335.2742673471096,0.0,663.7257326528904,,,,,,
399.8000000000224,T03,STATION_EVENT,STOP_TARGET_ASSIGNED,1335.2742673471096,0.0,663.7257326528904,,,,,,
399.8000000000224,T03,STATION_EVENT,RECEIVE_ROUTE_ASSIGNED,1335.2742673471096,0.0,663.7257326528904,,,,,,
399.90000000002243,T03,STATION_EVENT,STOP_TARGET_ASSIGNED,1335.2742673471096,0.0,663.7257326528904,,,,,,
399.90000000002243,T03,STATION_EVENT,RECEIVE_ROUTE_ASSIGNED,1335.2742673471096,0.0,663.7257326528904,,,,,,
400.00000000002245,T03,STATION_EVENT,STOP_TARGET_ASSIGNED,1335.2742673471096,0.0,663.7257326528904,,,,,,
400.00000000002245,T03,STATION_EVENT,RECEIVE_ROUTE_ASSIGNED,1335.2742673471096,0.0,663.7257326528904,,,,,,
400.1000000000225,T03,STATION_EVENT,STOP_TARGET_ASSIGNED,1335.2742673471096,0.0,663.7257326528904,,,,,,
400.1000000000225,T03,STATION_EVENT,RECEIVE_ROUTE_ASSIGNED,1335.2742673471096,0.0,663.7257326528904,,,,,,
400.2000000000225,T03,STATION_EVENT,STOP_TARGET_ASSIGNED,1335.2742673471096,0.0,663.7257326528904,,,,,,
400.2000000000225,T03,STATION_EVENT,RECEIVE_ROUTE_ASSIGNED,1335.2742673471096,0.0,663.7257326528904,,,,,,
400.3000000000225,T03,STATION_EVENT,STOP_TARGET_ASSIGNED,1335.2742673471096,0.0,663.7257326528904,,,,,,
400.3000000000225,T03,STATION_EVENT,RECEIVE_ROUTE_ASSIGNED,1335.2742673471096,0.0,663.7257326528904,,,,,,
400.40000000002254,T03,STATION_EVENT,STOP_TARGET_ASSIGNED,1335.2742673471096,0.0,663.7257326528904,,,,,,
400.40000000002254,T03,STATION_EVENT,RECEIVE_ROUTE_ASSIGNED,1335.2742673471096,0.0,663.7257326528904,,,,,,
400.50000000002257,T03,STATION_EVENT,STOP_TARGET_ASSIGNED,1335.2742673471096,0.0,663.7257326528904,,,,,,
400.50000000002257,T03,STATION_EVENT,RECEIVE_ROUTE_ASSIGNED,1335.2742673471096,0.0,663.7257326528904,,,,,,
400.6000000000226,T03,STATION_EVENT,STOP_TARGET_ASSIGNED,1335.2742673471096,0.0,663.7257326528904,,,,,,
400.6000000000226,T03,STATION_EVENT,RECEIVE_ROUTE_ASSIGNED,1335.2742673471096,0.0,663.7257326528904,,,,,,
400.7000000000226,T03,STATION_EVENT,STOP_TARGET_ASSIGNED,1335.2742673471096,0.0,663.7257326528904,,,,,,
400.7000000000226,T03,STATION_EVENT,RECEIVE_ROUTE_ASSIGNED,1335.2742673471096,0.0,663.7257326528904,,,,,,
400.80000000002264,T03,STATION_EVENT,STOP_TARGET_ASSIGNED,1335.2742673471096,0.0,663.7257326528904,,,,,,
400.80000000002264,T03,STATION_EVENT,RECEIVE_ROUTE_ASSIGNED,1335.2742673471096,0.0,663.7257326528904,,,,,,
400.90000000002266,T03,STATION_EVENT,STOP_TARGET_ASSIGNED,1335.2742673471096,0.0,663.7257326528904,,,,,,
400.90000000002266,T03,STATION_EVENT,RECEIVE_ROUTE_ASSIGNED,1335.2742673471096,0.0,663.7257326528904,,,,,,
401.0000000000227,T03,STATION_EVENT,STOP_TARGET_ASSIGNED,1335.2742673471096,0.0,663.7257326528904,,,,,,
401.0000000000227,T03,STATION_EVENT,RECEIVE_ROUTE_ASSIGNED,1335.2742673471096,0.0,663.7257326528904,,,,,,
401.1000000000227,T03,STATION_EVENT,STOP_TARGET_ASSIGNED,1335.2742673471096,0.0,663.7257326528904,,,,,,
401.1000000000227,T03,STATION_EVENT,RECEIVE_ROUTE_ASSIGNED,1335.2742673471096,0.0,663.7257326528904,,,,,,
401.2000000000227,T03,STATION_EVENT,STOP_TARGET_ASSIGNED,1335.2742673471096,0.0,663.7257326528904,,,,,,
401.2000000000227,T03,STATION_EVENT,RECEIVE_ROUTE_ASSIGNED,1335.2742673471096,0.0,663.7257326528904,,,,,,
401.30000000002275,T03,STATION_EVENT,STOP_TARGET_ASSIGNED,1335.2742673471096,0.0,663.7257326528904,,,,,,
401.30000000002275,T03,STATION_EVENT,RECEIVE_ROUTE_ASSIGNED,1335.2742673471096,0.0,663.7257326528904,,,,,,
401.40000000002277,T03,STATION_EVENT,STOP_TARGET_ASSIGNED,1335.2742673471096,0.0,663.7257326528904,,,,,,
401.40000000002277,T03,STATION_EVENT,RECEIVE_ROUTE_ASSIGNED,1335.2742673471096,0.0,663.7257326528904,,,,,,
401.5000000000228,T03,STATION_EVENT,STOP_TARGET_ASSIGNED,1335.2742673471096,0.0,663.7257326528904,,,,,,
401.5000000000228,T03,STATION_EVENT,RECEIVE_ROUTE_ASSIGNED,1335.2742673471096,0.0,663.7257326528904,,,,,,
401.6000000000228,T03,STATION_EVENT,STOP_TARGET_ASSIGNED,1335.2742673471096,0.0,663.7257326528904,,,,,,
401.6000000000228,T03,STATION_EVENT,RECEIVE_ROUTE_ASSIGNED,1335.2742673471096,0.0,663.7257326528904,,,,,,
401.70000000002284,T03,STATION_EVENT,STOP_TARGET_ASSIGNED,1335.2742673471096,0.0,663.7257326528904,,,,,,
401.70000000002284,T03,STATION_EVENT,RECEIVE_ROUTE_ASSIGNED,1335.2742673471096,0.0,663.7257326528904,,,,,,
401.80000000002286,T03,STATION_EVENT,STOP_TARGET_ASSIGNED,1335.2742673471096,0.0,663.7257326528904,,,,,,
401.80000000002286,T03,STATION_EVENT,RECEIVE_ROUTE_ASSIGNED,1335.2742673471096,0.0,663.7257326528904,,,,,,
401.9000000000229,T03,STATION_EVENT,STOP_TARGET_ASSIGNED,1335.2742673471096,0.0,663.7257326528904,,,,,,
401.9000000000229,T03,STATION_EVENT,RECEIVE_ROUTE_ASSIGNED,1335.2742673471096,0.0,663.7257326528904,,,,,,
402.0000000000229,T03,STATION_EVENT,STOP_TARGET_ASSIGNED,1335.2742673471096,0.0,663.7257326528904,,,,,,
402.0000000000229,T03,STATION_EVENT,RECEIVE_ROUTE_ASSIGNED,1335.2742673471096,0.0,663.7257326528904,,,,,,
402.10000000002293,T03,STATION_EVENT,STOP_TARGET_ASSIGNED,1335.2742673471096,0.0,663.7257326528904,,,,,,
402.10000000002293,T03,STATION_EVENT,RECEIVE_ROUTE_ASSIGNED,1335.2742673471096,0.0,663.7257326528904,,,,,,
402.20000000002295,T03,STATION_EVENT,STOP_TARGET_ASSIGNED,1335.2742673471096,0.0,663.7257326528904,,,,,,
402.20000000002295,T03,STATION_EVENT,RECEIVE_ROUTE_ASSIGNED,1335.2742673471096,0.0,663.7257326528904,,,,,,
402.300000000023,T03,STATION_EVENT,STOP_TARGET_ASSIGNED,1335.2742673471096,0.0,663.7257326528904,,,,,,
402.300000000023,T03,STATION_EVENT,RECEIVE_ROUTE_ASSIGNED,1335.2742673471096,0.0,663.7257326528904,,,,,,
402.400000000023,T03,STATION_EVENT,STOP_TARGET_ASSIGNED,1335.2742673471096,0.0,663.7257326528904,,,,,,
402.400000000023,T03,STATION_EVENT,RECEIVE_ROUTE_ASSIGNED,1335.2742673471096,0.0,663.7257326528904,,,,,,
402.500000000023,T03,STATION_EVENT,STOP_TARGET_ASSIGNED,1335.2742673471096,0.0,663.7257326528904,,,,,,
402.500000000023,T03,STATION_EVENT,RECEIVE_ROUTE_ASSIGNED,1335.2742673471096,0.0,663.7257326528904,,,,,,
402.60000000002304,T03,STATION_EVENT,STOP_TARGET_ASSIGNED,1335.2742673471096,0.0,663.7257326528904,,,,,,
402.60000000002304,T03,STATION_EVENT,RECEIVE_ROUTE_ASSIGNED,1335.2742673471096,0.0,663.7257326528904,,,,,,
402.70000000002307,T03,STATION_EVENT,STOP_TARGET_ASSIGNED,1335.2742673471096,0.0,663.7257326528904,,,,,,
402.70000000002307,T03,STATION_EVENT,RECEIVE_ROUTE_ASSIGNED,1335.2742673471096,0.0,663.7257326528904,,,,,,
402.8000000000231,T03,STATION_EVENT,STOP_TARGET_ASSIGNED,1335.2742673471096,0.0,663.7257326528904,,,,,,
402.8000000000231,T03,STATION_EVENT,RECEIVE_ROUTE_ASSIGNED,1335.2742673471096,0.0,663.7257326528904,,,,,,
402.9000000000231,T03,STATION_EVENT,STOP_TARGET_ASSIGNED,1335.2742673471096,0.0,663.7257326528904,,,,,,
402.9000000000231,T03,STATION_EVENT,RECEIVE_ROUTE_ASSIGNED,1335.2742673471096,0.0,663.7257326528904,,,,,,
403.00000000002314,T03,STATION_EVENT,STOP_TARGET_ASSIGNED,1335.2742673471096,0.0,663.7257326528904,,,,,,
403.00000000002314,T03,STATION_EVENT,RECEIVE_ROUTE_ASSIGNED,1335.2742673471096,0.0,663.7257326528904,,,,,,
403.10000000002316,T03,STATION_EVENT,STOP_TARGET_ASSIGNED,1335.2742673471096,0.0,663.7257326528904,,,,,,
403.10000000002316,T03,STATION_EVENT,RECEIVE_ROUTE_ASSIGNED,1335.2742673471096,0.0,663.7257326528904,,,,,,
403.2000000000232,T03,STATION_EVENT,STOP_TARGET_ASSIGNED,1335.2742673471096,0.0,663.7257326528904,,,,,,
403.2000000000232,T03,STATION_EVENT,RECEIVE_ROUTE_ASSIGNED,1335.2742673471096,0.0,663.7257326528904,,,,,,
403.3000000000232,T03,STATION_EVENT,STOP_TARGET_ASSIGNED,1335.2742673471096,0.0,663.7257326528904,,,,,,
403.3000000000232,T03,STATION_EVENT,RECEIVE_ROUTE_ASSIGNED,1335.2742673471096,0.0,663.7257326528904,,,,,,
403.4000000000232,T03,STATION_EVENT,STOP_TARGET_ASSIGNED,1335.2742673471096,0.0,663.7257326528904,,,,,,
403.4000000000232,T03,STATION_EVENT,RECEIVE_ROUTE_ASSIGNED,1335.2742673471096,0.0,663.7257326528904,,,,,,
403.50000000002325,T03,STATION_EVENT,STOP_TARGET_ASSIGNED,1335.2742673471096,0.0,663.7257326528904,,,,,,
403.50000000002325,T03,STATION_EVENT,RECEIVE_ROUTE_ASSIGNED,1335.2742673471096,0.0,663.7257326528904,,,,,,
403.6000000000233,T03,STATION_EVENT,STOP_TARGET_ASSIGNED,1335.2742673471096,0.0,663.7257326528904,,,,,,
403.6000000000233,T03,STATION_EVENT,RECEIVE_ROUTE_ASSIGNED,1335.2742673471096,0.0,663.7257326528904,,,,,,
403.7000000000233,T03,STATION_EVENT,STOP_TARGET_ASSIGNED,1335.2742673471096,0.0,663.7257326528904,,,,,,
403.7000000000233,T03,STATION_EVENT,RECEIVE_ROUTE_ASSIGNED,1335.2742673471096,0.0,663.7257326528904,,,,,,
403.8000000000233,T03,STATION_EVENT,STOP_TARGET_ASSIGNED,1335.2742673471096,0.0,663.7257326528904,,,,,,
403.8000000000233,T03,STATION_EVENT,RECEIVE_ROUTE_ASSIGNED,1335.2742673471096,0.0,663.7257326528904,,,,,,
295.4999999999987,T04,STATION_EVENT,STOP_TARGET_ASSIGNED,814.2668527664009,36.291825817193754,185.48935246436486,,,,,,
295.4999999999987,T04,STATION_EVENT,RECEIVE_ROUTE_ASSIGNED,814.2668527664009,36.291825817193754,185.48935246436486,,,,,,
295.5999999999987,T04,STATION_EVENT,STOP_TARGET_ASSIGNED,815.2768580010742,36.42855107928227,184.48314723359908,,,,,,
295.5999999999987,T04,STATION_EVENT,RECEIVE_ROUTE_ASSIGNED,815.2768580010742,36.42855107928227,184.48314723359908,,,,,,
295.69999999999874,T04,STATION_EVENT,STOP_TARGET_ASSIGNED,816.2906590817208,36.56512672727339,183.47314199892583,,,,,,
295.69999999999874,T04,STATION_EVENT,RECEIVE_ROUTE_ASSIGNED,816.2906590817208,36.56512672727339,183.47314199892583,,,,,,
295.79999999999876,T04,STATION_EVENT,STOP_TARGET_ASSIGNED,817.3082518543795,36.70155290414823,182.45934091827917,,,,,,
295.79999999999876,T04,STATION_EVENT,RECEIVE_ROUTE_ASSIGNED,817.3082518543795,36.70155290414823,182.45934091827917,,,,,,
295.8999999999988,T04,STATION_EVENT,STOP_TARGET_ASSIGNED,818.3292590996184,36.810968753055214,181.44174814562052,,,,,,
295.8999999999988,T04,STATION_EVENT,RECEIVE_ROUTE_ASSIGNED,818.3292590996184,36.810968753055214,181.44174814562052,,,,,,
295.9999999999988,T04,STATION_EVENT,STOP_TARGET_ASSIGNED,819.3536770798453,36.947125823277936,180.4207409003816,,,,,,
295.9999999999988,T04,STATION_EVENT,RECEIVE_ROUTE_ASSIGNED,819.3536770798453,36.947125823277936,180.4207409003816,,,,,,
296.09999999999883,T04,STATION_EVENT,STOP_TARGET_ASSIGNED,820.3816891036494,37.069739890616376,179.39632292015472,,,,,,
296.09999999999883,T04,STATION_EVENT,RECEIVE_ROUTE_ASSIGNED,820.3816891036494,37.069739890616376,179.39632292015472,,,,,,
296.19999999999885,T04,STATION_EVENT,STOP_TARGET_ASSIGNED,821.4132199121467,37.200478321191355,178.36831089635064,,,,,,
296.19999999999885,T04,STATION_EVENT,RECEIVE_ROUTE_ASSIGNED,821.4132199121467,37.200478321191355,178.36831089635064,,,,,,
296.2999999999989,T04,STATION_EVENT,STOP_TARGET_ASSIGNED,822.4480072052395,37.3042067814925,177.3367800878533,,,,,,
296.2999999999989,T04,STATION_EVENT,RECEIVE_ROUTE_ASSIGNED,822.4480072052395,37.3042067814925,177.3367800878533,,,,,,
296.3999999999989,T04,STATION_EVENT,STOP_TARGET_ASSIGNED,823.4855311347651,37.397516144354846,176.3019927947605,,,,,,
296.3999999999989,T04,STATION_EVENT,RECEIVE_ROUTE_ASSIGNED,823.4855311347651,37.397516144354846,176.3019927947605,,,,,,
296.4999999999989,T04,STATION_EVENT,STOP_TARGET_ASSIGNED,824.5256568117015,37.49153259506884,175.2644688652349,,,,,,
296.4999999999989,T04,STATION_EVENT,RECEIVE_ROUTE_ASSIGNED,824.5256568117015,37.49153259506884,175.2644688652349,,,,,,
296.59999999999894,T04,STATION_EVENT,STOP_TARGET_ASSIGNED,825.5684038764908,37.58625606975731,174.22434318829846,,,,,,
296.59999999999894,T04,STATION_EVENT,RECEIVE_ROUTE_ASSIGNED,825.5684038764908,37.58625606975731,174.22434318829846,,,,,,
296.69999999999897,T04,STATION_EVENT,STOP_TARGET_ASSIGNED,826.6137919677975,37.681686504326386,173.18159612350917,,,,,,
296.69999999999897,T04,STATION_EVENT,RECEIVE_ROUTE_ASSIGNED,826.6137919677975,37.681686504326386,173.18159612350917,,,,,,
296.799999999999,T04,STATION_EVENT,STOP_TARGET_ASSIGNED,827.6614558026959,37.75010960835665,172.1362080322025,,,,,,
296.799999999999,T04,STATION_EVENT,RECEIVE_ROUTE_ASSIGNED,827.6614558026959,37.75010960835665,172.1362080322025,,,,,,
296.899999999999,T04,STATION_EVENT,STOP_TARGET_ASSIGNED,828.7108708423538,37.80777324701454,171.08854419730415,,,,,,
296.899999999999,T04,STATION_EVENT,RECEIVE_ROUTE_ASSIGNED,828.7108708423538,37.80777324701454,171.08854419730415,,,,,,
296.99999999999903,T04,STATION_EVENT,STOP_TARGET_ASSIGNED,829.7616980575206,37.851786244998415,170.03912915764624,,,,,,
296.99999999999903,T04,STATION_EVENT,RECEIVE_ROUTE_ASSIGNED,829.7616980575206,37.851786244998415,170.03912915764624,,,,,,
297.09999999999906,T04,STATION_EVENT,STOP_TARGET_ASSIGNED,830.8138499449594,37.90314965060204,168.98830194247944,,,,,,
297.09999999999906,T04,STATION_EVENT,RECEIVE_ROUTE_ASSIGNED,830.8138499449594,37.90314965060204,168.98830194247944,,,,,,
297.1999999999991,T04,STATION_EVENT,STOP_TARGET_ASSIGNED,831.8674334525356,37.95486289487922,167.93615005504057,,,,,,
297.1999999999991,T04,STATION_EVENT,RECEIVE_ROUTE_ASSIGNED,831.8674334525356,37.95486289487922,167.93615005504057,,,,,,
297.2999999999991,T04,STATION_EVENT,STOP_TARGET_ASSIGNED,832.9224582975742,38.006925947900925,166.88256654746442,,,,,,
297.2999999999991,T04,STATION_EVENT,RECEIVE_ROUTE_ASSIGNED,832.9224582975742,38.006925947900925,166.88256654746442,,,,,,
297.3999999999991,T04,STATION_EVENT,STOP_TARGET_ASSIGNED,833.9785542827061,38.0319849816032,165.82754170242583,,,,,,
297.3999999999991,T04,STATION_EVENT,RECEIVE_ROUTE_ASSIGNED,833.9785542827061,38.0319849816032,165.82754170242583,,,,,,
297.49999999999915,T04,STATION_EVENT,STOP_TARGET_ASSIGNED,835.0349755190392,38.030344034383624,164.7714457172939,,,,,,
297.49999999999915,T04,STATION_EVENT,RECEIVE_ROUTE_ASSIGNED,835.0349755190392,38.030344034383624,164.7714457172939,,,,,,
297.59999999999917,T04,STATION_EVENT,STOP_TARGET_ASSIGNED,836.0913244322352,38.026777715729516,163.71502448096078,,,,,,
297.59999999999917,T04,STATION_EVENT,RECEIVE_ROUTE_ASSIGNED,836.0913244322352,38.026777715729516,163.71502448096078,,,,,,
297.6999999999992,T04,STATION_EVENT,STOP_TARGET_ASSIGNED,837.1475582390323,38.022056373662274,162.65867556776482,,,,,,
297.6999999999992,T04,STATION_EVENT,RECEIVE_ROUTE_ASSIGNED,837.1475582390323,38.022056373662274,162.65867556776482,,,,,,
297.7999999999992,T04,STATION_EVENT,STOP_TARGET_ASSIGNED,838.2036512750132,38.01664221696042,161.60244176096774,,,,,,
297.7999999999992,T04,STATION_EVENT,RECEIVE_ROUTE_ASSIGNED,838.2036512750132,38.01664221696042,161.60244176096774,,,,,,
297.89999999999924,T04,STATION_EVENT,STOP_TARGET_ASSIGNED,839.2595881470661,38.01081257085505,160.54634872498684,,,,,,
297.89999999999924,T04,STATION_EVENT,RECEIVE_ROUTE_ASSIGNED,839.2595881470661,38.01081257085505,160.54634872498684,,,,,,
297.99999999999926,T04,STATION_EVENT,STOP_TARGET_ASSIGNED,840.315359624862,38.00473383044895,159.4904118529339,,,,,,
297.99999999999926,T04,STATION_EVENT,RECEIVE_ROUTE_ASSIGNED,840.315359624862,38.00473383044895,159.4904118529339,,,,,,
298.0999999999993,T04,STATION_EVENT,STOP_TARGET_ASSIGNED,841.37096017574,37.99850583276846,158.43464037513797,,,,,,
298.0999999999993,T04,STATION_EVENT,RECEIVE_ROUTE_ASSIGNED,841.37096017574,37.99850583276846,158.43464037513797,,,,,,
298.1999999999993,T04,STATION_EVENT,STOP_TARGET_ASSIGNED,842.4263864856396,37.99218847999457,157.37903982425996,,,,,,
298.1999999999993,T04,STATION_EVENT,RECEIVE_ROUTE_ASSIGNED,842.4263864856396,37.99218847999457,157.37903982425996,,,,,,
298.29999999999933,T04,STATION_EVENT,STOP_TARGET_ASSIGNED,843.481636571659,37.98581771340137,156.32361351436043,,,,,,
298.29999999999933,T04,STATION_EVENT,RECEIVE_ROUTE_ASSIGNED,843.481636571659,37.98581771340137,156.32361351436043,,,,,,
298.39999999999935,T04,STATION_EVENT,STOP_TARGET_ASSIGNED,844.5367092495912,37.97941509771909,155.268363428341,,,,,,
298.39999999999935,T04,STATION_EVENT,RECEIVE_ROUTE_ASSIGNED,844.5367092495912,37.97941509771909,155.268363428341,,,,,,
298.4999999999994,T04,STATION_EVENT,STOP_TARGET_ASSIGNED,845.591603814445,37.97299357175176,154.21329075040876,,,,,,
298.4999999999994,T04,STATION_EVENT,RECEIVE_ROUTE_ASSIGNED,845.591603814445,37.97299357175176,154.21329075040876,,,,,,
298.5999999999994,T04,STATION_EVENT,STOP_TARGET_ASSIGNED,846.6463198487575,37.96656089874778,153.15839618555503,,,,,,
298.5999999999994,T04,STATION_EVENT,RECEIVE_ROUTE_ASSIGNED,846.6463198487575,37.96656089874778,153.15839618555503,,,,,,
298.6999999999994,T04,STATION_EVENT,STOP_TARGET_ASSIGNED,847.700857107582,37.960121736622284,152.10368015124254,,,,,,
298.6999999999994,T04,STATION_EVENT,RECEIVE_ROUTE_ASSIGNED,847.700857107582,37.960121736622284,152.10368015124254,,,,,,
298.79999999999944,T04,STATION_EVENT,STOP_TARGET_ASSIGNED,848.7552154494808,37.95367888009042,151.049142892418,,,,,,
298.79999999999944,T04,STATION_EVENT,RECEIVE_ROUTE_ASSIGNED,848.7552154494808,37.95367888009042,151.049142892418,,,,,,
298.89999999999947,T04,STATION_EVENT,STOP_TARGET_ASSIGNED,849.8093947951203,37.947234005947436,149.99478455051917,,,,,,
298.89999999999947,T04,STATION_EVENT,RECEIVE_ROUTE_ASSIGNED,849.8093947951203,37.947234005947436,149.99478455051917,,,,,,
298.9999999999995,T04,STATION_EVENT,STOP_TARGET_ASSIGNED,850.8633951024284,37.94078812023659,148.94060520487972,,,,,,
298.9999999999995,T04,STATION_EVENT,RECEIVE_ROUTE_ASSIGNED,850.8633951024284,37.94078812023659,148.94060520487972,,,,,,
299.0999999999995,T04,STATION_EVENT,STOP_TARGET_ASSIGNED,851.9172163516894,37.93434182655002,147.8866048975716,,,,,,
299.0999999999995,T04,STATION_EVENT,RECEIVE_ROUTE_ASSIGNED,851.9172163516894,37.93434182655002,147.8866048975716,,,,,,
299.19999999999953,T04,STATION_EVENT,STOP_TARGET_ASSIGNED,852.9708585366,37.927895487009174,146.83278364831062,,,,,,
299.19999999999953,T04,STATION_EVENT,RECEIVE_ROUTE_ASSIGNED,852.9708585366,37.927895487009174,146.83278364831062,,,,,,
299.29999999999956,T04,STATION_EVENT,STOP_TARGET_ASSIGNED,854.0243216589037,37.92144931885309,145.77914146340004,,,,,,
299.29999999999956,T04,STATION_EVENT,RECEIVE_ROUTE_ASSIGNED,854.0243216589037,37.92144931885309,145.77914146340004,,,,,,
299.3999999999996,T04,STATION_EVENT,STOP_TARGET_ASSIGNED,855.077605725171,37.9150034523914,144.72567834109634,,,,,,
299.3999999999996,T04,STATION_EVENT,RECEIVE_ROUTE_ASSIGNED,855.077605725171,37.9150034523914,144.72567834109634,,,,,,
299.4999999999996,T04,STATION_EVENT,STOP_TARGET_ASSIGNED,856.1307107448678,37.90855796577606,143.672394274829,,,,,,
299.4999999999996,T04,STATION_EVENT,RECEIVE_ROUTE_ASSIGNED,856.1307107448678,37.90855796577606,143.672394274829,,,,,,
299.5999999999996,T04,STATION_EVENT,STOP_TARGET_ASSIGNED,857.1836367291961,37.90211290586447,142.61928925513223,,,,,,
299.5999999999996,T04,STATION_EVENT,RECEIVE_ROUTE_ASSIGNED,857.1836367291961,37.90211290586447,142.61928925513223,,,,,,
299.69999999999965,T04,STATION_EVENT,STOP_TARGET_ASSIGNED,858.236383690399,37.89566830073725,141.5663632708039,,,,,,
299.69999999999965,T04,STATION_EVENT,RECEIVE_ROUTE_ASSIGNED,858.236383690399,37.89566830073725,141.5663632708039,,,,,,
299.79999999999967,T04,STATION_EVENT,STOP_TARGET_ASSIGNED,859.2889516413427,37.889224167209015,140.51361630960105,,,,,,
299.79999999999967,T04,STATION_EVENT,RECEIVE_ROUTE_ASSIGNED,859.2889516413427,37.889224167209015,140.51361630960105,,,,,,
299.8999999999997,T04,STATION_EVENT,STOP_TARGET_ASSIGNED,860.341340595267,37.88278051533475,139.4610483586573,,,,,,
299.8999999999997,T04,STATION_EVENT,RECEIVE_ROUTE_ASSIGNED,860.341340595267,37.88278051533475,139.4610483586573,,,,,,
299.9999999999997,T04,STATION_EVENT,STOP_TARGET_ASSIGNED,861.3935505656343,37.87633735111368,138.40865940473304,,,,,,
299.9999999999997,T04,STATION_EVENT,RECEIVE_ROUTE_ASSIGNED,861.3935505656343,37.87633735111368,138.40865940473304,,,,,,
300.09999999999974,T04,STATION_EVENT,STOP_TARGET_ASSIGNED,862.4455815660402,37.86989467811158,137.3564494343657,,,,,,
300.09999999999974,T04,STATION_EVENT,RECEIVE_ROUTE_ASSIGNED,862.4455815660402,37.86989467811158,137.3564494343657,,,,,,
300.19999999999976,T04,STATION_EVENT,STOP_TARGET_ASSIGNED,863.497433610159,37.86345249843415,136.30441843395977,,,,,,
300.19999999999976,T04,STATION_EVENT,RECEIVE_ROUTE_ASSIGNED,863.497433610159,37.86345249843415,136.30441843395977,,,,,,
300.2999999999998,T04,STATION_EVENT,STOP_TARGET_ASSIGNED,864.549106711711,37.85701081331107,135.25256638984104,,,,,,
300.2999999999998,T04,STATION_EVENT,RECEIVE_ROUTE_ASSIGNED,864.549106711711,37.85701081331107,135.25256638984104,,,,,,
300.3999999999998,T04,STATION_EVENT,STOP_TARGET_ASSIGNED,865.6006008844438,37.85056962344642,134.20089328828897,,,,,,
300.3999999999998,T04,STATION_EVENT,RECEIVE_ROUTE_ASSIGNED,865.6006008844438,37.85056962344642,134.20089328828897,,,,,,
300.49999999999983,T04,STATION_EVENT,STOP_TARGET_ASSIGNED,866.6519161421198,37.84412892922889,133.1493991155562,,,,,,
300.49999999999983,T04,STATION_EVENT,RECEIVE_ROUTE_ASSIGNED,866.6519161421198,37.84412892922889,133.1493991155562,,,,,,
300.59999999999985,T04,STATION_EVENT,STOP_TARGET_ASSIGNED,867.7030524985099,37.837688730857984,132.09808385788017,,,,,,
300.59999999999985,T04,STATION_EVENT,RECEIVE_ROUTE_ASSIGNED,867.7030524985099,37.837688730857984,132.09808385788017,,,,,,
300.6999999999999,T04,STATION_EVENT,STOP_TARGET_ASSIGNED,868.7540099673888,37.831249028419684,131.04694750149008,,,,,,
300.6999999999999,T04,STATION_EVENT,RECEIVE_ROUTE_ASSIGNED,868.7540099673888,37.831249028419684,131.04694750149008,,,,,,
300.7999999999999,T04,STATION_EVENT,STOP_TARGET_ASSIGNED,869.8047885625326,37.82480982193186,129.9959900326112,,,,,,
300.7999999999999,T04,STATION_EVENT,RECEIVE_ROUTE_ASSIGNED,869.8047885625326,37.82480982193186,129.9959900326112,,,,,,
300.8999999999999,T04,STATION_EVENT,STOP_TARGET_ASSIGNED,870.8553882977174,37.81837111137153,128.94521143746738,,,,,,
300.8999999999999,T04,STATION_EVENT,RECEIVE_ROUTE_ASSIGNED,870.8553882977174,37.81837111137153,128.94521143746738,,,,,,
300.99999999999994,T04,STATION_EVENT,STOP_TARGET_ASSIGNED,871.9058091867182,37.81193289669121,127.89461170228265,,,,,,
300.99999999999994,T04,STATION_EVENT,RECEIVE_ROUTE_ASSIGNED,871.9058091867182,37.81193289669121,127.89461170228265,,,,,,
301.09999999999997,T04,STATION_EVENT,STOP_TARGET_ASSIGNED,872.9560512433088,37.80549517782871,126.84419081328178,,,,,,
301.09999999999997,T04,STATION_EVENT,RECEIVE_ROUTE_ASSIGNED,872.9560512433088,37.80549517782871,126.84419081328178,,,,,,
301.2,T04,STATION_EVENT,STOP_TARGET_ASSIGNED,874.0061144812607,37.799057954713035,125.79394875669118,,,,,,
301.2,T04,STATION_EVENT,RECEIVE_ROUTE_ASSIGNED,874.0061144812607,37.799057954713035,125.79394875669118,,,,,,
301.3,T04,STATION_EVENT,STOP_TARGET_ASSIGNED,875.0559989143438,37.7926212272679,124.74388551873926,,,,,,
301.3,T04,STATION_EVENT,RECEIVE_ROUTE_ASSIGNED,875.0559989143438,37.7926212272679,124.74388551873926,,,,,,
301.40000000000003,T04,STATION_EVENT,STOP_TARGET_ASSIGNED,876.1057045563256,37.786184995413876,123.69400108565617,,,,,,
301.40000000000003,T04,STATION_EVENT,RECEIVE_ROUTE_ASSIGNED,876.1057045563256,37.786184995413876,123.69400108565617,,,,,,
301.50000000000006,T04,STATION_EVENT,STOP_TARGET_ASSIGNED,877.1552314209712,37.77974925906964,122.64429544367442,,,,,,
301.50000000000006,T04,STATION_EVENT,RECEIVE_ROUTE_ASSIGNED,877.1552314209712,37.77974925906964,122.64429544367442,,,,,,
301.6000000000001,T04,STATION_EVENT,STOP_TARGET_ASSIGNED,878.2045795220437,37.773314018152725,121.59476857902882,,,,,,
301.6000000000001,T04,STATION_EVENT,RECEIVE_ROUTE_ASSIGNED,878.2045795220437,37.773314018152725,121.59476857902882,,,,,,
301.7000000000001,T04,STATION_EVENT,STOP_TARGET_ASSIGNED,879.2537488733038,37.766879272580006,120.54542047795633,,,,,,
301.7000000000001,T04,STATION_EVENT,RECEIVE_ROUTE_ASSIGNED,879.2537488733038,37.766879272580006,120.54542047795633,,,,,,
301.8000000000001,T04,STATION_EVENT,STOP_TARGET_ASSIGNED,880.30273948851,37.76044502226797,119.49625112669617,,,,,,
301.8000000000001,T04,STATION_EVENT,RECEIVE_ROUTE_ASSIGNED,880.30273948851,37.76044502226797,119.49625112669617,,,,,,
301.90000000000015,T04,STATION_EVENT,STOP_TARGET_ASSIGNED,881.3515513814184,37.754011267132874,118.29726051148998,,,,,,
301.90000000000015,T04,STATION_EVENT,RECEIVE_ROUTE_ASSIGNED,881.3515513814184,37.754011267132874,118.29726051148998,,,,,,
302.00000000000017,T04,STATION_EVENT,STOP_TARGET_ASSIGNED,882.4001845657826,37.74757800709082,117.24844861858162,,,,,,
302.00000000000017,T04,STATION_EVENT,RECEIVE_ROUTE_ASSIGNED,882.4001845657826,37.74757800709082,117.24844861858162,,,,,,
302.1000000000002,T04,STATION_EVENT,STOP_TARGET_ASSIGNED,883.4486390553542,37.741145242057875,116.19981543421738,,,,,,
302.1000000000002,T04,STATION_EVENT,RECEIVE_ROUTE_ASSIGNED,883.4486390553542,37.741145242057875,116.19981543421738,,,,,,
302.2000000000002,T04,STATION_EVENT,STOP_TARGET_ASSIGNED,884.4969148638821,37.73471297195004,115.15136094464583,,,,,,
302.2000000000002,T04,STATION_EVENT,RECEIVE_ROUTE_ASSIGNED,884.4969148638821,37.73471297195004,115.15136094464583,,,,,,
302.30000000000024,T04,STATION_EVENT,STOP_TARGET_ASSIGNED,885.5450120051131,37.72828119668331,114.1030851361179,,,,,,
302.30000000000024,T04,STATION_EVENT,RECEIVE_ROUTE_ASSIGNED,885.5450120051131,37.72828119668331,114.1030851361179,,,,,,
302.40000000000026,T04,STATION_EVENT,STOP_TARGET_ASSIGNED,886.5929304927917,37.72184991617368,113.05498799488691,,,,,,
302.40000000000026,T04,STATION_EVENT,RECEIVE_ROUTE_ASSIGNED,886.5929304927917,37.72184991617368,113.05498799488691,,,,,,
302.5000000000003,T04,STATION_EVENT,STOP_TARGET_ASSIGNED,887.6410453406598,37.74241913033718,112.00706950720837,,,,,,
302.5000000000003,T04,STATION_EVENT,RECEIVE_ROUTE_ASSIGNED,887.6410453406598,37.74241913033718,112.00706950720837,,,,,,
302.6000000000003,T04,STATION_EVENT,STOP_TARGET_ASSIGNED,888.6899917619775,37.781723204529925,110.95895465934018,,,,,,
302.6000000000003,T04,STATION_EVENT,RECEIVE_ROUTE_ASSIGNED,888.6899917619775,37.781723204529925,110.95895465934018,,,,,,
302.70000000000033,T04,STATION_EVENT,STOP_TARGET_ASSIGNED,889.7396549211232,37.79402425396536,109.91000823802256,,,,,,
302.70000000000033,T04,STATION_EVENT,RECEIVE_ROUTE_ASSIGNED,889.7396549211232,37.79402425396536,109.91000823802256,,,,,,
302.80000000000035,T04,STATION_EVENT,STOP_TARGET_ASSIGNED,890.7894030433096,37.78784054344862,108.86034507887678,,,,,,
302.80000000000035,T04,STATION_EVENT,RECEIVE_ROUTE_ASSIGNED,890.7894030433096,37.78784054344862,108.86034507887678,,,,,,
302.9000000000004,T04,STATION_EVENT,STOP_TARGET_ASSIGNED,891.8386044023715,37.754657309015286,107.81059695669046,,,,,,
302.9000000000004,T04,STATION_EVENT,RECEIVE_ROUTE_ASSIGNED,891.8386044023715,37.754657309015286,107.81059695669046,,,,,,
303.0000000000004,T04,STATION_EVENT,STOP_TARGET_ASSIGNED,892.8865388950651,37.69662616492309,106.7613955976285,,,,,,
303.0000000000004,T04,STATION_EVENT,RECEIVE_ROUTE_ASSIGNED,892.8865388950651,37.69662616492309,106.7613955976285,,,,,,
303.1000000000004,T04,STATION_EVENT,STOP_TARGET_ASSIGNED,893.9332364735284,37.66559948443444,105.71346110493494,,,,,,
303.1000000000004,T04,STATION_EVENT,RECEIVE_ROUTE_ASSIGNED,893.9332364735284,37.66559948443444,105.71346110493494,,,,,,
303.20000000000044,T04,STATION_EVENT,STOP_TARGET_ASSIGNED,894.9786972328802,37.607575188901656,104.66676352647164,,,,,,
303.20000000000044,T04,STATION_EVENT,RECEIVE_ROUTE_ASSIGNED,894.9786972328802,37.607575188901656,104.66676352647164,,,,,,
303.30000000000047,T04,STATION_EVENT,STOP_TARGET_ASSIGNED,896.0222781545745,37.53025117308386,103.6213027671198,,,,,,
303.30000000000047,T04,STATION_EVENT,RECEIVE_ROUTE_ASSIGNED,896.0222781545745,37.53025117308386,103.6213027671198,,,,,,
303.4000000000005,T04,STATION_EVENT,STOP_TARGET_ASSIGNED,897.0634402203917,37.43341756576035,102.57772184542557,,,,,,
303.4000000000005,T04,STATION_EVENT,RECEIVE_ROUTE_ASSIGNED,897.0634402203917,37.43341756576035,102.57772184542557,,,,,,
303.5000000000005,T04,STATION_EVENT,STOP_TARGET_ASSIGNED,898.1016383578507,37.31684833128315,101.5365597796083,,,,,,
303.5000000000005,T04,STATION_EVENT,RECEIVE_ROUTE_ASSIGNED,898.1016383578507,37.31684833128315,101.5365597796083,,,,,,
303.60000000000053,T04,STATION_EVENT,STOP_TARGET_ASSIGNED,899.1363213258481,37.18032536453679,100.49836164214935,,,,,,
303.60000000000053,T04,STATION_EVENT,RECEIVE_ROUTE_ASSIGNED,899.1363213258481,37.18032536453679,100.49836164214935,,,,,,
303.70000000000056,T04,STATION_EVENT,STOP_TARGET_ASSIGNED,900.1672899137599,37.04941296510594,99.46367867415188,,,,,,
303.70000000000056,T04,STATION_EVENT,RECEIVE_ROUTE_ASSIGNED,900.1672899137599,37.04941296510594,99.46367867415188,,,,,,
303.8000000000006,T04,STATION_EVENT,STOP_TARGET_ASSIGNED,901.1942471847512,36.89151054627192,98.43271008624015,,,,,,
303.8000000000006,T04,STATION_EVENT,RECEIVE_ROUTE_ASSIGNED,901.1942471847512,36.89151054627192,98.43271008624015,,,,,,
303.9000000000006,T04,STATION_EVENT,STOP_TARGET_ASSIGNED,902.2164525549601,36.70727610876549,97.40575281524877,,,,,,
303.9000000000006,T04,STATION_EVENT,RECEIVE_ROUTE_ASSIGNED,902.2164525549601,36.70727610876549,97.40575281524877,,,,,,
304.0000000000006,T04,STATION_EVENT,STOP_TARGET_ASSIGNED,903.2339154960886,36.55005565248163,96.38354744503988,,,,,,
304.0000000000006,T04,STATION_EVENT,RECEIVE_ROUTE_ASSIGNED,903.2339154960886,36.55005565248163,96.38354744503988,,,,,,
304.10000000000065,T04,STATION_EVENT,STOP_TARGET_ASSIGNED,904.2466363676168,36.36584709755325,95.36608450391145,,,,,,
304.10000000000065,T04,STATION_EVENT,RECEIVE_ROUTE_ASSIGNED,904.2466363676168,36.36584709755325,95.36608450391145,,,,,,
304.20000000000067,T04,STATION_EVENT,STOP_TARGET_ASSIGNED,905.2539036525808,36.15739741985261,94.3533636323832,,,,,,
304.20000000000067,T04,STATION_EVENT,RECEIVE_ROUTE_ASSIGNED,905.2539036525808,36.15739741985261,94.3533636323832,,,,,,
304.3000000000007,T04,STATION_EVENT,STOP_TARGET_ASSIGNED,906.2557558866964,35.97596343647232,93.34609634741923,,,,,,
304.3000000000007,T04,STATION_EVENT,RECEIVE_ROUTE_ASSIGNED,906.2557558866964,35.97596343647232,93.34609634741923,,,,,,
304.4000000000007,T04,STATION_EVENT,STOP_TARGET_ASSIGNED,907.2521934771208,35.767543074083115,92.3442441133036,,,,,,
304.4000000000007,T04,STATION_EVENT,RECEIVE_ROUTE_ASSIGNED,907.2521934771208,35.767543074083115,92.3442441133036,,,,,,
304.50000000000074,T04,STATION_EVENT,STOP_TARGET_ASSIGNED,908.2428724363338,35.56134198925052,91.34780652287918,,,,,,
304.50000000000074,T04,STATION_EVENT,RECEIVE_ROUTE_ASSIGNED,908.2428724363338,35.56134198925052,91.34780652287918,,,,,,
304.60000000000076,T04,STATION_EVENT,STOP_TARGET_ASSIGNED,909.2281988013597,35.38215629261895,90.35712756366627,,,,,,
304.60000000000076,T04,STATION_EVENT,RECEIVE_ROUTE_ASSIGNED,909.2281988013597,35.38215629261895,90.35712756366627,,,,,,
304.7000000000008,T04,STATION_EVENT,STOP_TARGET_ASSIGNED,910.2081729711147,35.1759839297424,89.37180119864036,,,,,,
304.7000000000008,T04,STATION_EVENT,RECEIVE_ROUTE_ASSIGNED,910.2081729711147,35.1759839297424,89.37180119864036,,,,,,
304.8000000000008,T04,STATION_EVENT,STOP_TARGET_ASSIGNED,911.1820453432589,34.94282686464216,88.39182702888536,,,,,,
304.8000000000008,T04,STATION_EVENT,RECEIVE_ROUTE_ASSIGNED,911.1820453432589,34.94282686464216,88.39182702888536,,,,,,
304.90000000000083,T04,ATP_SERVICE_INTERVENTION,over_sbi_or_service_latch,912.149066369749,34.68268704264816,87.41795465674113,,,,,,
304.90000000000083,T04,STATION_EVENT,STOP_TARGET_ASSIGNED,912.149066369749,34.68268704264816,87.41795465674113,,,,,,
304.90000000000083,T04,STATION_EVENT,RECEIVE_ROUTE_ASSIGNED,912.149066369749,34.68268704264816,87.41795465674113,,,,,,
305.00000000000085,T04,STATION_EVENT,STOP_TARGET_ASSIGNED,913.1092365562854,34.44956638797504,86.45093363025103,,,,,,
305.00000000000085,T04,STATION_EVENT,RECEIVE_ROUTE_ASSIGNED,913.1092365562854,34.44956638797504,86.45093363025103,,,,,,
305.1000000000009,T04,STATION_EVENT,STOP_TARGET_ASSIGNED,914.0633064067565,34.243462845944926,85.49076344371463,,,,,,
305.1000000000009,T04,STATION_EVENT,RECEIVE_ROUTE_ASSIGNED,914.0633064067565,34.243462845944926,85.49076344371463,,,,,,
305.2000000000009,T04,STATION_EVENT,STOP_TARGET_ASSIGNED,915.01127636827,34.01037438302581,84.53669359324351,,,,,,
305.2000000000009,T04,STATION_EVENT,RECEIVE_ROUTE_ASSIGNED,915.01127636827,34.01037438302581,84.53669359324351,,,,,,
305.3000000000009,T04,ATP_SERVICE_INTERVENTION,over_sbi_or_service_latch,915.9523968863209,33.75030291663735,83.58872363172998,,,,,,
305.3000000000009,T04,STATION_EVENT,STOP_TARGET_ASSIGNED,915.9523968863209,33.75030291663735,83.58872363172998,,,,,,
305.3000000000009,T04,STATION_EVENT,RECEIVE_ROUTE_ASSIGNED,915.9523968863209,33.75030291663735,83.58872363172998,,,,,,
305.40000000000094,T04,STATION_EVENT,STOP_TARGET_ASSIGNED,916.8859184593728,33.46325034309393,82.64760311367911,,,,,,
305.40000000000094,T04,STATION_EVENT,RECEIVE_ROUTE_ASSIGNED,916.8859184593728,33.46325034309393,82.64760311367911,,,,,,
305.50000000000097,T04,STATION_EVENT,STOP_TARGET_ASSIGNED,917.8118416382378,33.20321853518139,81.71408154062726,,,,,,
305.50000000000097,T04,STATION_EVENT,RECEIVE_ROUTE_ASSIGNED,917.8118416382378,33.20321853518139,81.71408154062726,,,,,,
305.600000000001,T04,STATION_EVENT,STOP_TARGET_ASSIGNED,918.7309169714925,32.97020545916126,80.78815836176227,,,,,,
305.600000000001,T04,STATION_EVENT,RECEIVE_ROUTE_ASSIGNED,918.7309169714925,32.97020545916126,80.78815836176227,,,,,,
305.700000000001,T04,STATION_EVENT,STOP_TARGET_ASSIGNED,919.6431630171733,32.71150982984931,79.86908302850748,,,,,,
305.700000000001,T04,STATION_EVENT,RECEIVE_ROUTE_ASSIGNED,919.6431630171733,32.71150982984931,79.86908302850748,,,,,,
305.80000000000103,T04,ATP_SERVICE_INTERVENTION,over_sbi_or_service_latch,920.5478483300135,32.42583269464699,78.95683698282676,,,,,,
305.80000000000103,T04,STATION_EVENT,STATION_LINE_OCCUPIED,920.5478483300135,32.42583269464699,78.95683698282676,,,,,,
306.2000000000011,T04,ATP_SERVICE_INTERVENTION,over_sbi_or_service_latch,924.0947427940654,31.39131140970819,74.87026503944969,,,,,,
306.6000000000012,T04,ATP_SERVICE_INTERVENTION,over_sbi_or_service_latch,927.5267065885303,30.357079917342567,71.23653691991831,,,,,,
307.0000000000013,T04,ATP_SERVICE_INTERVENTION,over_sbi_or_service_latch,930.8437716439656,29.32313338326201,67.87472457644662,,,,,,
316.6000000000035,T04,STATION_STATE,final_approach,975.1105132015168,9.83891027434296,23.171012982420507,,,,,,
316.6000000000035,T04,EOA_UPDATE,STATION_STOP_TARGET,975.1105132015168,9.83891027434296,23.171012982420507,,,,,,
337.90000000000833,T04,STATION_STATE,aligned_stop,1000.0,0.0,-1.0001070582104603,,,,,,
337.90000000000833,T04,STATION_STATE,dwell_started,1000.0,0.0,-1.0001070582104603,,,,,,
357.9000000000129,T04,STATION_STATE,dwell_complete,1000.0,0.0,-1.4500000000000455,,,,,,
357.9000000000129,T04,STATION_EVENT,DEPARTURE_ROUTE_ASSIGNED,1000.0,0.0,-1.4500000000000455,,,,,,
357.9000000000129,T04,STATION_EVENT,DWELL_COMPLETED,1000.0,0.0,-1.4500000000000455,,,,,,
357.9000000000129,T04,EOA_UPDATE,DEPARTURE_RELEASE,1000.0,0.0,-1.4500000000000455,,,,,,
358.0000000000129,T04,STATION_STATE,departing_from_station,1000.002568,0.18489600000000003,162.47426734710962,,,,,,
358.0000000000129,T04,EOA_UPDATE,LEADER_PROTECTION,1000.002568,0.18489600000000003,162.47426734710962,,,,,,
402.500000000023,T04,STATION_EVENT,TAIL_NOT_CLEAR,1140.2081388511754,5.351813401568032,22.41514058188727,,,,,,
402.60000000002304,T04,STATION_EVENT,TAIL_NOT_CLEAR,1140.3562875129783,5.314890248233798,22.266128495934254,,,,,,
402.70000000002307,T04,STATION_EVENT,TAIL_NOT_CLEAR,1140.5033630371968,5.274547495495905,22.117979834131347,,,,,,
402.8000000000231,T04,STATION_EVENT,TAIL_NOT_CLEAR,1140.6492702594576,5.230772507279753,21.97090430991284,,,,,,
402.9000000000231,T04,STATION_EVENT,TAIL_NOT_CLEAR,1140.793913657196,5.183552129895664,21.824997087652036,,,,,,
403.00000000002314,T04,STATION_EVENT,TAIL_NOT_CLEAR,1140.9371973757507,5.1328756060339344,21.680353689913545,,,,,,
403.10000000002316,T04,STATION_EVENT,TAIL_NOT_CLEAR,1141.0790252957522,5.078734634086372,21.53706997135896,,,,,,
403.2000000000232,T04,STATION_EVENT,TAIL_NOT_CLEAR,1141.2197243304508,5.051595864220885,21.3952420513574,,,,,,
403.3000000000232,T04,STATION_EVENT,TAIL_NOT_CLEAR,1141.3599670734463,5.04588163145428,21.254543016658772,,,,,,
403.4000000000232,T04,STATION_EVENT,TAIL_NOT_CLEAR,1141.5000577756985,5.040648930700935,21.114300273663275,,,,,,
403.50000000002325,T04,STATION_EVENT,TAIL_NOT_CLEAR,1141.6400071389357,5.035705222390181,20.974209571411166,,,,,,
403.6000000000233,T04,STATION_EVENT,TAIL_NOT_CLEAR,1141.7798215862297,5.030934982769544,20.834260208173873,,,,,,
403.7000000000233,T04,STATION_EVENT,TAIL_NOT_CLEAR,1141.919128529557,4.999164936785231,20.694445760879944,,,,,,
403.7000000000233,T04,EOA_UPDATE,SAFETY_RESTRICTION,1141.919128529557,4.999164936785231,20.694445760879944,,,,,,
403.8000000000233,T04,ATP_SERVICE_INTERVENTION,over_sbi_or_service_latch,1142.0571779895092,4.940396179784047,5.0,,,,,,
403.8000000000233,T04,STATION_EVENT,TAIL_NOT_CLEAR,1142.0571779895092,4.940396179784047,5.0,,,,,,
403.8000000000233,T04,EOA_UPDATE,SAFETY_RESTRICTION,1142.0571779895092,4.940396179784047,5.0,,,,,,
