sim_time,train_id,event,reason,pos_m,speed_kmh,distance_to_eoa_m,collision_partner_id,collision_overlap_m,collision_gap_m,atp_state,ato_state,ato_profile_phase
270.69999999999305,T01,STATION_EVENT,STOP_TARGET_ASSIGNED,1808.1473310303065,25.41998215305705,190.13858445311485,,,,,,
270.69999999999305,T01,STATION_EVENT,RECEIVE_ROUTE_ASSIGNED,1808.1473310303065,25.41998215305705,190.13858445311485,,,,,,
270.7999999999931,T01,STATION_EVENT,STOP_TARGET_ASSIGNED,1808.8547111796288,25.511388598153673,189.39810762701495,,,,,,
270.7999999999931,T01,STATION_EVENT,RECEIVE_ROUTE_ASSIGNED,1808.8547111796288,25.511388598153673,189.39810762701495,,,,,,
270.8999999999931,T01,STATION_EVENT,STOP_TARGET_ASSIGNED,1809.565005316515,25.629789257660526,188.65535847022647,,,,,,
270.8999999999931,T01,STATION_EVENT,RECEIVE_ROUTE_ASSIGNED,1809.565005316515,25.629789257660526,188.65535847022647,,,,,,
270.9999999999931,T01,STATION_EVENT,STOP_TARGET_ASSIGNED,1810.2789632563322,25.775182409172526,187.90954962649607,,,,,,
270.9999999999931,T01,STATION_EVENT,RECEIVE_ROUTE_ASSIGNED,1810.2789632563322,25.775182409172526,187.90954962649607,,,,,,
271.09999999999314,T01,STATION_EVENT,STOP_TARGET_ASSIGNED,1810.9973347664559,25.947566319740428,187.15989378968789,,,,,,
271.09999999999314,T01,STATION_EVENT,RECEIVE_ROUTE_ASSIGNED,1810.9973347664559,25.947566319740428,187.15989378968789,,,,,,
271.19999999999317,T01,STATION_EVENT,STOP_TARGET_ASSIGNED,1811.7208695659444,26.14693924344385,186.40560370405797,,,,,,
271.19999999999317,T01,STATION_EVENT,RECEIVE_ROUTE_ASSIGNED,1811.7208695659444,26.14693924344385,186.40560370405797,,,,,,
271.2999999999932,T01,STATION_EVENT,STOP_TARGET_ASSIGNED,1812.4503173251446,26.373299418965008,185.64589216459512,,,,,,
271.2999999999932,T01,STATION_EVENT,RECEIVE_ROUTE_ASSIGNED,1812.4503173251446,26.373299418965008,185.64589216459512,,,,,,
271.3999999999932,T01,STATION_EVENT,STOP_TARGET_ASSIGNED,1813.1864276652298,26.62664506716311,184.87997201743497,,,,,,
271.3999999999932,T01,STATION_EVENT,RECEIVE_ROUTE_ASSIGNED,1813.1864276652298,26.62664506716311,184.87997201743497,,,,,,
271.49999999999324,T01,STATION_EVENT,STOP_TARGET_ASSIGNED,1813.9299501576716,26.90697438864948,184.10705616034556,,,,,,
271.49999999999324,T01,STATION_EVENT,RECEIVE_ROUTE_ASSIGNED,1813.9299501576716,26.90697438864948,184.10705616034556,,,,,,
271.59999999999326,T01,STATION_EVENT,STOP_TARGET_ASSIGNED,1814.681634323644,27.214285561363365,183.32635754328157,,,,,,
271.59999999999326,T01,STATION_EVENT,RECEIVE_ROUTE_ASSIGNED,1814.681634323644,27.214285561363365,183.32635754328157,,,,,,
271.6999999999933,T01,STATION_EVENT,STOP_TARGET_ASSIGNED,1815.4422296333594,27.5485767381485,182.53708916901064,,,,,,
271.6999999999933,T01,STATION_EVENT,RECEIVE_ROUTE_ASSIGNED,1815.4422296333594,27.5485767381485,182.53708916901064,,,,,,
271.7999999999933,T01,STATION_EVENT,STOP_TARGET_ASSIGNED,1816.2124421203594,27.906722325853607,181.7384640938094,,,,,,
271.7999999999933,T01,STATION_EVENT,RECEIVE_ROUTE_ASSIGNED,1816.2124421203594,27.906722325853607,181.7384640938094,,,,,,
271.8999999999933,T01,STATION_EVENT,STOP_TARGET_ASSIGNED,1816.9925977004611,28.26447944148337,180.93755787964074,,,,,,
271.8999999999933,T01,STATION_EVENT,RECEIVE_ROUTE_ASSIGNED,1816.9925977004611,28.26447944148337,180.93755787964074,,,,,,
271.99999999999335,T01,STATION_EVENT,STOP_TARGET_ASSIGNED,1817.7826855866501,28.6218483641158,180.15740229953894,,,,,,
271.99999999999335,T01,STATION_EVENT,RECEIVE_ROUTE_ASSIGNED,1817.7826855866501,28.6218483641158,180.15740229953894,,,,,,
272.0999999999934,T01,STATION_EVENT,STOP_TARGET_ASSIGNED,1818.5826949996656,28.978829372989168,179.36731441334996,,,,,,
272.0999999999934,T01,STATION_EVENT,RECEIVE_ROUTE_ASSIGNED,1818.5826949996656,28.978829372989168,179.36731441334996,,,,,,
272.1999999999934,T01,STATION_EVENT,STOP_TARGET_ASSIGNED,1819.3926151680057,29.33542274750093,178.5673050003345,,,,,,
272.1999999999934,T01,STATION_EVENT,RECEIVE_ROUTE_ASSIGNED,1819.3926151680057,29.33542274750093,178.5673050003345,,,,,,
272.2999999999934,T01,STATION_EVENT,STOP_TARGET_ASSIGNED,1820.212435327932,29.69162876720656,177.7573848319944,,,,,,
272.2999999999934,T01,STATION_EVENT,RECEIVE_ROUTE_ASSIGNED,1820.212435327932,29.69162876720656,177.7573848319944,,,,,,
272.39999999999344,T01,STATION_EVENT,STOP_TARGET_ASSIGNED,1821.0421447234742,30.047447711818453,176.937564672068,,,,,,
272.39999999999344,T01,STATION_EVENT,RECEIVE_ROUTE_ASSIGNED,1821.0421447234742,30.047447711818453,176.937564672068,,,,,,
272.49999999999346,T01,STATION_EVENT,STOP_TARGET_ASSIGNED,1821.881732606433,30.402879861204823,176.10785527652592,,,,,,
272.49999999999346,T01,STATION_EVENT,RECEIVE_ROUTE_ASSIGNED,1821.881732606433,30.402879861204823,176.10785527652592,,,,,,
272.5999999999935,T01,STATION_EVENT,STOP_TARGET_ASSIGNED,1822.7311882363856,30.75792549538858,175.26826739356716,,,,,,
272.5999999999935,T01,STATION_EVENT,RECEIVE_ROUTE_ASSIGNED,1822.7311882363856,30.75792549538858,175.26826739356716,,,,,,
272.6999999999935,T01,STATION_EVENT,STOP_TARGET_ASSIGNED,1823.5905008806903,31.11258489454621,174.41881176361449,,,,,,
272.6999999999935,T01,STATION_EVENT,RECEIVE_ROUTE_ASSIGNED,1823.5905008806903,31.11258489454621,174.41881176361449,,,,,,
272.79999999999353,T01,STATION_EVENT,STOP_TARGET_ASSIGNED,1824.4596598144897,31.466858339006688,173.55949911930975,,,,,,
272.79999999999353,T01,STATION_EVENT,RECEIVE_ROUTE_ASSIGNED,1824.4596598144897,31.466858339006688,173.55949911930975,,,,,,
272.89999999999355,T01,STATION_EVENT,STOP_TARGET_ASSIGNED,1825.3386543207155,31.82074610925037,172.69034018551042,,,,,,
272.89999999999355,T01,STATION_EVENT,RECEIVE_ROUTE_ASSIGNED,1825.3386543207155,31.82074610925037,172.69034018551042,,,,,,
272.9999999999936,T01,STATION_EVENT,STOP_TARGET_ASSIGNED,1826.2274736900927,32.174248485907874,171.8113456792846,,,,,,
272.9999999999936,T01,STATION_EVENT,RECEIVE_ROUTE_ASSIGNED,1826.2274736900927,32.174248485907874,171.8113456792846,,,,,,
273.0999999999936,T01,STATION_EVENT,STOP_TARGET_ASSIGNED,1827.1261072211437,32.52736574975899,170.92252630990743,,,,,,
273.0999999999936,T01,STATION_EVENT,RECEIVE_ROUTE_ASSIGNED,1827.1261072211437,32.52736574975899,170.92252630990743,,,,,,
273.1999999999936,T01,STATION_EVENT,STOP_TARGET_ASSIGNED,1828.0345442201922,32.88009818173159,170.0238927788564,,,,,,
273.1999999999936,T01,STATION_EVENT,RECEIVE_ROUTE_ASSIGNED,1828.0345442201922,32.88009818173159,170.0238927788564,,,,,,
273.29999999999364,T01,STATION_EVENT,STOP_TARGET_ASSIGNED,1828.9527740013675,33.232446062900515,169.11545577980792,,,,,,
273.29999999999364,T01,STATION_EVENT,RECEIVE_ROUTE_ASSIGNED,1828.9527740013675,33.232446062900515,169.11545577980792,,,,,,
273.39999999999367,T01,STATION_EVENT,STOP_TARGET_ASSIGNED,1829.880785886609,33.58440967448649,168.19722599863258,,,,,,
273.39999999999367,T01,STATION_EVENT,RECEIVE_ROUTE_ASSIGNED,1829.880785886609,33.58440967448649,168.19722599863258,,,,,,
273.4999999999937,T01,STATION_EVENT,STOP_TARGET_ASSIGNED,1830.8185692056693,33.93598929785502,167.26921411339117,,,,,,
273.4999999999937,T01,STATION_EVENT,RECEIVE_ROUTE_ASSIGNED,1830.8185692056693,33.93598929785502,167.26921411339117,,,,,,
273.5999999999937,T01,STATION_EVENT,STOP_TARGET_ASSIGNED,1831.7661132961189,34.287185214515326,166.3314307943308,,,,,,
273.5999999999937,T01,STATION_EVENT,RECEIVE_ROUTE_ASSIGNED,1831.7661132961189,34.287185214515326,166.3314307943308,,,,,,
273.69999999999374,T01,STATION_EVENT,STOP_TARGET_ASSIGNED,1832.72340750335,34.63799770611922,165.38388670388122,,,,,,
273.69999999999374,T01,STATION_EVENT,RECEIVE_ROUTE_ASSIGNED,1832.72340750335,34.63799770611922,165.38388670388122,,,,,,
273.79999999999376,T01,STATION_EVENT,STOP_TARGET_ASSIGNED,1833.6901255101077,34.96569878043157,164.42659249665007,,,,,,
273.79999999999376,T01,STATION_EVENT,RECEIVE_ROUTE_ASSIGNED,1833.6901255101077,34.96569878043157,164.42659249665007,,,,,,
273.8999999999938,T01,STATION_EVENT,STOP_TARGET_ASSIGNED,1834.665570989189,35.266375713425155,163.4598744898924,,,,,,
273.8999999999938,T01,STATION_EVENT,RECEIVE_ROUTE_ASSIGNED,1834.665570989189,35.266375713425155,163.4598744898924,,,,,,
273.9999999999938,T01,STATION_EVENT,STOP_TARGET_ASSIGNED,1835.6497432961946,35.59403039096787,162.48442901081103,,,,,,
273.9999999999938,T01,STATION_EVENT,RECEIVE_ROUTE_ASSIGNED,1835.6497432961946,35.59403039096787,162.48442901081103,,,,,,
274.0999999999938,T01,STATION_EVENT,STOP_TARGET_ASSIGNED,1836.6426417835949,35.89466070185049,161.50025670380546,,,,,,
274.0999999999938,T01,STATION_EVENT,RECEIVE_ROUTE_ASSIGNED,1836.6426417835949,35.89466070185049,161.50025670380546,,,,,,
274.19999999999385,T01,STATION_EVENT,STOP_TARGET_ASSIGNED,1837.6435158009936,36.168268550856986,160.50735821640524,,,,,,
274.19999999999385,T01,STATION_EVENT,RECEIVE_ROUTE_ASSIGNED,1837.6435158009936,36.168268550856986,160.50735821640524,,,,,,
274.2999999999939,T01,STATION_EVENT,STOP_TARGET_ASSIGNED,1838.6518069995639,36.42869774620267,159.50648419900654,,,,,,
274.2999999999939,T01,STATION_EVENT,RECEIVE_ROUTE_ASSIGNED,1838.6518069995639,36.42869774620267,159.50648419900654,,,,,,
274.3999999999939,T01,STATION_EVENT,STOP_TARGET_ASSIGNED,1839.6669570699694,36.66210732298789,158.49819300043623,,,,,,
274.3999999999939,T01,STATION_EVENT,RECEIVE_ROUTE_ASSIGNED,1839.6669570699694,36.66210732298789,158.49819300043623,,,,,,
274.4999999999939,T01,STATION_EVENT,STOP_TARGET_ASSIGNED,1840.6882547943114,36.871328829640376,157.4830429300307,,,,,,
274.4999999999939,T01,STATION_EVENT,RECEIVE_ROUTE_ASSIGNED,1840.6882547943114,36.871328829640376,157.4830429300307,,,,,,
274.59999999999394,T01,STATION_EVENT,STOP_TARGET_ASSIGNED,1841.714989006757,37.05353446644218,156.46174520568866,,,,,,
274.59999999999394,T01,STATION_EVENT,RECEIVE_ROUTE_ASSIGNED,1841.714989006757,37.05353446644218,156.46174520568866,,,,,,
274.69999999999396,T01,STATION_EVENT,STOP_TARGET_ASSIGNED,1842.746742356258,37.232706697631,155.43501099324317,,,,,,
274.69999999999396,T01,STATION_EVENT,RECEIVE_ROUTE_ASSIGNED,1842.746742356258,37.232706697631,155.43501099324317,,,,,,
274.799999999994,T01,STATION_EVENT,STOP_TARGET_ASSIGNED,1843.7830975223824,37.38486526332975,154.4032576437421,,,,,,
274.799999999994,T01,STATION_EVENT,RECEIVE_ROUTE_ASSIGNED,1843.7830975223824,37.38486526332975,154.4032576437421,,,,,,
274.899999999994,T01,STATION_EVENT,STOP_TARGET_ASSIGNED,1844.8233346121679,37.51220520122012,153.3669024776177,,,,,,
274.899999999994,T01,STATION_EVENT,RECEIVE_ROUTE_ASSIGNED,1844.8233346121679,37.51220520122012,153.3669024776177,,,,,,
274.99999999999403,T01,STATION_EVENT,STOP_TARGET_ASSIGNED,1845.8667337869579,37.612535383663605,152.32666538783224,,,,,,
274.99999999999403,T01,STATION_EVENT,RECEIVE_ROUTE_ASSIGNED,1845.8667337869579,37.612535383663605,152.32666538783224,,,,,,
275.09999999999405,T01,STATION_EVENT,STOP_TARGET_ASSIGNED,1846.9128656875635,37.70896145994016,151.28326621304222,,,,,,
275.09999999999405,T01,STATION_EVENT,RECEIVE_ROUTE_ASSIGNED,1846.9128656875635,37.70896145994016,151.28326621304222,,,,,,
275.1999999999941,T01,STATION_EVENT,STOP_TARGET_ASSIGNED,1847.9616828263718,37.80587253425368,150.23713431243664,,,,,,
275.1999999999941,T01,STATION_EVENT,RECEIVE_ROUTE_ASSIGNED,1847.9616828263718,37.80587253425368,150.23713431243664,,,,,,
275.2999999999941,T01,STATION_EVENT,STOP_TARGET_ASSIGNED,1849.0128168358892,37.87577615099977,149.18831717362832,,,,,,
275.2999999999941,T01,STATION_EVENT,RECEIVE_ROUTE_ASSIGNED,1849.0128168358892,37.87577615099977,149.18831717362832,,,,,,
275.3999999999941,T01,STATION_EVENT,STOP_TARGET_ASSIGNED,1850.0657352081762,37.93434665366758,148.13718316411087,,,,,,
275.3999999999941,T01,STATION_EVENT,RECEIVE_ROUTE_ASSIGNED,1850.0657352081762,37.93434665366758,148.13718316411087,,,,,,
275.49999999999415,T01,STATION_EVENT,STOP_TARGET_ASSIGNED,1851.12008789,37.97904643764639,147.0842647918239,,,,,,
275.49999999999415,T01,STATION_EVENT,RECEIVE_ROUTE_ASSIGNED,1851.12008789,37.97904643764639,147.0842647918239,,,,,,
275.59999999999417,T01,STATION_EVENT,STOP_TARGET_ASSIGNED,1852.1757812651067,38.0308765700362,146.02991211000017,,,,,,
275.59999999999417,T01,STATION_EVENT,RECEIVE_ROUTE_ASSIGNED,1852.1757812651067,38.0308765700362,146.02991211000017,,,,,,
275.6999999999942,T01,STATION_EVENT,STOP_TARGET_ASSIGNED,1853.2329161688265,38.0828364977792,144.97421873489338,,,,,,
275.6999999999942,T01,STATION_EVENT,RECEIVE_ROUTE_ASSIGNED,1853.2329161688265,38.0828364977792,144.97421873489338,,,,,,
275.7999999999942,T01,STATION_EVENT,STOP_TARGET_ASSIGNED,1854.2911193480982,38.107792409778604,143.9170838311736,,,,,,
275.7999999999942,T01,STATION_EVENT,RECEIVE_ROUTE_ASSIGNED,1854.2911193480982,38.107792409778604,143.9170838311736,,,,,,
275.89999999999424,T01,STATION_EVENT,STOP_TARGET_ASSIGNED,1855.3498529953035,38.121030189004784,142.85888065190193,,,,,,
275.89999999999424,T01,STATION_EVENT,RECEIVE_ROUTE_ASSIGNED,1855.3498529953035,38.121030189004784,142.85888065190193,,,,,,
275.99999999999426,T01,STATION_EVENT,STOP_TARGET_ASSIGNED,1856.4089520609662,38.134102538703,141.80014700469656,,,,,,
275.99999999999426,T01,STATION_EVENT,RECEIVE_ROUTE_ASSIGNED,1856.4089520609662,38.134102538703,141.80014700469656,,,,,,
276.0999999999943,T01,STATION_EVENT,STOP_TARGET_ASSIGNED,1857.4684119499964,38.14700947147803,140.74104793903393,,,,,,
276.0999999999943,T01,STATION_EVENT,RECEIVE_ROUTE_ASSIGNED,1857.4684119499964,38.14700947147803,140.74104793903393,,,,,,
276.1999999999943,T01,STATION_EVENT,STOP_TARGET_ASSIGNED,1858.528228067655,38.159750999940904,139.6815880500037,,,,,,
276.1999999999943,T01,STATION_EVENT,RECEIVE_ROUTE_ASSIGNED,1858.528228067655,38.159750999940904,139.6815880500037,,,,,,
276.2999999999943,T01,STATION_EVENT,STOP_TARGET_ASSIGNED,1859.588395819553,38.172327136708795,138.62177193234515,,,,,,
276.2999999999943,T01,STATION_EVENT,RECEIVE_ROUTE_ASSIGNED,1859.588395819553,38.172327136708795,138.62177193234515,,,,,,
276.39999999999435,T01,STATION_EVENT,STOP_TARGET_ASSIGNED,1860.6489106116517,38.184737894404904,137.56160418044715,,,,,,
276.39999999999435,T01,STATION_EVENT,RECEIVE_ROUTE_ASSIGNED,1860.6489106116517,38.184737894404904,137.56160418044715,,,,,,
276.4999999999944,T01,STATION_EVENT,STOP_TARGET_ASSIGNED,1861.7097678502637,38.196983285658405,136.50108938834842,,,,,,
276.4999999999944,T01,STATION_EVENT,RECEIVE_ROUTE_ASSIGNED,1861.7097678502637,38.196983285658405,136.50108938834842,,,,,,
276.5999999999944,T01,STATION_EVENT,STOP_TARGET_ASSIGNED,1862.7709629420522,38.209063323104324,135.4402321497364,,,,,,
276.5999999999944,T01,STATION_EVENT,RECEIVE_ROUTE_ASSIGNED,1862.7709629420522,38.209063323104324,135.4402321497364,,,,,,
276.6999999999944,T01,STATION_EVENT,STOP_TARGET_ASSIGNED,1863.8324912940311,38.22097801938347,134.37903705794793,,,,,,
276.6999999999944,T01,STATION_EVENT,RECEIVE_ROUTE_ASSIGNED,1863.8324912940311,38.22097801938347,134.37903705794793,,,,,,
276.79999999999444,T01,STATION_EVENT,STOP_TARGET_ASSIGNED,1864.8943483135663,38.23272738714233,133.31750870596898,,,,,,
276.79999999999444,T01,STATION_EVENT,RECEIVE_ROUTE_ASSIGNED,1864.8943483135663,38.23272738714233,133.31750870596898,,,,,,
276.89999999999446,T01,STATION_EVENT,STOP_TARGET_ASSIGNED,1865.9565294083743,38.24431143903296,132.2556516864338,,,,,,
276.89999999999446,T01,STATION_EVENT,RECEIVE_ROUTE_ASSIGNED,1865.9565294083743,38.24431143903296,132.2556516864338,,,,,,
276.9999999999945,T01,STATION_EVENT,STOP_TARGET_ASSIGNED,1867.0190299865235,38.255730187712935,131.19347059162578,,,,,,
276.9999999999945,T01,STATION_EVENT,RECEIVE_ROUTE_ASSIGNED,1867.0190299865235,38.255730187712935,131.19347059162578,,,,,,
277.0999999999945,T01,STATION_EVENT,STOP_TARGET_ASSIGNED,1868.081845456434,38.266983645845215,130.1309700134766,,,,,,
277.0999999999945,T01,STATION_EVENT,RECEIVE_ROUTE_ASSIGNED,1868.081845456434,38.266983645845215,130.1309700134766,,,,,,
277.19999999999453,T01,STATION_EVENT,STOP_TARGET_ASSIGNED,1869.1449712268775,38.27807182609808,129.06815454356615,,,,,,
277.19999999999453,T01,STATION_EVENT,RECEIVE_ROUTE_ASSIGNED,1869.1449712268775,38.27807182609808,129.06815454356615,,,,,,
277.29999999999455,T01,STATION_EVENT,STOP_TARGET_ASSIGNED,1870.2084027069782,38.288994741145025,128.0050287731226,,,,,,
277.29999999999455,T01,STATION_EVENT,RECEIVE_ROUTE_ASSIGNED,1870.2084027069782,38.288994741145025,128.0050287731226,,,,,,
277.3999999999946,T01,STATION_EVENT,STOP_TARGET_ASSIGNED,1871.2721353062116,38.29975240366467,126.94159729302191,,,,,,
277.3999999999946,T01,STATION_EVENT,RECEIVE_ROUTE_ASSIGNED,1871.2721353062116,38.29975240366467,126.94159729302191,,,,,,
277.4999999999946,T01,STATION_EVENT,STOP_TARGET_ASSIGNED,1872.335791717817,38.28350923193507,125.87786469378852,,,,,,
277.4999999999946,T01,STATION_EVENT,RECEIVE_ROUTE_ASSIGNED,1872.335791717817,38.28350923193507,125.87786469378852,,,,,,
277.5999999999946,T01,STATION_EVENT,STOP_TARGET_ASSIGNED,1873.398830526614,38.25528500143874,124.81420828218302,,,,,,
277.5999999999946,T01,STATION_EVENT,RECEIVE_ROUTE_ASSIGNED,1873.398830526614,38.25528500143874,124.81420828218302,,,,,,
277.69999999999465,T01,STATION_EVENT,STOP_TARGET_ASSIGNED,1874.4610790030408,38.22660530129454,123.7511694733862,,,,,,
277.69999999999465,T01,STATION_EVENT,RECEIVE_ROUTE_ASSIGNED,1874.4610790030408,38.22660530129454,123.7511694733862,,,,,,
277.79999999999467,T01,STATION_EVENT,STOP_TARGET_ASSIGNED,1875.5225244956407,38.19747016590451,122.68892099695927,,,,,,
277.79999999999467,T01,STATION_EVENT,RECEIVE_ROUTE_ASSIGNED,1875.5225244956407,38.19747016590451,122.68892099695927,,,,,,
277.8999999999947,T01,STATION_EVENT,STOP_TARGET_ASSIGNED,1876.583535710268,38.19533728725856,121.62747550435938,,,,,,
277.8999999999947,T01,STATION_EVENT,RECEIVE_ROUTE_ASSIGNED,1876.583535710268,38.19533728725856,121.62747550435938,,,,,,
277.9999999999947,T01,STATION_EVENT,STOP_TARGET_ASSIGNED,1877.6446241760568,38.20303224953666,120.56646428973204,,,,,,
277.9999999999947,T01,STATION_EVENT,RECEIVE_ROUTE_ASSIGNED,1877.6446241760568,38.20303224953666,120.56646428973204,,,,,,
278.09999999999474,T01,STATION_EVENT,STOP_TARGET_ASSIGNED,1878.705551382521,38.18372661588966,119.50537582394327,,,,,,
278.09999999999474,T01,STATION_EVENT,RECEIVE_ROUTE_ASSIGNED,1878.705551382521,38.18372661588966,119.50537582394327,,,,,,
278.19999999999476,T01,STATION_EVENT,STOP_TARGET_ASSIGNED,1879.765637189079,38.14245145628609,118.44444861747911,,,,,,
278.19999999999476,T01,STATION_EVENT,RECEIVE_ROUTE_ASSIGNED,1879.765637189079,38.14245145628609,118.44444861747911,,,,,,
278.2999999999948,T01,STATION_EVENT,STOP_TARGET_ASSIGNED,1880.8243404195696,38.08418113903755,117.38436281092117,,,,,,
278.2999999999948,T01,STATION_EVENT,RECEIVE_ROUTE_ASSIGNED,1880.8243404195696,38.08418113903755,117.38436281092117,,,,,,
278.3999999999948,T01,STATION_EVENT,STOP_TARGET_ASSIGNED,1881.8816401288798,38.0413979312988,117.07565958043051,,,,,,
278.3999999999948,T01,STATION_EVENT,RECEIVE_ROUTE_ASSIGNED,1881.8816401288798,38.0413979312988,117.07565958043051,,,,,,
278.4999999999948,T01,STATION_EVENT,STOP_TARGET_ASSIGNED,1882.9373764616805,37.971618030359245,116.01835987112031,,,,,,
278.4999999999948,T01,STATION_EVENT,RECEIVE_ROUTE_ASSIGNED,1882.9373764616805,37.971618030359245,116.01835987112031,,,,,,
278.59999999999485,T01,STATION_EVENT,STOP_TARGET_ASSIGNED,1883.990845403503,37.87814578087098,114.96262353831958,,,,,,
278.59999999999485,T01,STATION_EVENT,RECEIVE_ROUTE_ASSIGNED,1883.990845403503,37.87814578087098,114.96262353831958,,,,,,
278.6999999999949,T01,STATION_EVENT,STOP_TARGET_ASSIGNED,1885.0414741229763,37.76712202119719,113.90915459649705,,,,,,
278.6999999999949,T01,STATION_EVENT,RECEIVE_ROUTE_ASSIGNED,1885.0414741229763,37.76712202119719,113.90915459649705,,,,,,
278.7999999999949,T01,STATION_EVENT,STOP_TARGET_ASSIGNED,1886.0887726296266,37.63837045762523,112.8585258770238,,,,,,
278.7999999999949,T01,STATION_EVENT,RECEIVE_ROUTE_ASSIGNED,1886.0887726296266,37.63837045762523,112.8585258770238,,,,,,
278.8999999999949,T01,STATION_EVENT,STOP_TARGET_ASSIGNED,1887.132246109478,37.49172009167442,111.81122737037344,,,,,,
278.8999999999949,T01,STATION_EVENT,RECEIVE_ROUTE_ASSIGNED,1887.132246109478,37.49172009167442,111.81122737037344,,,,,,
278.99999999999494,T01,STATION_EVENT,STOP_TARGET_ASSIGNED,1888.1713950952674,37.32700688516213,110.76775389052204,,,,,,
278.99999999999494,T01,STATION_EVENT,RECEIVE_ROUTE_ASSIGNED,1888.1713950952674,37.32700688516213,110.76775389052204,,,,,,
279.09999999999496,T01,STATION_EVENT,STOP_TARGET_ASSIGNED,1889.2063438893679,37.189306290074526,109.72860490473272,,,,,,
279.09999999999496,T01,STATION_EVENT,RECEIVE_ROUTE_ASSIGNED,1889.2063438893679,37.189306290074526,109.72860490473272,,,,,,
279.199999999995,T01,STATION_EVENT,STOP_TARGET_ASSIGNED,1890.2371119002753,37.02599049525976,108.69365611063222,,,,,,
279.199999999995,T01,STATION_EVENT,RECEIVE_ROUTE_ASSIGNED,1890.2371119002753,37.02599049525976,108.69365611063222,,,,,,
279.299999999995,T01,STATION_EVENT,STOP_TARGET_ASSIGNED,1891.2634060544997,36.86718860889239,107.6628880997248,,,,,,
279.299999999995,T01,STATION_EVENT,RECEIVE_ROUTE_ASSIGNED,1891.2634060544997,36.86718860889239,107.6628880997248,,,,,,
279.39999999999503,T01,STATION_EVENT,STOP_TARGET_ASSIGNED,1892.2849142129521,36.68139879968896,106.63659394550041,,,,,,
279.39999999999503,T01,STATION_EVENT,RECEIVE_ROUTE_ASSIGNED,1892.2849142129521,36.68139879968896,106.63659394550041,,,,,,
279.49999999999505,T01,STATION_EVENT,STOP_TARGET_ASSIGNED,1893.3016367391222,36.522623084561076,105.61508578704797,,,,,,
279.49999999999505,T01,STATION_EVENT,RECEIVE_ROUTE_ASSIGNED,1893.3016367391222,36.522623084561076,105.61508578704797,,,,,,
279.5999999999951,T01,STATION_EVENT,STOP_TARGET_ASSIGNED,1894.3135739956274,36.336859383817064,104.59836326087793,,,,,,
279.5999999999951,T01,STATION_EVENT,RECEIVE_ROUTE_ASSIGNED,1894.3135739956274,36.336859383817064,104.59836326087793,,,,,,
279.6999999999951,T01,STATION_EVENT,STOP_TARGET_ASSIGNED,1895.3200677554482,36.130691323281646,103.5864260043727,,,,,,
279.6999999999951,T01,STATION_EVENT,RECEIVE_ROUTE_ASSIGNED,1895.3200677554482,36.130691323281646,103.5864260043727,,,,,,
279.7999999999951,T01,STATION_EVENT,STOP_TARGET_ASSIGNED,1896.3212098402007,35.951538778903,102.57993224455186,,,,,,
279.7999999999951,T01,STATION_EVENT,RECEIVE_ROUTE_ASSIGNED,1896.3212098402007,35.951538778903,102.57993224455186,,,,,,
279.89999999999515,T01,STATION_EVENT,STOP_TARGET_ASSIGNED,1897.3170067243286,35.745836878305084,101.57879015979938,,,,,,
279.89999999999515,T01,STATION_EVENT,RECEIVE_ROUTE_ASSIGNED,1897.3170067243286,35.745836878305084,101.57879015979938,,,,,,
279.99999999999517,T01,STATION_EVENT,STOP_TARGET_ASSIGNED,1898.3071626711114,35.54539129006022,100.58299327567147,,,,,,
279.99999999999517,T01,STATION_EVENT,RECEIVE_ROUTE_ASSIGNED,1898.3071626711114,35.54539129006022,100.58299327567147,,,,,,
280.0999999999952,T01,STATION_EVENT,STOP_TARGET_ASSIGNED,1899.2921258925887,35.3719606563066,99.59283732888866,,,,,,
280.0999999999952,T01,STATION_EVENT,RECEIVE_ROUTE_ASSIGNED,1899.2921258925887,35.3719606563066,99.59283732888866,,,,,,
280.1999999999952,T01,STATION_EVENT,STOP_TARGET_ASSIGNED,1900.2718967756698,35.17154292553699,98.60787410741136,,,,,,
280.1999999999952,T01,STATION_EVENT,RECEIVE_ROUTE_ASSIGNED,1900.2718967756698,35.17154292553699,98.60787410741136,,,,,,
280.29999999999524,T01,STATION_EVENT,STOP_TARGET_ASSIGNED,1901.245725706079,34.94414006392624,97.62810322433029,,,,,,
280.29999999999524,T01,STATION_EVENT,RECEIVE_ROUTE_ASSIGNED,1901.245725706079,34.94414006392624,97.62810322433029,,,,,,
280.39999999999526,T01,STATION_EVENT,STOP_TARGET_ASSIGNED,1902.213613123904,34.74375401947506,96.65427429392116,,,,,,
280.39999999999526,T01,STATION_EVENT,RECEIVE_ROUTE_ASSIGNED,1902.213613123904,34.74375401947506,96.65427429392116,,,,,,
280.4999999999953,T01,STATION_EVENT,STOP_TARGET_ASSIGNED,1903.1758597150426,34.538000542511355,95.6863868760961,,,,,,
280.4999999999953,T01,STATION_EVENT,RECEIVE_ROUTE_ASSIGNED,1903.1758597150426,34.538000542511355,95.6863868760961,,,,,,
280.5999999999953,T01,STATION_EVENT,STOP_TARGET_ASSIGNED,1904.1327661418322,34.35926218634262,94.72414028495746,,,,,,
280.5999999999953,T01,STATION_EVENT,RECEIVE_ROUTE_ASSIGNED,1904.1327661418322,34.35926218634262,94.72414028495746,,,,,,
280.6999999999953,T01,STATION_EVENT,STOP_TARGET_ASSIGNED,1905.0843327961904,34.15353692745162,93.76723385816786,,,,,,
280.6999999999953,T01,STATION_EVENT,RECEIVE_ROUTE_ASSIGNED,1905.0843327961904,34.15353692745162,93.76723385816786,,,,,,
280.79999999999535,T01,STATION_EVENT,STOP_TARGET_ASSIGNED,1906.0298100687855,33.92082669939653,92.81566720380965,,,,,,
280.79999999999535,T01,STATION_EVENT,RECEIVE_ROUTE_ASSIGNED,1906.0298100687855,33.92082669939653,92.81566720380965,,,,,,
280.8999999999954,T01,STATION_EVENT,STOP_TARGET_ASSIGNED,1906.9691984037368,33.715133417088694,91.87018993121455,,,,,,
280.8999999999954,T01,STATION_EVENT,RECEIVE_ROUTE_ASSIGNED,1906.9691984037368,33.715133417088694,91.87018993121455,,,,,,
280.9999999999954,T01,STATION_EVENT,STOP_TARGET_ASSIGNED,1907.9027592198197,33.50124534088774,90.93080159626334,,,,,,
280.9999999999954,T01,STATION_EVENT,RECEIVE_ROUTE_ASSIGNED,1907.9027592198197,33.50124534088774,90.93080159626334,,,,,,
281.0999999999954,T01,STATION_EVENT,STOP_TARGET_ASSIGNED,1908.830753915358,33.314372737870535,89.99724078018039,,,,,,
281.0999999999954,T01,STATION_EVENT,RECEIVE_ROUTE_ASSIGNED,1908.830753915358,33.314372737870535,89.99724078018039,,,,,,
281.19999999999544,T01,STATION_EVENT,STOP_TARGET_ASSIGNED,1909.7531828924405,33.10051361206581,89.06924608464215,,,,,,
281.19999999999544,T01,STATION_EVENT,RECEIVE_ROUTE_ASSIGNED,1909.7531828924405,33.10051361206581,89.06924608464215,,,,,,
281.29999999999546,T01,STATION_EVENT,STOP_TARGET_ASSIGNED,1910.669296551804,32.85966986212467,88.14681710755963,,,,,,
281.29999999999546,T01,STATION_EVENT,RECEIVE_ROUTE_ASSIGNED,1910.669296551804,32.85966986212467,88.14681710755963,,,,,,
281.3999999999955,T01,STATION_EVENT,STOP_TARGET_ASSIGNED,1911.5790953466576,32.645843367324744,87.23070344819598,,,,,,
281.3999999999955,T01,STATION_EVENT,RECEIVE_ROUTE_ASSIGNED,1911.5790953466576,32.645843367324744,87.23070344819598,,,,,,
281.4999999999955,T01,STATION_EVENT,STOP_TARGET_ASSIGNED,1912.4827999311124,32.4208867134122,86.3209046533425,,,,,,
281.4999999999955,T01,STATION_EVENT,RECEIVE_ROUTE_ASSIGNED,1912.4827999311124,32.4208867134122,86.3209046533425,,,,,,
281.59999999999553,T01,STATION_EVENT,STOP_TARGET_ASSIGNED,1913.3806309419203,32.222946064756925,85.41720006888772,,,,,,
281.59999999999553,T01,STATION_EVENT,RECEIVE_ROUTE_ASSIGNED,1913.3806309419203,32.222946064756925,85.41720006888772,,,,,,
281.69999999999555,T01,STATION_EVENT,STOP_TARGET_ASSIGNED,1914.2725887963297,31.998019452714463,84.51936905807975,,,,,,
281.69999999999555,T01,STATION_EVENT,RECEIVE_ROUTE_ASSIGNED,1914.2725887963297,31.998019452714463,84.51936905807975,,,,,,
281.7999999999956,T01,STATION_EVENT,STOP_TARGET_ASSIGNED,1915.158673910091,31.80010873810575,83.62741120367036,,,,,,
281.7999999999956,T01,STATION_EVENT,RECEIVE_ROUTE_ASSIGNED,1915.158673910091,31.80010873810575,83.62741120367036,,,,,,
281.8999999999956,T01,STATION_EVENT,STOP_TARGET_ASSIGNED,1916.038886697634,31.575211965001568,82.74132608990908,,,,,,
281.8999999999956,T01,STATION_EVENT,RECEIVE_ROUTE_ASSIGNED,1916.038886697634,31.575211965001568,82.74132608990908,,,,,,
281.9999999999956,T01,STATION_EVENT,STOP_TARGET_ASSIGNED,1916.9127065237408,31.3398155146739,81.861113302366,,,,,,
281.9999999999956,T01,STATION_EVENT,RECEIVE_ROUTE_ASSIGNED,1916.9127065237408,31.3398155146739,81.861113302366,,,,,,
282.09999999999565,T01,STATION_EVENT,STOP_TARGET_ASSIGNED,1917.7803627882638,31.13143553098541,80.98729347625931,,,,,,
282.09999999999565,T01,STATION_EVENT,RECEIVE_ROUTE_ASSIGNED,1917.7803627882638,31.13143553098541,80.98729347625931,,,,,,
282.19999999999567,T01,STATION_EVENT,STOP_TARGET_ASSIGNED,1918.6418559216481,30.896070072684278,80.11963721173629,,,,,,
282.19999999999567,T01,STATION_EVENT,RECEIVE_ROUTE_ASSIGNED,1918.6418559216481,30.896070072684278,80.11963721173629,,,,,,
282.2999999999957,T01,STATION_EVENT,STOP_TARGET_ASSIGNED,1919.4971863526966,30.687720962803237,79.25814407835196,,,,,,
282.2999999999957,T01,STATION_EVENT,RECEIVE_ROUTE_ASSIGNED,1919.4971863526966,30.687720962803237,79.25814407835196,,,,,,
282.3999999999957,T01,STATION_EVENT,STATION_LINE_OCCUPIED,1920.346483665297,30.461685544423904,78.40281364730345,,,,,,
293.99999999999835,T01,STATION_STATE,final_approach,1975.1242413988743,9.794280282343864,23.047887447119365,,,,,,
293.99999999999835,T01,EOA_UPDATE,STATION_STOP_TARGET,1975.1242413988743,9.794280282343864,23.047887447119365,,,,,,
316.7000000000035,T01,STATION_STATE,aligned_stop,2000.0,0.0,-1.1485804943342828,,,,,,
316.7000000000035,T01,STATION_STATE,dwell_started,2000.0,0.0,-1.1485804943342828,,,,,,
316.7000000000035,T01,EOA_UPDATE,SAFETY_RESTRICTION,2000.0,0.0,-1.1485804943342828,,,,,,
364.9000000000145,T02,STATION_EVENT,STOP_TARGET_ASSIGNED,1807.390720412605,25.920375369101684,191.60158805613446,,,,,,
364.9000000000145,T02,STATION_EVENT,RECEIVE_ROUTE_ASSIGNED,1807.390720412605,25.920375369101684,191.60158805613446,,,,,,
365.0000000000145,T02,STATION_EVENT,STOP_TARGET_ASSIGNED,1808.1130371266959,26.086428045439135,190.9194129902953,,,,,,
365.0000000000145,T02,STATION_EVENT,RECEIVE_ROUTE_ASSIGNED,1808.1130371266959,26.086428045439135,190.9194129902953,,,,,,
365.1000000000145,T02,STATION_EVENT,STOP_TARGET_ASSIGNED,1808.8403412677746,26.27947011222797,190.2332121119091,,,,,,
365.1000000000145,T02,STATION_EVENT,RECEIVE_ROUTE_ASSIGNED,1808.8403412677746,26.27947011222797,190.2332121119091,,,,,,
365.20000000001454,T02,STATION_EVENT,STOP_TARGET_ASSIGNED,1809.5733825166462,26.499499806532686,189.54227317788423,,,,,,
365.20000000001454,T02,STATION_EVENT,RECEIVE_ROUTE_ASSIGNED,1809.5733825166462,26.499499806532686,189.54227317788423,,,,,,
365.30000000001456,T02,STATION_EVENT,STOP_TARGET_ASSIGNED,1810.3129105049059,26.746515348164422,188.84588399145628,,,,,,
365.30000000001456,T02,STATION_EVENT,RECEIVE_ROUTE_ASSIGNED,1810.3129105049059,26.746515348164422,188.84588399145628,,,,,,
365.4000000000146,T02,STATION_EVENT,STOP_TARGET_ASSIGNED,1811.0596748144255,27.020514937255943,188.14333240260976,,,,,,
365.4000000000146,T02,STATION_EVENT,RECEIVE_ROUTE_ASSIGNED,1811.0596748144255,27.020514937255943,188.14333240260976,,,,,,
365.5000000000146,T02,STATION_EVENT,STOP_TARGET_ASSIGNED,1811.814424976774,27.321496751837287,187.43390630856607,,,,,,
365.5000000000146,T02,STATION_EVENT,RECEIVE_ROUTE_ASSIGNED,1811.814424976774,27.321496751837287,187.43390630856607,,,,,,
365.60000000001463,T02,STATION_EVENT,STOP_TARGET_ASSIGNED,1812.577910472569,27.64945894541218,186.71689365433485,,,,,,
365.60000000001463,T02,STATION_EVENT,RECEIVE_ROUTE_ASSIGNED,1812.577910472569,27.64945894541218,186.71689365433485,,,,,,
365.70000000001465,T02,STATION_EVENT,STOP_TARGET_ASSIGNED,1813.3508807307628,28.004399644535184,185.99158243332954,,,,,,
365.70000000001465,T02,STATION_EVENT,RECEIVE_ROUTE_ASSIGNED,1813.3508807307628,28.004399644535184,185.99158243332954,,,,,,
365.8000000000147,T02,STATION_EVENT,STOP_TARGET_ASSIGNED,1814.1337480978696,28.362050787144902,185.25726068804556,,,,,,
365.8000000000147,T02,STATION_EVENT,RECEIVE_ROUTE_ASSIGNED,1814.1337480978696,28.362050787144902,185.25726068804556,,,,,,
365.9000000000147,T02,STATION_EVENT,STOP_TARGET_ASSIGNED,1814.9265448284264,28.71931381295092,184.51353668929414,,,,,,
365.9000000000147,T02,STATION_EVENT,RECEIVE_ROUTE_ASSIGNED,1814.9265448284264,28.71931381295092,184.51353668929414,,,,,,
366.0000000000147,T02,STATION_EVENT,STOP_TARGET_ASSIGNED,1815.72926014529,29.076189001235065,183.76037979526518,,,,,,
366.0000000000147,T02,STATION_EVENT,RECEIVE_ROUTE_ASSIGNED,1815.72926014529,29.076189001235065,183.76037979526518,,,,,,
366.10000000001475,T02,STATION_EVENT,STOP_TARGET_ASSIGNED,1816.5418832790772,29.432676631438024,182.99780024424467,,,,,,
366.10000000001475,T02,STATION_EVENT,RECEIVE_ROUTE_ASSIGNED,1816.5418832790772,29.432676631438024,182.99780024424467,,,,,,
366.20000000001477,T02,STATION_EVENT,STOP_TARGET_ASSIGNED,1817.3644034681688,29.78877698315822,182.20811672092282,,,,,,
366.20000000001477,T02,STATION_EVENT,RECEIVE_ROUTE_ASSIGNED,1817.3644034681688,29.78877698315822,182.20811672092282,,,,,,
366.3000000000148,T02,STATION_EVENT,STOP_TARGET_ASSIGNED,1818.1968099587148,30.14449033615067,181.3855965318312,,,,,,
366.3000000000148,T02,STATION_EVENT,RECEIVE_ROUTE_ASSIGNED,1818.1968099587148,30.14449033615067,181.3855965318312,,,,,,
366.4000000000148,T02,STATION_EVENT,STOP_TARGET_ASSIGNED,1819.039092004638,30.49981697032593,180.55319004128523,,,,,,
366.4000000000148,T02,STATION_EVENT,RECEIVE_ROUTE_ASSIGNED,1819.039092004638,30.49981697032593,180.55319004128523,,,,,,
366.50000000001484,T02,STATION_EVENT,STOP_TARGET_ASSIGNED,1819.891238867639,30.854757165748925,179.71090799536205,,,,,,
366.50000000001484,T02,STATION_EVENT,RECEIVE_ROUTE_ASSIGNED,1819.891238867639,30.854757165748925,179.71090799536205,,,,,,
366.60000000001486,T02,STATION_EVENT,STOP_TARGET_ASSIGNED,1820.7532398172,31.20931120263787,178.858761132361,,,,,,
366.60000000001486,T02,STATION_EVENT,RECEIVE_ROUTE_ASSIGNED,1820.7532398172,31.20931120263787,178.858761132361,,,,,,
366.7000000000149,T02,STATION_EVENT,STOP_TARGET_ASSIGNED,1821.625084130589,31.563479361363168,177.99676018280002,,,,,,
366.7000000000149,T02,STATION_EVENT,RECEIVE_ROUTE_ASSIGNED,1821.625084130589,31.563479361363168,177.99676018280002,,,,,,
366.8000000000149,T02,STATION_EVENT,STOP_TARGET_ASSIGNED,1822.506761092864,31.91726192244629,177.1249158694111,,,,,,
366.8000000000149,T02,STATION_EVENT,RECEIVE_ROUTE_ASSIGNED,1822.506761092864,31.91726192244629,177.1249158694111,,,,,,
366.9000000000149,T02,STATION_EVENT,STOP_TARGET_ASSIGNED,1823.398259996878,32.27065916655868,176.24323890713595,,,,,,
366.9000000000149,T02,STATION_EVENT,RECEIVE_ROUTE_ASSIGNED,1823.398259996878,32.27065916655868,176.24323890713595,,,,,,
367.00000000001495,T02,STATION_EVENT,STOP_TARGET_ASSIGNED,1824.299570143282,32.62367137452065,175.3517400031219,,,,,,
367.00000000001495,T02,STATION_EVENT,RECEIVE_ROUTE_ASSIGNED,1824.299570143282,32.62367137452065,175.3517400031219,,,,,,
367.100000000015,T02,STATION_EVENT,STOP_TARGET_ASSIGNED,1825.2106808405294,32.97629882730029,174.45042985671807,,,,,,
367.100000000015,T02,STATION_EVENT,RECEIVE_ROUTE_ASSIGNED,1825.2106808405294,32.97629882730029,174.45042985671807,,,,,,
367.200000000015,T02,STATION_EVENT,STOP_TARGET_ASSIGNED,1826.131581404881,33.32854180601236,173.53931915947055,,,,,,
367.200000000015,T02,STATION_EVENT,RECEIVE_ROUTE_ASSIGNED,1826.131581404881,33.32854180601236,173.53931915947055,,,,,,
367.300000000015,T02,STATION_EVENT,STOP_TARGET_ASSIGNED,1827.0622611604078,33.68040059191721,172.618418595119,,,,,,
367.300000000015,T02,STATION_EVENT,RECEIVE_ROUTE_ASSIGNED,1827.0622611604078,33.68040059191721,172.618418595119,,,,,,
367.40000000001504,T02,STATION_EVENT,STOP_TARGET_ASSIGNED,1828.002709438996,34.031875466419685,171.68773883959216,,,,,,
367.40000000001504,T02,STATION_EVENT,RECEIVE_ROUTE_ASSIGNED,1828.002709438996,34.031875466419685,171.68773883959216,,,,,,
367.50000000001506,T02,STATION_EVENT,STOP_TARGET_ASSIGNED,1828.95291558035,34.38296671106801,170.7472905610041,,,,,,
367.50000000001506,T02,STATION_EVENT,RECEIVE_ROUTE_ASSIGNED,1828.95291558035,34.38296671106801,170.7472905610041,,,,,,
367.6000000000151,T02,STATION_EVENT,STOP_TARGET_ASSIGNED,1829.9128689319975,34.73367460755274,169.79708441965,,,,,,
367.6000000000151,T02,STATION_EVENT,RECEIVE_ROUTE_ASSIGNED,1829.9128689319975,34.73367460755274,169.79708441965,,,,,,
367.7000000000151,T02,STATION_EVENT,STOP_TARGET_ASSIGNED,1830.8822207026992,35.05965288297345,168.83713106800246,,,,,,
367.7000000000151,T02,STATION_EVENT,RECEIVE_ROUTE_ASSIGNED,1830.8822207026992,35.05965288297345,168.83713106800246,,,,,,
367.80000000001513,T02,STATION_EVENT,STOP_TARGET_ASSIGNED,1831.8602520914856,35.35860710964979,167.86777929730079,,,,,,
367.80000000001513,T02,STATION_EVENT,RECEIVE_ROUTE_ASSIGNED,1831.8602520914856,35.35860710964979,167.86777929730079,,,,,,
367.90000000001515,T02,STATION_EVENT,STOP_TARGET_ASSIGNED,1832.8469624565844,35.684539177463485,166.88974790851444,,,,,,
367.90000000001515,T02,STATION_EVENT,RECEIVE_ROUTE_ASSIGNED,1832.8469624565844,35.684539177463485,166.88974790851444,,,,,,
368.0000000000152,T02,STATION_EVENT,STOP_TARGET_ASSIGNED,1833.8423511531273,35.98344697363283,165.90303754341562,,,,,,
368.0000000000152,T02,STATION_EVENT,RECEIVE_ROUTE_ASSIGNED,1833.8423511531273,35.98344697363283,165.90303754341562,,,,,,
368.1000000000152,T02,STATION_EVENT,STOP_TARGET_ASSIGNED,1834.8456675334119,36.255332406851636,164.9076488468727,,,,,,
368.1000000000152,T02,STATION_EVENT,RECEIVE_ROUTE_ASSIGNED,1834.8456675334119,36.255332406851636,164.9076488468727,,,,,,
368.2000000000152,T02,STATION_EVENT,STOP_TARGET_ASSIGNED,1835.8563534078708,36.51405055418684,163.90433246658813,,,,,,
368.2000000000152,T02,STATION_EVENT,RECEIVE_ROUTE_ASSIGNED,1835.8563534078708,36.51405055418684,163.90433246658813,,,,,,
368.30000000001525,T02,STATION_EVENT,STOP_TARGET_ASSIGNED,1836.8738506264995,36.74574918707581,162.89364659212924,,,,,,
368.30000000001525,T02,STATION_EVENT,RECEIVE_ROUTE_ASSIGNED,1836.8738506264995,36.74574918707581,162.89364659212924,,,,,,
368.40000000001527,T02,STATION_EVENT,STOP_TARGET_ASSIGNED,1837.8974481622254,36.9532733851962,161.87614937350054,,,,,,
368.40000000001527,T02,STATION_EVENT,RECEIVE_ROUTE_ASSIGNED,1837.8974481622254,36.9532733851962,161.87614937350054,,,,,,
368.5000000000153,T02,STATION_EVENT,STOP_TARGET_ASSIGNED,1838.9264350401186,37.133781823119335,160.85255183777463,,,,,,
368.5000000000153,T02,STATION_EVENT,RECEIVE_ROUTE_ASSIGNED,1838.9264350401186,37.133781823119335,160.85255183777463,,,,,,
368.6000000000153,T02,STATION_EVENT,STOP_TARGET_ASSIGNED,1839.960060850351,37.28727651361459,159.82356495988142,,,,,,
368.6000000000153,T02,STATION_EVENT,RECEIVE_ROUTE_ASSIGNED,1839.960060850351,37.28727651361459,159.82356495988142,,,,,,
368.70000000001534,T02,STATION_EVENT,STOP_TARGET_ASSIGNED,1840.9977454983552,37.42601814268948,158.78993914964894,,,,,,
368.70000000001534,T02,STATION_EVENT,RECEIVE_ROUTE_ASSIGNED,1840.9977454983552,37.42601814268948,158.78993914964894,,,,,,
368.80000000001536,T02,STATION_EVENT,STOP_TARGET_ASSIGNED,1842.0390983404766,37.55138649004696,157.75225450164476,,,,,,
368.80000000001536,T02,STATION_EVENT,RECEIVE_ROUTE_ASSIGNED,1842.0390983404766,37.55138649004696,157.75225450164476,,,,,,
368.9000000000154,T02,STATION_EVENT,STOP_TARGET_ASSIGNED,1843.083558503219,37.64974522740489,156.71090165952342,,,,,,
368.9000000000154,T02,STATION_EVENT,RECEIVE_ROUTE_ASSIGNED,1843.083558503219,37.64974522740489,156.71090165952342,,,,,,
369.0000000000154,T02,STATION_EVENT,STOP_TARGET_ASSIGNED,1844.1306968537283,37.74421600927797,155.6664414967811,,,,,,
369.0000000000154,T02,STATION_EVENT,RECEIVE_ROUTE_ASSIGNED,1844.1306968537283,37.74421600927797,155.6664414967811,,,,,,
369.1000000000154,T02,STATION_EVENT,STOP_TARGET_ASSIGNED,1845.180466130741,37.839171935639946,154.6193031462717,,,,,,
369.1000000000154,T02,STATION_EVENT,RECEIVE_ROUTE_ASSIGNED,1845.180466130741,37.839171935639946,154.6193031462717,,,,,,
369.20000000001545,T02,STATION_EVENT,STOP_TARGET_ASSIGNED,1846.2324979708371,37.90712055127193,153.56953386925898,,,,,,
369.20000000001545,T02,STATION_EVENT,RECEIVE_ROUTE_ASSIGNED,1846.2324979708371,37.90712055127193,153.56953386925898,,,,,,
369.3000000000155,T02,STATION_EVENT,STOP_TARGET_ASSIGNED,1847.2862600924464,37.96375220458478,152.51750202916287,,,,,,
369.3000000000155,T02,STATION_EVENT,RECEIVE_ROUTE_ASSIGNED,1847.2862600924464,37.96375220458478,152.51750202916287,,,,,,
369.4000000000155,T02,STATION_EVENT,STOP_TARGET_ASSIGNED,1848.3414026687158,38.00651328681504,151.46373990755365,,,,,,
369.4000000000155,T02,STATION_EVENT,RECEIVE_ROUTE_ASSIGNED,1848.3414026687158,38.00651328681504,151.46373990755365,,,,,,
369.5000000000155,T02,STATION_EVENT,STOP_TARGET_ASSIGNED,1849.397832087501,38.05640486572281,150.40859733128423,,,,,,
369.5000000000155,T02,STATION_EVENT,RECEIVE_ROUTE_ASSIGNED,1849.397832087501,38.05640486572281,150.40859733128423,,,,,,
369.60000000001554,T02,STATION_EVENT,STOP_TARGET_ASSIGNED,1850.4552723299437,38.07929259014805,149.352167912499,,,,,,
369.60000000001554,T02,STATION_EVENT,RECEIVE_ROUTE_ASSIGNED,1850.4552723299437,38.07929259014805,149.352167912499,,,,,,
369.70000000001556,T02,STATION_EVENT,STOP_TARGET_ASSIGNED,1851.5131858305258,38.090479451772474,148.29472767005632,,,,,,
369.70000000001556,T02,STATION_EVENT,RECEIVE_ROUTE_ASSIGNED,1851.5131858305258,38.090479451772474,148.29472767005632,,,,,,
369.8000000000156,T02,STATION_EVENT,STOP_TARGET_ASSIGNED,1852.5714077818402,38.10150104287306,147.2368141694742,,,,,,
369.8000000000156,T02,STATION_EVENT,RECEIVE_ROUTE_ASSIGNED,1852.5714077818402,38.10150104287306,147.2368141694742,,,,,,
369.9000000000156,T02,STATION_EVENT,STOP_TARGET_ASSIGNED,1853.6299335932147,38.112357376091964,146.1785922181598,,,,,,
369.9000000000156,T02,STATION_EVENT,RECEIVE_ROUTE_ASSIGNED,1853.6299335932147,38.112357376091964,146.1785922181598,,,,,,
370.00000000001563,T02,STATION_EVENT,STOP_TARGET_ASSIGNED,1854.688758674328,38.12304846407644,145.12006640678533,,,,,,
370.00000000001563,T02,STATION_EVENT,RECEIVE_ROUTE_ASSIGNED,1854.688758674328,38.12304846407644,145.12006640678533,,,,,,
370.10000000001565,T02,STATION_EVENT,STOP_TARGET_ASSIGNED,1855.7478784352109,38.133574319478754,144.06124132567197,,,,,,
370.10000000001565,T02,STATION_EVENT,RECEIVE_ROUTE_ASSIGNED,1855.7478784352109,38.133574319478754,144.06124132567197,,,,,,
370.2000000000157,T02,STATION_EVENT,STOP_TARGET_ASSIGNED,1856.8072882862446,38.14393495495606,143.00212156478915,,,,,,
370.2000000000157,T02,STATION_EVENT,RECEIVE_ROUTE_ASSIGNED,1856.8072882862446,38.14393495495606,143.00212156478915,,,,,,
370.3000000000157,T02,STATION_EVENT,STOP_TARGET_ASSIGNED,1857.866983638163,38.154130383170354,141.94271171375544,,,,,,
370.3000000000157,T02,STATION_EVENT,RECEIVE_ROUTE_ASSIGNED,1857.866983638163,38.154130383170354,141.94271171375544,,,,,,
370.4000000000157,T02,STATION_EVENT,STOP_TARGET_ASSIGNED,1858.9269599020513,38.16416061678833,140.883016361837,,,,,,
370.4000000000157,T02,STATION_EVENT,RECEIVE_ROUTE_ASSIGNED,1858.9269599020513,38.16416061678833,140.883016361837,,,,,,
370.50000000001575,T02,STATION_EVENT,STOP_TARGET_ASSIGNED,1859.9872124893468,38.17402566848135,139.8230400979487,,,,,,
370.50000000001575,T02,STATION_EVENT,RECEIVE_ROUTE_ASSIGNED,1859.9872124893468,38.17402566848135,139.8230400979487,,,,,,
370.60000000001577,T02,STATION_EVENT,STOP_TARGET_ASSIGNED,1861.0477368118386,38.18372555092529,138.7627875106532,,,,,,
370.60000000001577,T02,STATION_EVENT,RECEIVE_ROUTE_ASSIGNED,1861.0477368118386,38.18372555092529,138.7627875106532,,,,,,
370.7000000000158,T02,STATION_EVENT,STOP_TARGET_ASSIGNED,1862.1085282816682,38.19326027680049,137.7022631881614,,,,,,
370.7000000000158,T02,STATION_EVENT,RECEIVE_ROUTE_ASSIGNED,1862.1085282816682,38.19326027680049,137.7022631881614,,,,,,
370.8000000000158,T02,STATION_EVENT,STOP_TARGET_ASSIGNED,1863.1695823113291,38.20262985879164,136.6414717183318,,,,,,
370.8000000000158,T02,STATION_EVENT,RECEIVE_ROUTE_ASSIGNED,1863.1695823113291,38.20262985879164,136.6414717183318,,,,,,
370.90000000001584,T02,STATION_EVENT,STOP_TARGET_ASSIGNED,1864.2308943136677,38.21183430958771,135.58041768867088,,,,,,
370.90000000001584,T02,STATION_EVENT,RECEIVE_ROUTE_ASSIGNED,1864.2308943136677,38.21183430958771,135.58041768867088,,,,,,
371.00000000001586,T02,STATION_EVENT,STOP_TARGET_ASSIGNED,1865.2924597018825,38.22087364188182,134.5191056863323,,,,,,
371.00000000001586,T02,STATION_EVENT,RECEIVE_ROUTE_ASSIGNED,1865.2924597018825,38.22087364188182,134.5191056863323,,,,,,
371.1000000000159,T02,STATION_EVENT,STOP_TARGET_ASSIGNED,1866.3542738895248,38.22974786837121,133.45754029811746,,,,,,
371.1000000000159,T02,STATION_EVENT,RECEIVE_ROUTE_ASSIGNED,1866.3542738895248,38.22974786837121,133.45754029811746,,,,,,
371.2000000000159,T02,STATION_EVENT,STOP_TARGET_ASSIGNED,1867.4163322904988,38.23845700175709,132.39572611047515,,,,,,
371.2000000000159,T02,STATION_EVENT,RECEIVE_ROUTE_ASSIGNED,1867.4163322904988,38.23845700175709,132.39572611047515,,,,,,
371.3000000000159,T02,STATION_EVENT,STOP_TARGET_ASSIGNED,1868.4786303190613,38.24700105474456,131.33366770950124,,,,,,
371.3000000000159,T02,STATION_EVENT,RECEIVE_ROUTE_ASSIGNED,1868.4786303190613,38.24700105474456,131.33366770950124,,,,,,
371.40000000001595,T02,STATION_EVENT,STOP_TARGET_ASSIGNED,1869.5411633898223,38.25538004004254,130.27136968093873,,,,,,
371.40000000001595,T02,STATION_EVENT,RECEIVE_ROUTE_ASSIGNED,1869.5411633898223,38.25538004004254,130.27136968093873,,,,,,
371.500000000016,T02,STATION_EVENT,STOP_TARGET_ASSIGNED,1870.6039269177445,38.26359397036367,129.20883661017774,,,,,,
371.500000000016,T02,STATION_EVENT,RECEIVE_ROUTE_ASSIGNED,1870.6039269177445,38.26359397036367,129.20883661017774,,,,,,
371.600000000016,T02,STATION_EVENT,STOP_TARGET_ASSIGNED,1871.6669163181443,38.271642858424215,128.1460730822555,,,,,,
371.600000000016,T02,STATION_EVENT,RECEIVE_ROUTE_ASSIGNED,1871.6669163181443,38.271642858424215,128.1460730822555,,,,,,
371.700000000016,T02,STATION_EVENT,STOP_TARGET_ASSIGNED,1872.7301270066912,38.27952671694396,127.08308368185567,,,,,,
371.700000000016,T02,STATION_EVENT,RECEIVE_ROUTE_ASSIGNED,1872.7301270066912,38.27952671694396,127.08308368185567,,,,,,
371.80000000001604,T02,STATION_EVENT,STOP_TARGET_ASSIGNED,1873.7935543994076,38.28724555864615,126.01987299330881,,,,,,
371.80000000001604,T02,STATION_EVENT,RECEIVE_ROUTE_ASSIGNED,1873.7935543994076,38.28724555864615,126.01987299330881,,,,,,
371.90000000001606,T02,STATION_EVENT,STOP_TARGET_ASSIGNED,1874.8568211960812,38.26796380185177,124.95644560059236,,,,,,
371.90000000001606,T02,STATION_EVENT,RECEIVE_ROUTE_ASSIGNED,1874.8568211960812,38.26796380185177,124.95644560059236,,,,,,
372.0000000000161,T02,STATION_EVENT,STOP_TARGET_ASSIGNED,1875.9193863398743,38.23672655124563,123.89317880391877,,,,,,
372.0000000000161,T02,STATION_EVENT,RECEIVE_ROUTE_ASSIGNED,1875.9193863398743,38.23672655124563,123.89317880391877,,,,,,
372.1000000000161,T02,STATION_EVENT,STOP_TARGET_ASSIGNED,1876.98107745953,38.20503406397378,122.83061366012566,,,,,,
372.1000000000161,T02,STATION_EVENT,RECEIVE_ROUTE_ASSIGNED,1876.98107745953,38.20503406397378,122.83061366012566,,,,,,
372.20000000001613,T02,STATION_EVENT,STOP_TARGET_ASSIGNED,1878.0422632664165,38.200344031844274,121.76892254046993,,,,,,
372.20000000001613,T02,STATION_EVENT,RECEIVE_ROUTE_ASSIGNED,1878.0422632664165,38.200344031844274,121.76892254046993,,,,,,
372.30000000001615,T02,STATION_EVENT,STOP_TARGET_ASSIGNED,1879.103467429187,38.206355687640745,120.70773673358349,,,,,,
372.30000000001615,T02,STATION_EVENT,RECEIVE_ROUTE_ASSIGNED,1879.103467429187,38.206355687640745,120.70773673358349,,,,,,
372.4000000000162,T02,STATION_EVENT,STOP_TARGET_ASSIGNED,1880.1644635759299,38.185366877845496,119.64653257081295,,,,,,
372.4000000000162,T02,STATION_EVENT,RECEIVE_ROUTE_ASSIGNED,1880.1644635759299,38.185366877845496,119.64653257081295,,,,,,
372.5000000000162,T02,STATION_EVENT,STOP_TARGET_ASSIGNED,1881.2246541596744,38.1483551517697,118.43553642407005,,,,,,
372.5000000000162,T02,STATION_EVENT,RECEIVE_ROUTE_ASSIGNED,1881.2246541596744,38.1483551517697,118.43553642407005,,,,,,
372.6000000000162,T02,STATION_EVENT,STOP_TARGET_ASSIGNED,1882.2835496963792,38.09212349097914,117.37534584032551,,,,,,
372.6000000000162,T02,STATION_EVENT,RECEIVE_ROUTE_ASSIGNED,1882.2835496963792,38.09212349097914,117.37534584032551,,,,,,
372.70000000001625,T02,STATION_EVENT,STOP_TARGET_ASSIGNED,1883.3406452899717,38.01875924767541,116.31645030362074,,,,,,
372.70000000001625,T02,STATION_EVENT,RECEIVE_ROUTE_ASSIGNED,1883.3406452899717,38.01875924767541,116.31645030362074,,,,,,
372.80000000001627,T02,STATION_EVENT,STOP_TARGET_ASSIGNED,1884.395462388708,37.928071861344286,115.25935471002822,,,,,,
372.80000000001627,T02,STATION_EVENT,RECEIVE_ROUTE_ASSIGNED,1884.395462388708,37.928071861344286,115.25935471002822,,,,,,
372.9000000000163,T02,STATION_EVENT,STOP_TARGET_ASSIGNED,1885.447517224377,37.81987630682228,114.20453761129193,,,,,,
372.9000000000163,T02,STATION_EVENT,RECEIVE_ROUTE_ASSIGNED,1885.447517224377,37.81987630682228,114.20453761129193,,,,,,
373.0000000000163,T02,STATION_EVENT,STOP_TARGET_ASSIGNED,1886.4963209767684,37.69399386536944,113.15248277562296,,,,,,
373.0000000000163,T02,STATION_EVENT,RECEIVE_ROUTE_ASSIGNED,1886.4963209767684,37.69399386536944,113.15248277562296,,,,,,
373.10000000001634,T02,STATION_EVENT,STOP_TARGET_ASSIGNED,1887.5413799529233,37.550252417779376,112.1036790232315,,,,,,
373.10000000001634,T02,STATION_EVENT,RECEIVE_ROUTE_ASSIGNED,1887.5413799529233,37.550252417779376,112.1036790232315,,,,,,
373.20000000001636,T02,STATION_EVENT,STOP_TARGET_ASSIGNED,1888.5821957746277,37.38848674494647,111.0586200470766,,,,,,
373.20000000001636,T02,STATION_EVENT,RECEIVE_ROUTE_ASSIGNED,1888.5821957746277,37.38848674494647,111.0586200470766,,,,,,
373.3000000000164,T02,STATION_EVENT,STOP_TARGET_ASSIGNED,1889.618265574363,37.20853883598935,110.01780422537217,,,,,,
373.3000000000164,T02,STATION_EVENT,RECEIVE_ROUTE_ASSIGNED,1889.618265574363,37.20853883598935,110.01780422537217,,,,,,
373.4000000000164,T02,STATION_EVENT,STOP_TARGET_ASSIGNED,1890.6497120121232,37.0556046827528,108.98173442563689,,,,,,
373.4000000000164,T02,STATION_EVENT,RECEIVE_ROUTE_ASSIGNED,1890.6497120121232,37.0556046827528,108.98173442563689,,,,,,
373.5000000000164,T02,STATION_EVENT,STOP_TARGET_ASSIGNED,1891.6765503973727,36.87675905520311,107.95028798787666,,,,,,
373.5000000000164,T02,STATION_EVENT,RECEIVE_ROUTE_ASSIGNED,1891.6765503973727,36.87675905520311,107.95028798787666,,,,,,
373.60000000001645,T02,STATION_EVENT,STOP_TARGET_ASSIGNED,1892.6984835996946,36.70243151196559,106.92344960262722,,,,,,
373.60000000001645,T02,STATION_EVENT,RECEIVE_ROUTE_ASSIGNED,1892.6984835996946,36.70243151196559,106.92344960262722,,,,,,
373.7000000000165,T02,STATION_EVENT,STOP_TARGET_ASSIGNED,1893.7159495539752,36.55511719623627,105.90151640030535,,,,,,
373.7000000000165,T02,STATION_EVENT,RECEIVE_ROUTE_ASSIGNED,1893.7159495539752,36.55511719623627,105.90151640030535,,,,,,
373.8000000000165,T02,STATION_EVENT,STOP_TARGET_ASSIGNED,1894.7289485988117,36.38081403200003,104.88405044602473,,,,,,
373.8000000000165,T02,STATION_EVENT,RECEIVE_ROUTE_ASSIGNED,1894.7289485988117,36.38081403200003,104.88405044602473,,,,,,
373.9000000000165,T02,STATION_EVENT,STOP_TARGET_ASSIGNED,1895.7367310719108,36.1795240311321,103.8710514011882,,,,,,
373.9000000000165,T02,STATION_EVENT,RECEIVE_ROUTE_ASSIGNED,1895.7367310719108,36.1795240311321,103.8710514011882,,,,,,
374.00000000001654,T02,STATION_EVENT,STOP_TARGET_ASSIGNED,1896.7386353018471,35.957580524291444,102.86326892808916,,,,,,
374.00000000001654,T02,STATION_EVENT,RECEIVE_ROUTE_ASSIGNED,1896.7386353018471,35.957580524291444,102.86326892808916,,,,,,
374.10000000001656,T02,STATION_EVENT,STOP_TARGET_ASSIGNED,1897.7347496657974,35.762653680119065,101.86136469815278,,,,,,
374.10000000001656,T02,STATION_EVENT,RECEIVE_ROUTE_ASSIGNED,1897.7347496657974,35.762653680119065,101.86136469815278,,,,,,
374.2000000000166,T02,STATION_EVENT,STOP_TARGET_ASSIGNED,1898.725411131423,35.564971844929076,100.86525033420253,,,,,,
374.2000000000166,T02,STATION_EVENT,RECEIVE_ROUTE_ASSIGNED,1898.725411131423,35.564971844929076,100.86525033420253,,,,,,
374.3000000000166,T02,STATION_EVENT,STOP_TARGET_ASSIGNED,1899.710956639853,35.39430476203437,99.8745888685769,,,,,,
374.3000000000166,T02,STATION_EVENT,RECEIVE_ROUTE_ASSIGNED,1899.710956639853,35.39430476203437,99.8745888685769,,,,,,
374.40000000001663,T02,STATION_EVENT,STOP_TARGET_ASSIGNED,1900.6913865723882,35.19665038049466,98.88904336014684,,,,,,
374.40000000001663,T02,STATION_EVENT,RECEIVE_ROUTE_ASSIGNED,1900.6913865723882,35.19665038049466,98.88904336014684,,,,,,
374.50000000001666,T02,STATION_EVENT,STOP_TARGET_ASSIGNED,1901.6659513091772,34.972010668309174,97.90861342761173,,,,,,
374.50000000001666,T02,STATION_EVENT,RECEIVE_ROUTE_ASSIGNED,1901.6659513091772,34.972010668309174,97.90861342761173,,,,,,
374.6000000000167,T02,STATION_EVENT,STOP_TARGET_ASSIGNED,1902.6346512847863,34.774387575551295,96.93404869082269,,,,,,
374.6000000000167,T02,STATION_EVENT,RECEIVE_ROUTE_ASSIGNED,1902.6346512847863,34.774387575551295,96.93404869082269,,,,,,
374.7000000000167,T02,STATION_EVENT,STOP_TARGET_ASSIGNED,1903.5977910090164,34.571672569018396,95.96534871521362,,,,,,
374.7000000000167,T02,STATION_EVENT,RECEIVE_ROUTE_ASSIGNED,1903.5977910090164,34.571672569018396,95.96534871521362,,,,,,
374.8000000000167,T02,STATION_EVENT,STOP_TARGET_ASSIGNED,1904.5549249678531,34.34197246722575,95.00220899098349,,,,,,
374.8000000000167,T02,STATION_EVENT,RECEIVE_ROUTE_ASSIGNED,1904.5549249678531,34.34197246722575,95.00220899098349,,,,,,
374.90000000001675,T02,STATION_EVENT,STOP_TARGET_ASSIGNED,1905.5060536021074,34.13928919908737,94.04507503214677,,,,,,
374.90000000001675,T02,STATION_EVENT,RECEIVE_ROUTE_ASSIGNED,1905.5060536021074,34.13928919908737,94.04507503214677,,,,,,
375.00000000001677,T02,STATION_EVENT,STOP_TARGET_ASSIGNED,1906.4511773512056,33.90962073597778,93.09394639789252,,,,,,
375.00000000001677,T02,STATION_EVENT,RECEIVE_ROUTE_ASSIGNED,1906.4511773512056,33.90962073597778,93.09394639789252,,,,,,
375.1000000000168,T02,STATION_EVENT,STOP_TARGET_ASSIGNED,1907.390296653009,33.706968993869154,92.1488226487943,,,,,,
375.1000000000168,T02,STATION_EVENT,RECEIVE_ROUTE_ASSIGNED,1907.390296653009,33.706968993869154,92.1488226487943,,,,,,
375.2000000000168,T02,STATION_EVENT,STOP_TARGET_ASSIGNED,1908.3236738396413,33.496188443646105,91.20970334699086,,,,,,
375.2000000000168,T02,STATION_EVENT,RECEIVE_ROUTE_ASSIGNED,1908.3236738396413,33.496188443646105,91.20970334699086,,,,,,
375.30000000001684,T02,STATION_EVENT,STOP_TARGET_ASSIGNED,1909.251571222751,33.312423140252584,90.27632616035862,,,,,,
375.30000000001684,T02,STATION_EVENT,RECEIVE_ROUTE_ASSIGNED,1909.251571222751,33.312423140252584,90.27632616035862,,,,,,
375.40000000001686,T02,STATION_EVENT,STOP_TARGET_ASSIGNED,1910.1739891981608,33.10167108925845,89.34842877724896,,,,,,
375.40000000001686,T02,STATION_EVENT,RECEIVE_ROUTE_ASSIGNED,1910.1739891981608,33.10167108925845,89.34842877724896,,,,,,
375.5000000000169,T02,STATION_EVENT,STOP_TARGET_ASSIGNED,1911.0901781603818,32.86393419064532,88.42601080183908,,,,,,
375.5000000000169,T02,STATION_EVENT,RECEIVE_ROUTE_ASSIGNED,1911.0901781603818,32.86393419064532,88.42601080183908,,,,,,
375.6000000000169,T02,STATION_EVENT,STOP_TARGET_ASSIGNED,1912.0001385564367,32.65321432530052,87.5098218396181,,,,,,
375.6000000000169,T02,STATION_EVENT,RECEIVE_ROUTE_ASSIGNED,1912.0001385564367,32.65321432530052,87.5098218396181,,,,,,
375.7000000000169,T02,STATION_EVENT,STOP_TARGET_ASSIGNED,1912.9040962226388,32.43173764125549,86.59986144356321,,,,,,
375.7000000000169,T02,STATION_EVENT,RECEIVE_ROUTE_ASSIGNED,1912.9040962226388,32.43173764125549,86.59986144356321,,,,,,
375.80000000001695,T02,STATION_EVENT,STOP_TARGET_ASSIGNED,1913.8022769776162,32.23727671711626,85.69590377736108,,,,,,
375.80000000001695,T02,STATION_EVENT,RECEIVE_ROUTE_ASSIGNED,1913.8022769776162,32.23727671711626,85.69590377736108,,,,,,
375.900000000017,T02,STATION_EVENT,STOP_TARGET_ASSIGNED,1914.69468123182,32.01582958555176,84.7977230223837,,,,,,
375.900000000017,T02,STATION_EVENT,RECEIVE_ROUTE_ASSIGNED,1914.69468123182,32.01582958555176,84.7977230223837,,,,,,
376.000000000017,T02,STATION_EVENT,STOP_TARGET_ASSIGNED,1915.5805593942505,31.767398109451353,83.90531876818,,,,,,
376.000000000017,T02,STATION_EVENT,RECEIVE_ROUTE_ASSIGNED,1915.5805593942505,31.767398109451353,83.90531876818,,,,,,
376.100000000017,T02,STATION_EVENT,STOP_TARGET_ASSIGNED,1916.459911925377,31.54598413165339,83.01944060574942,,,,,,
376.100000000017,T02,STATION_EVENT,RECEIVE_ROUTE_ASSIGNED,1916.459911925377,31.54598413165339,83.01944060574942,,,,,,
376.20000000001704,T02,STATION_EVENT,STOP_TARGET_ASSIGNED,1917.3329700086986,31.31419786751373,82.14008807462301,,,,,,
376.20000000001704,T02,STATION_EVENT,RECEIVE_ROUTE_ASSIGNED,1917.3329700086986,31.31419786751373,82.14008807462301,,,,,,
376.30000000001706,T02,STATION_EVENT,STOP_TARGET_ASSIGNED,1918.1999648097808,31.109427810408175,81.26702999130134,,,,,,
376.30000000001706,T02,STATION_EVENT,RECEIVE_ROUTE_ASSIGNED,1918.1999648097808,31.109427810408175,81.26702999130134,,,,,,
376.4000000000171,T02,STATION_EVENT,STOP_TARGET_ASSIGNED,1919.0608967518926,30.87767202163762,80.40003519021911,,,,,,
376.4000000000171,T02,STATION_EVENT,RECEIVE_ROUTE_ASSIGNED,1919.0608967518926,30.87767202163762,80.40003519021911,,,,,,
376.5000000000171,T02,STATION_EVENT,STOP_TARGET_ASSIGNED,1919.915766256712,30.67293232535812,79.53910324810727,,,,,,
376.5000000000171,T02,STATION_EVENT,RECEIVE_ROUTE_ASSIGNED,1919.915766256712,30.67293232535812,79.53910324810727,,,,,,
376.60000000001713,T02,STATION_EVENT,STATION_LINE_OCCUPIED,1920.764708152327,30.450884158929664,78.6842337432879,,,,,,
388.0000000000197,T02,STATION_STATE,final_approach,1975.171302392355,9.810785663775361,23.7012849461355,,,,,,
388.0000000000197,T02,EOA_UPDATE,STATION_STOP_TARGET,1975.171302392355,9.810785663775361,23.7012849461355,,,,,,
410.60000000002486,T02,STATION_STATE,aligned_stop,2000.0,0.0,-1.1489231937916884,,,,,,
410.60000000002486,T02,STATION_STATE,dwell_started,2000.0,0.0,-1.1489231937916884,,,,,,
410.60000000002486,T02,EOA_UPDATE,SAFETY_RESTRICTION,2000.0,0.0,-1.1489231937916884,,,,,,
501.10000000004544,T03,STATION_EVENT,STOP_TARGET_ASSIGNED,1808.1473310303065,25.41998215305705,190.13858445311485,,,,,,
501.10000000004544,T03,STATION_EVENT,RECEIVE_ROUTE_ASSIGNED,1808.1473310303065,25.41998215305705,190.13858445311485,,,,,,
501.20000000004546,T03,STATION_EVENT,STOP_TARGET_ASSIGNED,1808.8547111796288,25.511388598153673,189.39810762701495,,,,,,
501.20000000004546,T03,STATION_EVENT,RECEIVE_ROUTE_ASSIGNED,1808.8547111796288,25.511388598153673,189.39810762701495,,,,,,
501.3000000000455,T03,STATION_EVENT,STOP_TARGET_ASSIGNED,1809.565005316515,25.629789257660526,188.65535847022647,,,,,,
501.3000000000455,T03,STATION_EVENT,RECEIVE_ROUTE_ASSIGNED,1809.565005316515,25.629789257660526,188.65535847022647,,,,,,
501.4000000000455,T03,STATION_EVENT,STOP_TARGET_ASSIGNED,1810.2789632563322,25.775182409172526,187.90954962649607,,,,,,
501.4000000000455,T03,STATION_EVENT,RECEIVE_ROUTE_ASSIGNED,1810.2789632563322,25.775182409172526,187.90954962649607,,,,,,
501.50000000004553,T03,STATION_EVENT,STOP_TARGET_ASSIGNED,1810.9973347664559,25.947566319740428,187.15989378968789,,,,,,
501.50000000004553,T03,STATION_EVENT,RECEIVE_ROUTE_ASSIGNED,1810.9973347664559,25.947566319740428,187.15989378968789,,,,,,
501.60000000004555,T03,STATION_EVENT,STOP_TARGET_ASSIGNED,1811.7208695659444,26.14693924344385,186.40560370405797,,,,,,
501.60000000004555,T03,STATION_EVENT,RECEIVE_ROUTE_ASSIGNED,1811.7208695659444,26.14693924344385,186.40560370405797,,,,,,
501.7000000000456,T03,STATION_EVENT,STOP_TARGET_ASSIGNED,1812.4503173251446,26.373299418965008,185.64589216459512,,,,,,
501.7000000000456,T03,STATION_EVENT,RECEIVE_ROUTE_ASSIGNED,1812.4503173251446,26.373299418965008,185.64589216459512,,,,,,
501.8000000000456,T03,STATION_EVENT,STOP_TARGET_ASSIGNED,1813.1864276652298,26.62664506716311,184.87997201743497,,,,,,
501.8000000000456,T03,STATION_EVENT,RECEIVE_ROUTE_ASSIGNED,1813.1864276652298,26.62664506716311,184.87997201743497,,,,,,
501.9000000000456,T03,STATION_EVENT,STOP_TARGET_ASSIGNED,1813.9299501576716,26.90697438864948,184.10705616034556,,,,,,
501.9000000000456,T03,STATION_EVENT,RECEIVE_ROUTE_ASSIGNED,1813.9299501576716,26.90697438864948,184.10705616034556,,,,,,
502.00000000004565,T03,STATION_EVENT,STOP_TARGET_ASSIGNED,1814.681634323644,27.214285561363365,183.32635754328157,,,,,,
502.00000000004565,T03,STATION_EVENT,RECEIVE_ROUTE_ASSIGNED,1814.681634323644,27.214285561363365,183.32635754328157,,,,,,
502.10000000004567,T03,STATION_EVENT,STOP_TARGET_ASSIGNED,1815.4422296333594,27.5485767381485,182.53708916901064,,,,,,
502.10000000004567,T03,STATION_EVENT,RECEIVE_ROUTE_ASSIGNED,1815.4422296333594,27.5485767381485,182.53708916901064,,,,,,
502.2000000000457,T03,STATION_EVENT,STOP_TARGET_ASSIGNED,1816.2124421203594,27.906722325853607,181.7384640938094,,,,,,
502.2000000000457,T03,STATION_EVENT,RECEIVE_ROUTE_ASSIGNED,1816.2124421203594,27.906722325853607,181.7384640938094,,,,,,
502.3000000000457,T03,STATION_EVENT,STOP_TARGET_ASSIGNED,1816.9925977004611,28.26447944148337,180.93755787964074,,,,,,
502.3000000000457,T03,STATION_EVENT,RECEIVE_ROUTE_ASSIGNED,1816.9925977004611,28.26447944148337,180.93755787964074,,,,,,
502.40000000004574,T03,STATION_EVENT,STOP_TARGET_ASSIGNED,1817.7826855866501,28.6218483641158,180.15740229953894,,,,,,
502.40000000004574,T03,STATION_EVENT,RECEIVE_ROUTE_ASSIGNED,1817.7826855866501,28.6218483641158,180.15740229953894,,,,,,
502.50000000004576,T03,STATION_EVENT,STOP_TARGET_ASSIGNED,1818.5826949996656,28.978829372989168,179.36731441334996,,,,,,
502.50000000004576,T03,STATION_EVENT,RECEIVE_ROUTE_ASSIGNED,1818.5826949996656,28.978829372989168,179.36731441334996,,,,,,
502.6000000000458,T03,STATION_EVENT,STOP_TARGET_ASSIGNED,1819.3926151680057,29.33542274750093,178.5673050003345,,,,,,
502.6000000000458,T03,STATION_EVENT,RECEIVE_ROUTE_ASSIGNED,1819.3926151680057,29.33542274750093,178.5673050003345,,,,,,
502.7000000000458,T03,STATION_EVENT,STOP_TARGET_ASSIGNED,1820.212435327932,29.69162876720656,177.7573848319944,,,,,,
502.7000000000458,T03,STATION_EVENT,RECEIVE_ROUTE_ASSIGNED,1820.212435327932,29.69162876720656,177.7573848319944,,,,,,
502.8000000000458,T03,STATION_EVENT,STOP_TARGET_ASSIGNED,1821.0421447234742,30.047447711818453,176.937564672068,,,,,,
502.8000000000458,T03,STATION_EVENT,RECEIVE_ROUTE_ASSIGNED,1821.0421447234742,30.047447711818453,176.937564672068,,,,,,
502.90000000004585,T03,STATION_EVENT,STOP_TARGET_ASSIGNED,1821.881732606433,30.402879861204823,176.10785527652592,,,,,,
502.90000000004585,T03,STATION_EVENT,RECEIVE_ROUTE_ASSIGNED,1821.881732606433,30.402879861204823,176.10785527652592,,,,,,
503.0000000000459,T03,STATION_EVENT,STOP_TARGET_ASSIGNED,1822.7311882363856,30.75792549538858,175.26826739356716,,,,,,
503.0000000000459,T03,STATION_EVENT,RECEIVE_ROUTE_ASSIGNED,1822.7311882363856,30.75792549538858,175.26826739356716,,,,,,
503.1000000000459,T03,STATION_EVENT,STOP_TARGET_ASSIGNED,1823.5905008806903,31.11258489454621,174.41881176361449,,,,,,
503.1000000000459,T03,STATION_EVENT,RECEIVE_ROUTE_ASSIGNED,1823.5905008806903,31.11258489454621,174.41881176361449,,,,,,
503.2000000000459,T03,STATION_EVENT,STOP_TARGET_ASSIGNED,1824.4596598144897,31.466858339006688,173.55949911930975,,,,,,
503.2000000000459,T03,STATION_EVENT,RECEIVE_ROUTE_ASSIGNED,1824.4596598144897,31.466858339006688,173.55949911930975,,,,,,
503.30000000004594,T03,STATION_EVENT,STOP_TARGET_ASSIGNED,1825.3386543207155,31.82074610925037,172.69034018551042,,,,,,
503.30000000004594,T03,STATION_EVENT,RECEIVE_ROUTE_ASSIGNED,1825.3386543207155,31.82074610925037,172.69034018551042,,,,,,
503.40000000004596,T03,STATION_EVENT,STOP_TARGET_ASSIGNED,1826.2274736900927,32.174248485907874,171.8113456792846,,,,,,
503.40000000004596,T03,STATION_EVENT,RECEIVE_ROUTE_ASSIGNED,1826.2274736900927,32.174248485907874,171.8113456792846,,,,,,
503.500000000046,T03,STATION_EVENT,STOP_TARGET_ASSIGNED,1827.1261072211437,32.52736574975899,170.92252630990743,,,,,,
503.500000000046,T03,STATION_EVENT,RECEIVE_ROUTE_ASSIGNED,1827.1261072211437,32.52736574975899,170.92252630990743,,,,,,
503.600000000046,T03,STATION_EVENT,STOP_TARGET_ASSIGNED,1828.0345442201922,32.88009818173159,170.0238927788564,,,,,,
503.600000000046,T03,STATION_EVENT,RECEIVE_ROUTE_ASSIGNED,1828.0345442201922,32.88009818173159,170.0238927788564,,,,,,
503.70000000004603,T03,STATION_EVENT,STOP_TARGET_ASSIGNED,1828.9527740013675,33.232446062900515,169.11545577980792,,,,,,
503.70000000004603,T03,STATION_EVENT,RECEIVE_ROUTE_ASSIGNED,1828.9527740013675,33.232446062900515,169.11545577980792,,,,,,
503.80000000004605,T03,STATION_EVENT,STOP_TARGET_ASSIGNED,1829.880785886609,33.58440967448649,168.19722599863258,,,,,,
503.80000000004605,T03,STATION_EVENT,RECEIVE_ROUTE_ASSIGNED,1829.880785886609,33.58440967448649,168.19722599863258,,,,,,
503.9000000000461,T03,STATION_EVENT,STOP_TARGET_ASSIGNED,1830.8185692056693,33.93598929785502,167.26921411339117,,,,,,
503.9000000000461,T03,STATION_EVENT,RECEIVE_ROUTE_ASSIGNED,1830.8185692056693,33.93598929785502,167.26921411339117,,,,,,
504.0000000000461,T03,STATION_EVENT,STOP_TARGET_ASSIGNED,1831.7661132961189,34.287185214515326,166.3314307943308,,,,,,
504.0000000000461,T03,STATION_EVENT,RECEIVE_ROUTE_ASSIGNED,1831.7661132961189,34.287185214515326,166.3314307943308,,,,,,
504.1000000000461,T03,STATION_EVENT,STOP_TARGET_ASSIGNED,1832.72340750335,34.63799770611922,165.38388670388122,,,,,,
504.1000000000461,T03,STATION_EVENT,RECEIVE_ROUTE_ASSIGNED,1832.72340750335,34.63799770611922,165.38388670388122,,,,,,
504.20000000004615,T03,STATION_EVENT,STOP_TARGET_ASSIGNED,1833.6901255101077,34.96569878043157,164.42659249665007,,,,,,
504.20000000004615,T03,STATION_EVENT,RECEIVE_ROUTE_ASSIGNED,1833.6901255101077,34.96569878043157,164.42659249665007,,,,,,
504.30000000004617,T03,STATION_EVENT,STOP_TARGET_ASSIGNED,1834.665570989189,35.266375713425155,163.4598744898924,,,,,,
504.30000000004617,T03,STATION_EVENT,RECEIVE_ROUTE_ASSIGNED,1834.665570989189,35.266375713425155,163.4598744898924,,,,,,
504.4000000000462,T03,STATION_EVENT,STOP_TARGET_ASSIGNED,1835.6497432961946,35.59403039096787,162.48442901081103,,,,,,
504.4000000000462,T03,STATION_EVENT,RECEIVE_ROUTE_ASSIGNED,1835.6497432961946,35.59403039096787,162.48442901081103,,,,,,
504.5000000000462,T03,STATION_EVENT,STOP_TARGET_ASSIGNED,1836.6426417835949,35.89466070185049,161.50025670380546,,,,,,
504.5000000000462,T03,STATION_EVENT,RECEIVE_ROUTE_ASSIGNED,1836.6426417835949,35.89466070185049,161.50025670380546,,,,,,
504.60000000004624,T03,STATION_EVENT,STOP_TARGET_ASSIGNED,1837.6435158009936,36.168268550856986,160.50735821640524,,,,,,
504.60000000004624,T03,STATION_EVENT,RECEIVE_ROUTE_ASSIGNED,1837.6435158009936,36.168268550856986,160.50735821640524,,,,,,
504.70000000004626,T03,STATION_EVENT,STOP_TARGET_ASSIGNED,1838.6518069995639,36.42869774620267,159.50648419900654,,,,,,
504.70000000004626,T03,STATION_EVENT,RECEIVE_ROUTE_ASSIGNED,1838.6518069995639,36.42869774620267,159.50648419900654,,,,,,
504.8000000000463,T03,STATION_EVENT,STOP_TARGET_ASSIGNED,1839.6669570699694,36.66210732298789,158.49819300043623,,,,,,
504.8000000000463,T03,STATION_EVENT,RECEIVE_ROUTE_ASSIGNED,1839.6669570699694,36.66210732298789,158.49819300043623,,,,,,
504.9000000000463,T03,STATION_EVENT,STOP_TARGET_ASSIGNED,1840.6882547943114,36.871328829640376,157.4830429300307,,,,,,
504.9000000000463,T03,STATION_EVENT,RECEIVE_ROUTE_ASSIGNED,1840.6882547943114,36.871328829640376,157.4830429300307,,,,,,
505.0000000000463,T03,STATION_EVENT,STOP_TARGET_ASSIGNED,1841.714989006757,37.05353446644218,156.46174520568866,,,,,,
505.0000000000463,T03,STATION_EVENT,RECEIVE_ROUTE_ASSIGNED,1841.714989006757,37.05353446644218,156.46174520568866,,,,,,
505.10000000004635,T03,STATION_EVENT,STOP_TARGET_ASSIGNED,1842.746742356258,37.232706697631,155.43501099324317,,,,,,
505.10000000004635,T03,STATION_EVENT,RECEIVE_ROUTE_ASSIGNED,1842.746742356258,37.232706697631,155.43501099324317,,,,,,
505.2000000000464,T03,STATION_EVENT,STOP_TARGET_ASSIGNED,1843.7830975223824,37.38486526332975,154.4032576437421,,,,,,
505.2000000000464,T03,STATION_EVENT,RECEIVE_ROUTE_ASSIGNED,1843.7830975223824,37.38486526332975,154.4032576437421,,,,,,
505.3000000000464,T03,STATION_EVENT,STOP_TARGET_ASSIGNED,1844.8233346121679,37.51220520122012,153.3669024776177,,,,,,
505.3000000000464,T03,STATION_EVENT,RECEIVE_ROUTE_ASSIGNED,1844.8233346121679,37.51220520122012,153.3669024776177,,,,,,
505.4000000000464,T03,STATION_EVENT,STOP_TARGET_ASSIGNED,1845.8667337869579,37.612535383663605,152.32666538783224,,,,,,
505.4000000000464,T03,STATION_EVENT,RECEIVE_ROUTE_ASSIGNED,1845.8667337869579,37.612535383663605,152.32666538783224,,,,,,
505.50000000004644,T03,STATION_EVENT,STOP_TARGET_ASSIGNED,1846.9128656875635,37.70896145994016,151.28326621304222,,,,,,
505.50000000004644,T03,STATION_EVENT,RECEIVE_ROUTE_ASSIGNED,1846.9128656875635,37.70896145994016,151.28326621304222,,,,,,
505.60000000004646,T03,STATION_EVENT,STOP_TARGET_ASSIGNED,1847.9616828263718,37.80587253425368,150.23713431243664,,,,,,
505.60000000004646,T03,STATION_EVENT,RECEIVE_ROUTE_ASSIGNED,1847.9616828263718,37.80587253425368,150.23713431243664,,,,,,
505.7000000000465,T03,STATION_EVENT,STOP_TARGET_ASSIGNED,1849.0128168358892,37.87577615099977,149.18831717362832,,,,,,
505.7000000000465,T03,STATION_EVENT,RECEIVE_ROUTE_ASSIGNED,1849.0128168358892,37.87577615099977,149.18831717362832,,,,,,
505.8000000000465,T03,STATION_EVENT,STOP_TARGET_ASSIGNED,1850.0657352081762,37.93434665366758,148.13718316411087,,,,,,
505.8000000000465,T03,STATION_EVENT,RECEIVE_ROUTE_ASSIGNED,1850.0657352081762,37.93434665366758,148.13718316411087,,,,,,
505.90000000004653,T03,STATION_EVENT,STOP_TARGET_ASSIGNED,1851.12008789,37.97904643764639,147.0842647918239,,,,,,
505.90000000004653,T03,STATION_EVENT,RECEIVE_ROUTE_ASSIGNED,1851.12008789,37.97904643764639,147.0842647918239,,,,,,
506.00000000004655,T03,STATION_EVENT,STOP_TARGET_ASSIGNED,1852.1757812651067,38.0308765700362,146.02991211000017,,,,,,
506.00000000004655,T03,STATION_EVENT,RECEIVE_ROUTE_ASSIGNED,1852.1757812651067,38.0308765700362,146.02991211000017,,,,,,
506.1000000000466,T03,STATION_EVENT,STOP_TARGET_ASSIGNED,1853.2329161688265,38.0828364977792,144.97421873489338,,,,,,
506.1000000000466,T03,STATION_EVENT,RECEIVE_ROUTE_ASSIGNED,1853.2329161688265,38.0828364977792,144.97421873489338,,,,,,
506.2000000000466,T03,STATION_EVENT,STOP_TARGET_ASSIGNED,1854.2911193480982,38.107792409778604,143.9170838311736,,,,,,
506.2000000000466,T03,STATION_EVENT,RECEIVE_ROUTE_ASSIGNED,1854.2911193480982,38.107792409778604,143.9170838311736,,,,,,
506.3000000000466,T03,STATION_EVENT,STOP_TARGET_ASSIGNED,1855.3498529953035,38.121030189004784,142.85888065190193,,,,,,
506.3000000000466,T03,STATION_EVENT,RECEIVE_ROUTE_ASSIGNED,1855.3498529953035,38.121030189004784,142.85888065190193,,,,,,
506.40000000004665,T03,STATION_EVENT,STOP_TARGET_ASSIGNED,1856.4089520609662,38.134102538703,141.80014700469656,,,,,,
506.40000000004665,T03,STATION_EVENT,RECEIVE_ROUTE_ASSIGNED,1856.4089520609662,38.134102538703,141.80014700469656,,,,,,
506.50000000004667,T03,STATION_EVENT,STOP_TARGET_ASSIGNED,1857.4684119499964,38.14700947147803,140.74104793903393,,,,,,
506.50000000004667,T03,STATION_EVENT,RECEIVE_ROUTE_ASSIGNED,1857.4684119499964,38.14700947147803,140.74104793903393,,,,,,
506.6000000000467,T03,STATION_EVENT,STOP_TARGET_ASSIGNED,1858.528228067655,38.159750999940904,139.6815880500037,,,,,,
506.6000000000467,T03,STATION_EVENT,RECEIVE_ROUTE_ASSIGNED,1858.528228067655,38.159750999940904,139.6815880500037,,,,,,
506.7000000000467,T03,STATION_EVENT,STOP_TARGET_ASSIGNED,1859.588395819553,38.172327136708795,138.62177193234515,,,,,,
506.7000000000467,T03,STATION_EVENT,RECEIVE_ROUTE_ASSIGNED,1859.588395819553,38.172327136708795,138.62177193234515,,,,,,
506.80000000004674,T03,STATION_EVENT,STOP_TARGET_ASSIGNED,1860.6489106116517,38.184737894404904,137.56160418044715,,,,,,
506.80000000004674,T03,STATION_EVENT,RECEIVE_ROUTE_ASSIGNED,1860.6489106116517,38.184737894404904,137.56160418044715,,,,,,
506.90000000004676,T03,STATION_EVENT,STOP_TARGET_ASSIGNED,1861.7097678502637,38.196983285658405,136.50108938834842,,,,,,
506.90000000004676,T03,STATION_EVENT,RECEIVE_ROUTE_ASSIGNED,1861.7097678502637,38.196983285658405,136.50108938834842,,,,,,
507.0000000000468,T03,STATION_EVENT,STOP_TARGET_ASSIGNED,1862.7709629420522,38.209063323104324,135.4402321497364,,,,,,
507.0000000000468,T03,STATION_EVENT,RECEIVE_ROUTE_ASSIGNED,1862.7709629420522,38.209063323104324,135.4402321497364,,,,,,
507.1000000000468,T03,STATION_EVENT,STOP_TARGET_ASSIGNED,1863.8324912940311,38.22097801938347,134.37903705794793,,,,,,
507.1000000000468,T03,STATION_EVENT,RECEIVE_ROUTE_ASSIGNED,1863.8324912940311,38.22097801938347,134.37903705794793,,,,,,
507.2000000000468,T03,STATION_EVENT,STOP_TARGET_ASSIGNED,1864.8943483135663,38.23272738714233,133.31750870596898,,,,,,
507.2000000000468,T03,STATION_EVENT,RECEIVE_ROUTE_ASSIGNED,1864.8943483135663,38.23272738714233,133.31750870596898,,,,,,
507.30000000004685,T03,STATION_EVENT,STOP_TARGET_ASSIGNED,1865.9565294083743,38.24431143903296,132.2556516864338,,,,,,
507.30000000004685,T03,STATION_EVENT,RECEIVE_ROUTE_ASSIGNED,1865.9565294083743,38.24431143903296,132.2556516864338,,,,,,
507.4000000000469,T03,STATION_EVENT,STOP_TARGET_ASSIGNED,1867.0190299865235,38.255730187712935,131.19347059162578,,,,,,
507.4000000000469,T03,STATION_EVENT,RECEIVE_ROUTE_ASSIGNED,1867.0190299865235,38.255730187712935,131.19347059162578,,,,,,
507.5000000000469,T03,STATION_EVENT,STOP_TARGET_ASSIGNED,1868.081845456434,38.266983645845215,130.1309700134766,,,,,,
507.5000000000469,T03,STATION_EVENT,RECEIVE_ROUTE_ASSIGNED,1868.081845456434,38.266983645845215,130.1309700134766,,,,,,
507.6000000000469,T03,STATION_EVENT,STOP_TARGET_ASSIGNED,1869.1449712268775,38.27807182609808,129.06815454356615,,,,,,
507.6000000000469,T03,STATION_EVENT,RECEIVE_ROUTE_ASSIGNED,1869.1449712268775,38.27807182609808,129.06815454356615,,,,,,
507.70000000004694,T03,STATION_EVENT,STOP_TARGET_ASSIGNED,1870.2084027069782,38.288994741145025,128.0050287731226,,,,,,
507.70000000004694,T03,STATION_EVENT,RECEIVE_ROUTE_ASSIGNED,1870.2084027069782,38.288994741145025,128.0050287731226,,,,,,
507.80000000004696,T03,STATION_EVENT,STOP_TARGET_ASSIGNED,1871.2721353062116,38.29975240366467,126.94159729302191,,,,,,
507.80000000004696,T03,STATION_EVENT,RECEIVE_ROUTE_ASSIGNED,1871.2721353062116,38.29975240366467,126.94159729302191,,,,,,
507.900000000047,T03,STATION_EVENT,STOP_TARGET_ASSIGNED,1872.335791717817,38.28350923193507,125.87786469378852,,,,,,
507.900000000047,T03,STATION_EVENT,RECEIVE_ROUTE_ASSIGNED,1872.335791717817,38.28350923193507,125.87786469378852,,,,,,
508.000000000047,T03,STATION_EVENT,STOP_TARGET_ASSIGNED,1873.398830526614,38.25528500143874,124.81420828218302,,,,,,
508.000000000047,T03,STATION_EVENT,RECEIVE_ROUTE_ASSIGNED,1873.398830526614,38.25528500143874,124.81420828218302,,,,,,
508.10000000004703,T03,STATION_EVENT,STOP_TARGET_ASSIGNED,1874.4610790030408,38.22660530129454,123.7511694733862,,,,,,
508.10000000004703,T03,STATION_EVENT,RECEIVE_ROUTE_ASSIGNED,1874.4610790030408,38.22660530129454,123.7511694733862,,,,,,
508.20000000004705,T03,STATION_EVENT,STOP_TARGET_ASSIGNED,1875.5225244956407,38.19747016590451,122.68892099695927,,,,,,
508.20000000004705,T03,STATION_EVENT,RECEIVE_ROUTE_ASSIGNED,1875.5225244956407,38.19747016590451,122.68892099695927,,,,,,
508.3000000000471,T03,STATION_EVENT,STOP_TARGET_ASSIGNED,1876.583535710268,38.19533728725856,121.62747550435938,,,,,,
508.3000000000471,T03,STATION_EVENT,RECEIVE_ROUTE_ASSIGNED,1876.583535710268,38.19533728725856,121.62747550435938,,,,,,
508.4000000000471,T03,STATION_EVENT,STOP_TARGET_ASSIGNED,1877.6446241760568,38.20303224953666,120.56646428973204,,,,,,
508.4000000000471,T03,STATION_EVENT,RECEIVE_ROUTE_ASSIGNED,1877.6446241760568,38.20303224953666,120.56646428973204,,,,,,
508.5000000000471,T03,STATION_EVENT,STOP_TARGET_ASSIGNED,1878.705551382521,38.18372661588966,119.50537582394327,,,,,,
508.5000000000471,T03,STATION_EVENT,RECEIVE_ROUTE_ASSIGNED,1878.705551382521,38.18372661588966,119.50537582394327,,,,,,
508.60000000004715,T03,STATION_EVENT,STOP_TARGET_ASSIGNED,1879.765637189079,38.14245145628609,118.44444861747911,,,,,,
508.60000000004715,T03,STATION_EVENT,RECEIVE_ROUTE_ASSIGNED,1879.765637189079,38.14245145628609,118.44444861747911,,,,,,
508.70000000004717,T03,STATION_EVENT,STOP_TARGET_ASSIGNED,1880.8243404195696,38.08418113903755,117.38436281092117,,,,,,
508.70000000004717,T03,STATION_EVENT,RECEIVE_ROUTE_ASSIGNED,1880.8243404195696,38.08418113903755,117.38436281092117,,,,,,
508.8000000000472,T03,STATION_EVENT,STOP_TARGET_ASSIGNED,1881.8816401288798,38.0413979312988,117.07565958043051,,,,,,
508.8000000000472,T03,STATION_EVENT,RECEIVE_ROUTE_ASSIGNED,1881.8816401288798,38.0413979312988,117.07565958043051,,,,,,
508.9000000000472,T03,STATION_EVENT,STOP_TARGET_ASSIGNED,1882.9373764616805,37.971618030359245,116.01835987112031,,,,,,
508.9000000000472,T03,STATION_EVENT,RECEIVE_ROUTE_ASSIGNED,1882.9373764616805,37.971618030359245,116.01835987112031,,,,,,
509.00000000004724,T03,STATION_EVENT,STOP_TARGET_ASSIGNED,1883.990845403503,37.87814578087098,114.96262353831958,,,,,,
509.00000000004724,T03,STATION_EVENT,RECEIVE_ROUTE_ASSIGNED,1883.990845403503,37.87814578087098,114.96262353831958,,,,,,
509.10000000004726,T03,STATION_EVENT,STOP_TARGET_ASSIGNED,1885.0414741229763,37.76712202119719,113.90915459649705,,,,,,
509.10000000004726,T03,STATION_EVENT,RECEIVE_ROUTE_ASSIGNED,1885.0414741229763,37.76712202119719,113.90915459649705,,,,,,
509.2000000000473,T03,STATION_EVENT,STOP_TARGET_ASSIGNED,1886.0887726296266,37.63837045762523,112.8585258770238,,,,,,
509.2000000000473,T03,STATION_EVENT,RECEIVE_ROUTE_ASSIGNED,1886.0887726296266,37.63837045762523,112.8585258770238,,,,,,
509.3000000000473,T03,STATION_EVENT,STOP_TARGET_ASSIGNED,1887.132246109478,37.49172009167442,111.81122737037344,,,,,,
509.3000000000473,T03,STATION_EVENT,RECEIVE_ROUTE_ASSIGNED,1887.132246109478,37.49172009167442,111.81122737037344,,,,,,
509.4000000000473,T03,STATION_EVENT,STOP_TARGET_ASSIGNED,1888.1713950952674,37.32700688516213,110.76775389052204,,,,,,
509.4000000000473,T03,STATION_EVENT,RECEIVE_ROUTE_ASSIGNED,1888.1713950952674,37.32700688516213,110.76775389052204,,,,,,
509.50000000004735,T03,STATION_EVENT,STOP_TARGET_ASSIGNED,1889.2063438893679,37.189306290074526,109.72860490473272,,,,,,
509.50000000004735,T03,STATION_EVENT,RECEIVE_ROUTE_ASSIGNED,1889.2063438893679,37.189306290074526,109.72860490473272,,,,,,
509.6000000000474,T03,STATION_EVENT,STOP_TARGET_ASSIGNED,1890.2371119002753,37.02599049525976,108.69365611063222,,,,,,
509.6000000000474,T03,STATION_EVENT,RECEIVE_ROUTE_ASSIGNED,1890.2371119002753,37.02599049525976,108.69365611063222,,,,,,
509.7000000000474,T03,STATION_EVENT,STOP_TARGET_ASSIGNED,1891.2634060544997,36.86718860889239,107.6628880997248,,,,,,
509.7000000000474,T03,STATION_EVENT,RECEIVE_ROUTE_ASSIGNED,1891.2634060544997,36.86718860889239,107.6628880997248,,,,,,
509.8000000000474,T03,STATION_EVENT,STOP_TARGET_ASSIGNED,1892.2849142129521,36.68139879968896,106.63659394550041,,,,,,
509.8000000000474,T03,STATION_EVENT,RECEIVE_ROUTE_ASSIGNED,1892.2849142129521,36.68139879968896,106.63659394550041,,,,,,
509.90000000004744,T03,STATION_EVENT,STOP_TARGET_ASSIGNED,1893.3016367391222,36.522623084561076,105.61508578704797,,,,,,
509.90000000004744,T03,STATION_EVENT,RECEIVE_ROUTE_ASSIGNED,1893.3016367391222,36.522623084561076,105.61508578704797,,,,,,
510.00000000004746,T03,STATION_EVENT,STOP_TARGET_ASSIGNED,1894.3135739956274,36.336859383817064,104.59836326087793,,,,,,
510.00000000004746,T03,STATION_EVENT,RECEIVE_ROUTE_ASSIGNED,1894.3135739956274,36.336859383817064,104.59836326087793,,,,,,
510.1000000000475,T03,STATION_EVENT,STOP_TARGET_ASSIGNED,1895.3200677554482,36.130691323281646,103.5864260043727,,,,,,
510.1000000000475,T03,STATION_EVENT,RECEIVE_ROUTE_ASSIGNED,1895.3200677554482,36.130691323281646,103.5864260043727,,,,,,
510.2000000000475,T03,STATION_EVENT,STOP_TARGET_ASSIGNED,1896.3212098402007,35.951538778903,102.57993224455186,,,,,,
510.2000000000475,T03,STATION_EVENT,RECEIVE_ROUTE_ASSIGNED,1896.3212098402007,35.951538778903,102.57993224455186,,,,,,
510.30000000004753,T03,STATION_EVENT,STOP_TARGET_ASSIGNED,1897.3170067243286,35.745836878305084,101.57879015979938,,,,,,
510.30000000004753,T03,STATION_EVENT,RECEIVE_ROUTE_ASSIGNED,1897.3170067243286,35.745836878305084,101.57879015979938,,,,,,
510.40000000004756,T03,STATION_EVENT,STOP_TARGET_ASSIGNED,1898.3071626711114,35.54539129006022,100.58299327567147,,,,,,
510.40000000004756,T03,STATION_EVENT,RECEIVE_ROUTE_ASSIGNED,1898.3071626711114,35.54539129006022,100.58299327567147,,,,,,
510.5000000000476,T03,STATION_EVENT,STOP_TARGET_ASSIGNED,1899.2921258925887,35.3719606563066,99.59283732888866,,,,,,
510.5000000000476,T03,STATION_EVENT,RECEIVE_ROUTE_ASSIGNED,1899.2921258925887,35.3719606563066,99.59283732888866,,,,,,
510.6000000000476,T03,STATION_EVENT,STOP_TARGET_ASSIGNED,1900.2718967756698,35.17154292553699,98.60787410741136,,,,,,
510.6000000000476,T03,STATION_EVENT,RECEIVE_ROUTE_ASSIGNED,1900.2718967756698,35.17154292553699,98.60787410741136,,,,,,
510.7000000000476,T03,STATION_EVENT,STOP_TARGET_ASSIGNED,1901.245725706079,34.94414006392624,97.62810322433029,,,,,,
510.7000000000476,T03,STATION_EVENT,RECEIVE_ROUTE_ASSIGNED,1901.245725706079,34.94414006392624,97.62810322433029,,,,,,
510.80000000004765,T03,STATION_EVENT,STOP_TARGET_ASSIGNED,1902.213613123904,34.74375401947506,96.65427429392116,,,,,,
510.80000000004765,T03,STATION_EVENT,RECEIVE_ROUTE_ASSIGNED,1902.213613123904,34.74375401947506,96.65427429392116,,,,,,
510.90000000004767,T03,STATION_EVENT,STOP_TARGET_ASSIGNED,1903.1758597150426,34.538000542511355,95.6863868760961,,,,,,
510.90000000004767,T03,STATION_EVENT,RECEIVE_ROUTE_ASSIGNED,1903.1758597150426,34.538000542511355,95.6863868760961,,,,,,
511.0000000000477,T03,STATION_EVENT,STOP_TARGET_ASSIGNED,1904.1327661418322,34.35926218634262,94.72414028495746,,,,,,
511.0000000000477,T03,STATION_EVENT,RECEIVE_ROUTE_ASSIGNED,1904.1327661418322,34.35926218634262,94.72414028495746,,,,,,
511.1000000000477,T03,STATION_EVENT,STOP_TARGET_ASSIGNED,1905.0843327961904,34.15353692745162,93.76723385816786,,,,,,
511.1000000000477,T03,STATION_EVENT,RECEIVE_ROUTE_ASSIGNED,1905.0843327961904,34.15353692745162,93.76723385816786,,,,,,
511.20000000004774,T03,STATION_EVENT,STOP_TARGET_ASSIGNED,1906.0298100687855,33.92082669939653,92.81566720380965,,,,,,
511.20000000004774,T03,STATION_EVENT,RECEIVE_ROUTE_ASSIGNED,1906.0298100687855,33.92082669939653,92.81566720380965,,,,,,
511.30000000004776,T03,STATION_EVENT,STOP_TARGET_ASSIGNED,1906.9691984037368,33.715133417088694,91.87018993121455,,,,,,
511.30000000004776,T03,STATION_EVENT,RECEIVE_ROUTE_ASSIGNED,1906.9691984037368,33.715133417088694,91.87018993121455,,,,,,
511.4000000000478,T03,STATION_EVENT,STOP_TARGET_ASSIGNED,1907.9027592198197,33.50124534088774,90.93080159626334,,,,,,
511.4000000000478,T03,STATION_EVENT,RECEIVE_ROUTE_ASSIGNED,1907.9027592198197,33.50124534088774,90.93080159626334,,,,,,
511.5000000000478,T03,STATION_EVENT,STOP_TARGET_ASSIGNED,1908.830753915358,33.314372737870535,89.99724078018039,,,,,,
511.5000000000478,T03,STATION_EVENT,RECEIVE_ROUTE_ASSIGNED,1908.830753915358,33.314372737870535,89.99724078018039,,,,,,
511.6000000000478,T03,STATION_EVENT,STOP_TARGET_ASSIGNED,1909.7531828924405,33.10051361206581,89.06924608464215,,,,,,
511.6000000000478,T03,STATION_EVENT,RECEIVE_ROUTE_ASSIGNED,1909.7531828924405,33.10051361206581,89.06924608464215,,,,,,
511.70000000004785,T03,STATION_EVENT,STOP_TARGET_ASSIGNED,1910.669296551804,32.85966986212467,88.14681710755963,,,,,,
511.70000000004785,T03,STATION_EVENT,RECEIVE_ROUTE_ASSIGNED,1910.669296551804,32.85966986212467,88.14681710755963,,,,,,
511.8000000000479,T03,STATION_EVENT,STOP_TARGET_ASSIGNED,1911.5790953466576,32.645843367324744,87.23070344819598,,,,,,
511.8000000000479,T03,STATION_EVENT,RECEIVE_ROUTE_ASSIGNED,1911.5790953466576,32.645843367324744,87.23070344819598,,,,,,
511.9000000000479,T03,STATION_EVENT,STOP_TARGET_ASSIGNED,1912.4827999311124,32.4208867134122,86.3209046533425,,,,,,
511.9000000000479,T03,STATION_EVENT,RECEIVE_ROUTE_ASSIGNED,1912.4827999311124,32.4208867134122,86.3209046533425,,,,,,
512.0000000000479,T03,STATION_EVENT,STOP_TARGET_ASSIGNED,1913.3806309419203,32.222946064756925,85.41720006888772,,,,,,
512.0000000000479,T03,STATION_EVENT,RECEIVE_ROUTE_ASSIGNED,1913.3806309419203,32.222946064756925,85.41720006888772,,,,,,
512.1000000000479,T03,STATION_EVENT,STOP_TARGET_ASSIGNED,1914.2725887963297,31.998019452714463,84.51936905807975,,,,,,
512.1000000000479,T03,STATION_EVENT,RECEIVE_ROUTE_ASSIGNED,1914.2725887963297,31.998019452714463,84.51936905807975,,,,,,
512.2000000000479,T03,STATION_EVENT,STOP_TARGET_ASSIGNED,1915.158673910091,31.80010873810575,83.62741120367036,,,,,,
512.2000000000479,T03,STATION_EVENT,RECEIVE_ROUTE_ASSIGNED,1915.158673910091,31.80010873810575,83.62741120367036,,,,,,
512.3000000000479,T03,STATION_EVENT,STOP_TARGET_ASSIGNED,1916.038886697634,31.575211965001568,82.74132608990908,,,,,,
512.3000000000479,T03,STATION_EVENT,RECEIVE_ROUTE_ASSIGNED,1916.038886697634,31.575211965001568,82.74132608990908,,,,,,
512.400000000048,T03,STATION_EVENT,STOP_TARGET_ASSIGNED,1916.9127065237408,31.3398155146739,81.861113302366,,,,,,
512.400000000048,T03,STATION_EVENT,RECEIVE_ROUTE_ASSIGNED,1916.9127065237408,31.3398155146739,81.861113302366,,,,,,
512.500000000048,T03,STATION_EVENT,STOP_TARGET_ASSIGNED,1917.7803627882638,31.13143553098541,80.98729347625931,,,,,,
512.500000000048,T03,STATION_EVENT,RECEIVE_ROUTE_ASSIGNED,1917.7803627882638,31.13143553098541,80.98729347625931,,,,,,
512.600000000048,T03,STATION_EVENT,STOP_TARGET_ASSIGNED,1918.6418559216481,30.896070072684278,80.11963721173629,,,,,,
512.600000000048,T03,STATION_EVENT,RECEIVE_ROUTE_ASSIGNED,1918.6418559216481,30.896070072684278,80.11963721173629,,,,,,
512.700000000048,T03,STATION_EVENT,STOP_TARGET_ASSIGNED,1919.4971863526966,30.687720962803237,79.25814407835196,,,,,,
512.700000000048,T03,STATION_EVENT,RECEIVE_ROUTE_ASSIGNED,1919.4971863526966,30.687720962803237,79.25814407835196,,,,,,
512.800000000048,T03,STATION_EVENT,STATION_LINE_OCCUPIED,1920.346483665297,30.461685544423904,78.40281364730345,,,,,,
524.4000000000507,T03,STATION_STATE,final_approach,1975.1242413988743,9.794280282343864,23.047887447119365,,,,,,
524.4000000000507,T03,EOA_UPDATE,STATION_STOP_TARGET,1975.1242413988743,9.794280282343864,23.047887447119365,,,,,,
547.1000000000558,T03,STATION_STATE,aligned_stop,2000.0,0.0,-1.1485804943342828,,,,,,
547.1000000000558,T03,STATION_STATE,dwell_started,2000.0,0.0,-1.1485804943342828,,,,,,
547.1000000000558,T03,EOA_UPDATE,SAFETY_RESTRICTION,2000.0,0.0,-1.1485804943342828,,,,,,
565.40000000006,T04,STATION_EVENT,STOP_TARGET_ASSIGNED,1806.0601391965135,26.10642924025232,192.8708680191196,,,,,,
565.40000000006,T04,STATION_EVENT,RECEIVE_ROUTE_ASSIGNED,1806.0601391965135,26.10642924025232,192.8708680191196,,,,,,
565.50000000006,T04,STATION_EVENT,STOP_TARGET_ASSIGNED,1806.7884939850258,26.335115532629057,192.1846096672375,,,,,,
565.50000000006,T04,STATION_EVENT,RECEIVE_ROUTE_ASSIGNED,1806.7884939850258,26.335115532629057,192.1846096672375,,,,,,
565.60000000006,T04,STATION_EVENT,STOP_TARGET_ASSIGNED,1807.5235759668456,26.59078715839531,191.4926726181509,,,,,,
565.60000000006,T04,STATION_EVENT,RECEIVE_ROUTE_ASSIGNED,1807.5235759668456,26.59078715839531,191.4926726181509,,,,,,
565.7000000000601,T04,STATION_EVENT,STOP_TARGET_ASSIGNED,1808.2661347095743,26.87344231807045,190.7943447354221,,,,,,
565.7000000000601,T04,STATION_EVENT,RECEIVE_ROUTE_ASSIGNED,1808.2661347095743,26.87344231807045,190.7943447354221,,,,,,
565.8000000000601,T04,STATION_EVENT,STOP_TARGET_ASSIGNED,1809.01691973051,27.1830791892926,190.0889139298297,,,,,,
565.8000000000601,T04,STATION_EVENT,RECEIVE_ROUTE_ASSIGNED,1809.01691973051,27.1830791892926,190.0889139298297,,,,,,
565.9000000000601,T04,STATION_EVENT,STOP_TARGET_ASSIGNED,1809.7766804959779,27.51969592439526,189.37566815994091,,,,,,
565.9000000000601,T04,STATION_EVENT,RECEIVE_ROUTE_ASSIGNED,1809.7766804959779,27.51969592439526,189.37566815994091,,,,,,
566.0000000000601,T04,STATION_EVENT,STOP_TARGET_ASSIGNED,1810.5460911731532,27.877872832228356,188.65389543274637,,,,,,
566.0000000000601,T04,STATION_EVENT,RECEIVE_ROUTE_ASSIGNED,1810.5460911731532,27.877872832228356,188.65389543274637,,,,,,
566.1000000000602,T04,STATION_EVENT,STOP_TARGET_ASSIGNED,1811.3254458131216,28.235661245501493,187.92295528942986,,,,,,
566.1000000000602,T04,STATION_EVENT,RECEIVE_ROUTE_ASSIGNED,1811.3254458131216,28.235661245501493,187.92295528942986,,,,,,
566.2000000000602,T04,STATION_EVENT,STOP_TARGET_ASSIGNED,1812.1147336282436,28.593061443279712,187.18256838145976,,,,,,
566.2000000000602,T04,STATION_EVENT,RECEIVE_ROUTE_ASSIGNED,1812.1147336282436,28.593061443279712,187.18256838145976,,,,,,
566.3000000000602,T04,STATION_EVENT,STOP_TARGET_ASSIGNED,1812.9139438386335,28.950073704788423,186.43274495709397,,,,,,
566.3000000000602,T04,STATION_EVENT,RECEIVE_ROUTE_ASSIGNED,1812.9139438386335,28.950073704788423,186.43274495709397,,,,,,
566.4000000000602,T04,STATION_EVENT,STOP_TARGET_ASSIGNED,1813.7230619348024,29.306429219380867,185.67349525722352,,,,,,
566.4000000000602,T04,STATION_EVENT,RECEIVE_ROUTE_ASSIGNED,1813.7230619348024,29.306429219380867,185.67349525722352,,,,,,
566.5000000000603,T04,STATION_EVENT,STOP_TARGET_ASSIGNED,1814.5420771564468,29.662666739010344,184.90483306586293,,,,,,
566.5000000000603,T04,STATION_EVENT,RECEIVE_ROUTE_ASSIGNED,1814.5420771564468,29.662666739010344,184.90483306586293,,,,,,
566.6000000000603,T04,STATION_EVENT,STOP_TARGET_ASSIGNED,1815.3709824883883,30.018517160786327,184.12676860530087,,,,,,
566.6000000000603,T04,STATION_EVENT,RECEIVE_ROUTE_ASSIGNED,1815.3709824883883,30.018517160786327,184.12676860530087,,,,,,
566.7000000000603,T04,STATION_EVENT,STOP_TARGET_ASSIGNED,1816.209707009257,30.36964834175748,183.3393085399564,,,,,,
566.7000000000603,T04,STATION_EVENT,RECEIVE_ROUTE_ASSIGNED,1816.209707009257,30.36964834175748,183.3393085399564,,,,,,
566.8000000000603,T04,STATION_EVENT,STOP_TARGET_ASSIGNED,1817.0582400434419,30.724730119553353,182.54029299074296,,,,,,
566.8000000000603,T04,STATION_EVENT,RECEIVE_ROUTE_ASSIGNED,1817.0582400434419,30.724730119553353,182.54029299074296,,,,,,
566.9000000000603,T04,STATION_EVENT,STOP_TARGET_ASSIGNED,1817.9166310956039,31.079425636108294,181.69175995655814,,,,,,
566.9000000000603,T04,STATION_EVENT,RECEIVE_ROUTE_ASSIGNED,1817.9166310956039,31.079425636108294,181.69175995655814,,,,,,
567.0000000000604,T04,STATION_EVENT,STOP_TARGET_ASSIGNED,1818.7847523986054,31.42530817999908,180.83336890439614,,,,,,
567.0000000000604,T04,STATION_EVENT,RECEIVE_ROUTE_ASSIGNED,1818.7847523986054,31.42530817999908,180.83336890439614,,,,,,
567.1000000000604,T04,STATION_EVENT,STOP_TARGET_ASSIGNED,1819.662593362083,31.779241190388994,179.9652476013946,,,,,,
567.1000000000604,T04,STATION_EVENT,RECEIVE_ROUTE_ASSIGNED,1819.662593362083,31.779241190388994,179.9652476013946,,,,,,
567.2000000000604,T04,STATION_EVENT,STOP_TARGET_ASSIGNED,1820.5502604449252,32.132788774256035,179.08740663791696,,,,,,
567.2000000000604,T04,STATION_EVENT,RECEIVE_ROUTE_ASSIGNED,1820.5502604449252,32.132788774256035,179.08740663791696,,,,,,
567.3000000000604,T04,STATION_EVENT,STOP_TARGET_ASSIGNED,1821.447567879898,32.47334654379556,178.19973955507476,,,,,,
567.3000000000604,T04,STATION_EVENT,RECEIVE_ROUTE_ASSIGNED,1821.447567879898,32.47334654379556,178.19973955507476,,,,,,
567.4000000000605,T04,STATION_EVENT,STOP_TARGET_ASSIGNED,1822.3541727791903,32.80220620524582,177.3024321201019,,,,,,
567.4000000000605,T04,STATION_EVENT,RECEIVE_ROUTE_ASSIGNED,1822.3541727791903,32.80220620524582,177.3024321201019,,,,,,
567.5000000000605,T04,STATION_EVENT,STOP_TARGET_ASSIGNED,1823.2702400739377,33.15463901656174,176.39582722080968,,,,,,
567.5000000000605,T04,STATION_EVENT,RECEIVE_ROUTE_ASSIGNED,1823.2702400739377,33.15463901656174,176.39582722080968,,,,,,
567.6000000000605,T04,STATION_EVENT,STOP_TARGET_ASSIGNED,1824.1959065771712,33.49334921624413,175.47975992606234,,,,,,
567.6000000000605,T04,STATION_EVENT,RECEIVE_ROUTE_ASSIGNED,1824.1959065771712,33.49334921624413,175.47975992606234,,,,,,
567.7000000000605,T04,STATION_EVENT,STOP_TARGET_ASSIGNED,1825.1308184900133,33.8203085083873,174.55409342282883,,,,,,
567.7000000000605,T04,STATION_EVENT,RECEIVE_ROUTE_ASSIGNED,1825.1308184900133,33.8203085083873,174.55409342282883,,,,,,
567.8000000000605,T04,STATION_EVENT,STOP_TARGET_ASSIGNED,1826.0751509789052,34.17163069182223,173.61918150998667,,,,,,
567.8000000000605,T04,STATION_EVENT,RECEIVE_ROUTE_ASSIGNED,1826.0751509789052,34.17163069182223,173.61918150998667,,,,,,
567.9000000000606,T04,STATION_EVENT,STOP_TARGET_ASSIGNED,1827.0290302722763,34.50767843088894,172.67484902109481,,,,,,
567.9000000000606,T04,STATION_EVENT,RECEIVE_ROUTE_ASSIGNED,1827.0290302722763,34.50767843088894,172.67484902109481,,,,,,
568.0000000000606,T04,STATION_EVENT,STOP_TARGET_ASSIGNED,1827.9920803586595,34.831927788696156,171.72096972772374,,,,,,
568.0000000000606,T04,STATION_EVENT,RECEIVE_ROUTE_ASSIGNED,1827.9920803586595,34.831927788696156,171.72096972772374,,,,,,
568.1000000000606,T04,STATION_EVENT,STOP_TARGET_ASSIGNED,1828.9644980401097,35.182145275727585,170.75791964134055,,,,,,
568.1000000000606,T04,STATION_EVENT,RECEIVE_ROUTE_ASSIGNED,1828.9644980401097,35.182145275727585,170.75791964134055,,,,,,
568.2000000000606,T04,STATION_EVENT,STOP_TARGET_ASSIGNED,1829.9462686256454,35.50533688283989,169.78550195989033,,,,,,
568.2000000000606,T04,STATION_EVENT,RECEIVE_ROUTE_ASSIGNED,1829.9462686256454,35.50533688283989,169.78550195989033,,,,,,
568.3000000000607,T04,STATION_EVENT,STOP_TARGET_ASSIGNED,1830.9366414224382,35.80150448624542,168.80373137435458,,,,,,
568.3000000000607,T04,STATION_EVENT,RECEIVE_ROUTE_ASSIGNED,1830.9366414224382,35.80150448624542,168.80373137435458,,,,,,
568.4000000000607,T04,STATION_EVENT,STOP_TARGET_ASSIGNED,1831.9352695672549,36.09972194055697,167.81335857756176,,,,,,
568.4000000000607,T04,STATION_EVENT,RECEIVE_ROUTE_ASSIGNED,1831.9352695672549,36.09972194055697,167.81335857756176,,,,,,
568.5000000000607,T04,STATION_EVENT,STOP_TARGET_ASSIGNED,1832.941806219831,36.37091704492389,166.81473043274514,,,,,,
568.5000000000607,T04,STATION_EVENT,RECEIVE_ROUTE_ASSIGNED,1832.941806219831,36.37091704492389,166.81473043274514,,,,,,
568.6000000000607,T04,STATION_EVENT,STOP_TARGET_ASSIGNED,1833.955500786271,36.61509173874966,165.80819378016895,,,,,,
568.6000000000607,T04,STATION_EVENT,RECEIVE_ROUTE_ASSIGNED,1833.955500786271,36.61509173874966,165.80819378016895,,,,,,
568.7000000000608,T04,STATION_EVENT,STOP_TARGET_ASSIGNED,1834.9756027268886,36.83224798571874,164.79449921372907,,,,,,
568.7000000000608,T04,STATION_EVENT,RECEIVE_ROUTE_ASSIGNED,1834.9756027268886,36.83224798571874,164.79449921372907,,,,,,
568.8000000000608,T04,STATION_EVENT,STOP_TARGET_ASSIGNED,1836.001361556848,37.02238777135881,163.7743972731114,,,,,,
568.8000000000608,T04,STATION_EVENT,RECEIVE_ROUTE_ASSIGNED,1836.001361556848,37.02238777135881,163.7743972731114,,,,,,
568.9000000000608,T04,STATION_EVENT,STOP_TARGET_ASSIGNED,1837.0323348410434,37.20768869071282,162.748638443152,,,,,,
568.9000000000608,T04,STATION_EVENT,RECEIVE_ROUTE_ASSIGNED,1837.0323348410434,37.20768869071282,162.748638443152,,,,,,
569.0000000000608,T04,STATION_EVENT,STOP_TARGET_ASSIGNED,1838.0680801767883,37.36597548292277,161.7176651589566,,,,,,
569.0000000000608,T04,STATION_EVENT,RECEIVE_ROUTE_ASSIGNED,1838.0680801767883,37.36597548292277,161.7176651589566,,,,,,
569.1000000000608,T04,STATION_EVENT,STOP_TARGET_ASSIGNED,1839.107861163883,37.49825558790013,160.68191982321173,,,,,,
569.1000000000608,T04,STATION_EVENT,RECEIVE_ROUTE_ASSIGNED,1839.107861163883,37.49825558790013,160.68191982321173,,,,,,
569.2000000000609,T04,STATION_EVENT,STOP_TARGET_ASSIGNED,1840.150941457623,37.60352556138029,159.64213883611706,,,,,,
569.2000000000609,T04,STATION_EVENT,RECEIVE_ROUTE_ASSIGNED,1840.150941457623,37.60352556138029,159.64213883611706,,,,,,
569.3000000000609,T04,STATION_EVENT,STOP_TARGET_ASSIGNED,1841.1968774526827,37.70386608291861,158.59905854237695,,,,,,
569.3000000000609,T04,STATION_EVENT,RECEIVE_ROUTE_ASSIGNED,1841.1968774526827,37.70386608291861,158.59905854237695,,,,,,
569.4000000000609,T04,STATION_EVENT,STOP_TARGET_ASSIGNED,1842.2456005773697,37.80419889454814,157.55312254731734,,,,,,
569.4000000000609,T04,STATION_EVENT,RECEIVE_ROUTE_ASSIGNED,1842.2456005773697,37.80419889454814,157.55312254731734,,,,,,
569.5000000000609,T04,STATION_EVENT,STOP_TARGET_ASSIGNED,1843.2967356173729,37.87752398567568,156.50439942263029,,,,,,
569.5000000000609,T04,STATION_EVENT,RECEIVE_ROUTE_ASSIGNED,1843.2967356173729,37.87752398567568,156.50439942263029,,,,,,
569.600000000061,T04,STATION_EVENT,STOP_TARGET_ASSIGNED,1844.3497444235509,37.93911005914376,155.45326438262714,,,,,,
569.600000000061,T04,STATION_EVENT,RECEIVE_ROUTE_ASSIGNED,1844.3497444235509,37.93911005914376,155.45326438262714,,,,,,
569.700000000061,T04,STATION_EVENT,STOP_TARGET_ASSIGNED,1845.4042694435816,37.986691383072156,154.40025557644913,,,,,,
569.700000000061,T04,STATION_EVENT,RECEIVE_ROUTE_ASSIGNED,1845.4042694435816,37.986691383072156,154.40025557644913,,,,,,
569.800000000061,T04,STATION_EVENT,STOP_TARGET_ASSIGNED,1846.4602133382718,38.04126903462635,153.3457305564184,,,,,,
569.800000000061,T04,STATION_EVENT,RECEIVE_ROUTE_ASSIGNED,1846.4602133382718,38.04126903462635,153.3457305564184,,,,,,
569.900000000061,T04,STATION_EVENT,STOP_TARGET_ASSIGNED,1847.5176732202906,38.09584247072522,152.28978666172816,,,,,,
569.900000000061,T04,STATION_EVENT,RECEIVE_ROUTE_ASSIGNED,1847.5176732202906,38.09584247072522,152.28978666172816,,,,,,
570.000000000061,T04,STATION_EVENT,STOP_TARGET_ASSIGNED,1848.5762739725005,38.12341168838507,151.2323267797094,,,,,,
570.000000000061,T04,STATION_EVENT,RECEIVE_ROUTE_ASSIGNED,1848.5762739725005,38.12341168838507,151.2323267797094,,,,,,
570.1000000000611,T04,STATION_EVENT,STOP_TARGET_ASSIGNED,1849.6354774815736,38.1392409648727,150.17372602749947,,,,,,
570.1000000000611,T04,STATION_EVENT,RECEIVE_ROUTE_ASSIGNED,1849.6354774815736,38.1392409648727,150.17372602749947,,,,,,
570.2000000000611,T04,STATION_EVENT,STOP_TARGET_ASSIGNED,1850.6951183923509,38.15490461108424,149.11452251842638,,,,,,
570.2000000000611,T04,STATION_EVENT,RECEIVE_ROUTE_ASSIGNED,1850.6951183923509,38.15490461108424,149.11452251842638,,,,,,
570.3000000000611,T04,STATION_EVENT,STOP_TARGET_ASSIGNED,1851.7551921041654,38.170402639560145,148.05488160764912,,,,,,
570.3000000000611,T04,STATION_EVENT,RECEIVE_ROUTE_ASSIGNED,1851.7551921041654,38.170402639560145,148.05488160764912,,,,,,
570.4000000000611,T04,STATION_EVENT,STOP_TARGET_ASSIGNED,1852.815694016699,38.18573506284854,146.99480789583458,,,,,,
570.4000000000611,T04,STATION_EVENT,RECEIVE_ROUTE_ASSIGNED,1852.815694016699,38.18573506284854,146.99480789583458,,,,,,
570.5000000000612,T04,STATION_EVENT,STOP_TARGET_ASSIGNED,1853.8766195299816,38.200901893505154,145.9343059833011,,,,,,
570.5000000000612,T04,STATION_EVENT,RECEIVE_ROUTE_ASSIGNED,1853.8766195299816,38.200901893505154,145.9343059833011,,,,,,
570.6000000000612,T04,STATION_EVENT,STOP_TARGET_ASSIGNED,1854.9379640443926,38.21590314409318,144.87338047001845,,,,,,
570.6000000000612,T04,STATION_EVENT,RECEIVE_ROUTE_ASSIGNED,1854.9379640443926,38.21590314409318,144.87338047001845,,,,,,
570.7000000000612,T04,STATION_EVENT,STOP_TARGET_ASSIGNED,1855.9997229606604,38.23073882718323,143.81203595560737,,,,,,
570.7000000000612,T04,STATION_EVENT,RECEIVE_ROUTE_ASSIGNED,1855.9997229606604,38.23073882718323,143.81203595560737,,,,,,
570.8000000000612,T04,STATION_EVENT,STOP_TARGET_ASSIGNED,1857.0618916798624,38.24540895535321,142.7502770393396,,,,,,
570.8000000000612,T04,STATION_EVENT,RECEIVE_ROUTE_ASSIGNED,1857.0618916798624,38.24540895535321,142.7502770393396,,,,,,
570.9000000000613,T04,STATION_EVENT,STOP_TARGET_ASSIGNED,1858.1244656034255,38.259913541188254,141.68810832013764,,,,,,
570.9000000000613,T04,STATION_EVENT,RECEIVE_ROUTE_ASSIGNED,1858.1244656034255,38.259913541188254,141.68810832013764,,,,,,
571.0000000000613,T04,STATION_EVENT,STOP_TARGET_ASSIGNED,1859.1874401331265,38.2742525972806,140.6255343965745,,,,,,
571.0000000000613,T04,STATION_EVENT,RECEIVE_ROUTE_ASSIGNED,1859.1874401331265,38.2742525972806,140.6255343965745,,,,,,
571.1000000000613,T04,STATION_EVENT,STOP_TARGET_ASSIGNED,1860.250810671092,38.288426136229525,139.56255986687347,,,,,,
571.1000000000613,T04,STATION_EVENT,RECEIVE_ROUTE_ASSIGNED,1860.250810671092,38.288426136229525,139.56255986687347,,,,,,
571.2000000000613,T04,STATION_EVENT,STOP_TARGET_ASSIGNED,1861.3145726197986,38.30243417064123,138.49918932890796,,,,,,
571.2000000000613,T04,STATION_EVENT,RECEIVE_ROUTE_ASSIGNED,1861.3145726197986,38.30243417064123,138.49918932890796,,,,,,
571.3000000000613,T04,STATION_EVENT,STOP_TARGET_ASSIGNED,1862.378721382073,38.31627671312876,137.43542738020142,,,,,,
571.3000000000613,T04,STATION_EVENT,RECEIVE_ROUTE_ASSIGNED,1862.378721382073,38.31627671312876,137.43542738020142,,,,,,
571.4000000000614,T04,STATION_EVENT,STOP_TARGET_ASSIGNED,1863.442879644504,38.30311818190633,136.37127861792692,,,,,,
571.4000000000614,T04,STATION_EVENT,RECEIVE_ROUTE_ASSIGNED,1863.442879644504,38.30311818190633,136.37127861792692,,,,,,
571.5000000000614,T04,STATION_EVENT,STOP_TARGET_ASSIGNED,1864.5065056280994,38.27795263696059,135.30712035549595,,,,,,
571.5000000000614,T04,STATION_EVENT,RECEIVE_ROUTE_ASSIGNED,1864.5065056280994,38.27795263696059,135.30712035549595,,,,,,
571.6000000000614,T04,STATION_EVENT,STOP_TARGET_ASSIGNED,1865.5694262395273,38.252331385844,134.24349437190062,,,,,,
571.6000000000614,T04,STATION_EVENT,RECEIVE_ROUTE_ASSIGNED,1865.5694262395273,38.252331385844,134.24349437190062,,,,,,
571.7000000000614,T04,STATION_EVENT,STOP_TARGET_ASSIGNED,1866.6316288207636,38.2262544631714,133.18057376047273,,,,,,
571.7000000000614,T04,STATION_EVENT,RECEIVE_ROUTE_ASSIGNED,1866.6316288207636,38.2262544631714,133.18057376047273,,,,,,
571.8000000000615,T04,STATION_EVENT,STOP_TARGET_ASSIGNED,1867.6931007147452,38.19972190351605,132.11837117923642,,,,,,
571.8000000000615,T04,STATION_EVENT,RECEIVE_ROUTE_ASSIGNED,1867.6931007147452,38.19972190351605,132.11837117923642,,,,,,
571.9000000000615,T04,STATION_EVENT,STOP_TARGET_ASSIGNED,1868.7542106217252,38.20019139904293,131.05689928525476,,,,,,
571.9000000000615,T04,STATION_EVENT,RECEIVE_ROUTE_ASSIGNED,1868.7542106217252,38.20019139904293,131.05689928525476,,,,,,
572.0000000000615,T04,STATION_EVENT,STOP_TARGET_ASSIGNED,1869.81548280139,38.21140553682307,129.99578937827482,,,,,,
572.0000000000615,T04,STATION_EVENT,RECEIVE_ROUTE_ASSIGNED,1869.81548280139,38.21140553682307,129.99578937827482,,,,,,
572.1000000000615,T04,STATION_EVENT,STOP_TARGET_ASSIGNED,1870.877064189408,38.22245440046388,128.9345171986099,,,,,,
572.1000000000615,T04,STATION_EVENT,RECEIVE_ROUTE_ASSIGNED,1870.877064189408,38.22245440046388,128.9345171986099,,,,,,
572.2000000000616,T04,STATION_EVENT,STOP_TARGET_ASSIGNED,1871.9389501950066,38.233338002629345,127.87293581059203,,,,,,
572.2000000000616,T04,STATION_EVENT,RECEIVE_ROUTE_ASSIGNED,1871.9389501950066,38.233338002629345,127.87293581059203,,,,,,
572.3000000000616,T04,STATION_EVENT,STOP_TARGET_ASSIGNED,1873.001136227765,38.244056355988526,126.81104980499344,,,,,,
572.3000000000616,T04,STATION_EVENT,RECEIVE_ROUTE_ASSIGNED,1873.001136227765,38.244056355988526,126.81104980499344,,,,,,
572.4000000000616,T04,STATION_EVENT,STOP_TARGET_ASSIGNED,1874.0636176976152,38.25460947321553,125.74886377223493,,,,,,
572.4000000000616,T04,STATION_EVENT,RECEIVE_ROUTE_ASSIGNED,1874.0636176976152,38.25460947321553,125.74886377223493,,,,,,
572.5000000000616,T04,STATION_EVENT,STOP_TARGET_ASSIGNED,1875.1263900148404,38.26499736698936,124.6863823023848,,,,,,
572.5000000000616,T04,STATION_EVENT,RECEIVE_ROUTE_ASSIGNED,1875.1263900148404,38.26499736698936,124.6863823023848,,,,,,
572.6000000000616,T04,STATION_EVENT,STOP_TARGET_ASSIGNED,1876.1894485900762,38.27522004999388,123.62360998515965,,,,,,
572.6000000000616,T04,STATION_EVENT,RECEIVE_ROUTE_ASSIGNED,1876.1894485900762,38.27522004999388,123.62360998515965,,,,,,
572.7000000000617,T04,STATION_EVENT,STOP_TARGET_ASSIGNED,1877.252416117722,38.25844194051205,122.56055140992385,,,,,,
572.7000000000617,T04,STATION_EVENT,RECEIVE_ROUTE_ASSIGNED,1877.252416117722,38.25844194051205,122.56055140992385,,,,,,
572.8000000000617,T04,STATION_EVENT,STOP_TARGET_ASSIGNED,1878.3147512458813,38.2296872869505,121.49758388227792,,,,,,
572.8000000000617,T04,STATION_EVENT,RECEIVE_ROUTE_ASSIGNED,1878.3147512458813,38.2296872869505,121.49758388227792,,,,,,
572.9000000000617,T04,STATION_EVENT,STOP_TARGET_ASSIGNED,1879.3766626646125,38.22793486168497,120.43524875411867,,,,,,
572.9000000000617,T04,STATION_EVENT,RECEIVE_ROUTE_ASSIGNED,1879.3766626646125,38.22793486168497,120.43524875411867,,,,,,
573.0000000000617,T04,STATION_EVENT,STOP_TARGET_ASSIGNED,1880.438188524694,38.20192706417487,119.37333733538753,,,,,,
573.0000000000617,T04,STATION_EVENT,RECEIVE_ROUTE_ASSIGNED,1880.438188524694,38.20192706417487,119.37333733538753,,,,,,
573.1000000000618,T04,STATION_EVENT,STOP_TARGET_ASSIGNED,1881.4988224965475,38.16371890927642,118.16181147530597,,,,,,
573.1000000000618,T04,STATION_EVENT,RECEIVE_ROUTE_ASSIGNED,1881.4988224965475,38.16371890927642,118.16181147530597,,,,,,
573.2000000000618,T04,STATION_EVENT,STOP_TARGET_ASSIGNED,1882.5581272545126,38.10622366420818,117.10117750345239,,,,,,
573.2000000000618,T04,STATION_EVENT,RECEIVE_ROUTE_ASSIGNED,1882.5581272545126,38.10622366420818,117.10117750345239,,,,,,
573.3000000000618,T04,STATION_EVENT,STOP_TARGET_ASSIGNED,1883.6155960703816,38.03153107835716,116.04187274548735,,,,,,
573.3000000000618,T04,STATION_EVENT,RECEIVE_ROUTE_ASSIGNED,1883.6155960703816,38.03153107835716,116.04187274548735,,,,,,
573.4000000000618,T04,STATION_EVENT,STOP_TARGET_ASSIGNED,1884.6707485918628,37.93945046829549,114.98440392961834,,,,,,
573.4000000000618,T04,STATION_EVENT,RECEIVE_ROUTE_ASSIGNED,1884.6707485918628,37.93945046829549,114.98440392961834,,,,,,
573.5000000000618,T04,STATION_EVENT,STOP_TARGET_ASSIGNED,1885.7230992473178,37.829796724465986,113.92925140813713,,,,,,
573.5000000000618,T04,STATION_EVENT,RECEIVE_ROUTE_ASSIGNED,1885.7230992473178,37.829796724465986,113.92925140813713,,,,,,
573.6000000000619,T04,STATION_EVENT,STOP_TARGET_ASSIGNED,1886.7721574113452,37.70239108550897,112.8769007526821,,,,,,
573.6000000000619,T04,STATION_EVENT,RECEIVE_ROUTE_ASSIGNED,1886.7721574113452,37.70239108550897,112.8769007526821,,,,,,
573.7000000000619,T04,STATION_EVENT,STOP_TARGET_ASSIGNED,1887.8174275852193,37.557061433426746,111.82784258865468,,,,,,
573.7000000000619,T04,STATION_EVENT,RECEIVE_ROUTE_ASSIGNED,1887.8174275852193,37.557061433426746,111.82784258865468,,,,,,
573.8000000000619,T04,STATION_EVENT,STOP_TARGET_ASSIGNED,1888.858409585632,37.39364259627805,110.78257241478059,,,,,,
573.8000000000619,T04,STATION_EVENT,RECEIVE_ROUTE_ASSIGNED,1888.858409585632,37.39364259627805,110.78257241478059,,,,,,
573.9000000000619,T04,STATION_EVENT,STOP_TARGET_ASSIGNED,1889.8945987419484,37.21197665850185,109.74159041436792,,,,,,
573.9000000000619,T04,STATION_EVENT,RECEIVE_ROUTE_ASSIGNED,1889.8945987419484,37.21197665850185,109.74159041436792,,,,,,
574.000000000062,T04,STATION_EVENT,STOP_TARGET_ASSIGNED,1890.9261168151031,37.05732460864445,108.70540125805155,,,,,,
574.000000000062,T04,STATION_EVENT,RECEIVE_ROUTE_ASSIGNED,1890.9261168151031,37.05732460864445,108.70540125805155,,,,,,
574.100000000062,T04,STATION_EVENT,STOP_TARGET_ASSIGNED,1891.9529773825286,36.87663624598633,107.6738831848968,,,,,,
574.100000000062,T04,STATION_EVENT,RECEIVE_ROUTE_ASSIGNED,1891.9529773825286,36.87663624598633,107.6738831848968,,,,,,
574.200000000062,T04,STATION_EVENT,STOP_TARGET_ASSIGNED,1892.9748812301546,36.70044078307336,106.6470226174713,,,,,,
574.200000000062,T04,STATION_EVENT,RECEIVE_ROUTE_ASSIGNED,1892.9748812301546,36.70044078307336,106.6470226174713,,,,,,
574.300000000062,T04,STATION_EVENT,STOP_TARGET_ASSIGNED,1893.9922659450472,36.55125868919444,105.62511876984536,,,,,,
574.300000000062,T04,STATION_EVENT,RECEIVE_ROUTE_ASSIGNED,1893.9922659450472,36.55125868919444,105.62511876984536,,,,,,
574.400000000062,T04,STATION_EVENT,STOP_TARGET_ASSIGNED,1895.0051318697265,36.3750878877121,104.60773405495274,,,,,,
574.400000000062,T04,STATION_EVENT,RECEIVE_ROUTE_ASSIGNED,1895.0051318697265,36.3750878877121,104.60773405495274,,,,,,
574.5000000000621,T04,STATION_EVENT,STOP_TARGET_ASSIGNED,1896.0127293458017,36.17193038970387,103.59486813027343,,,,,,
574.5000000000621,T04,STATION_EVENT,RECEIVE_ROUTE_ASSIGNED,1896.0127293458017,36.17193038970387,103.59486813027343,,,,,,
574.6000000000621,T04,STATION_EVENT,STOP_TARGET_ASSIGNED,1897.0143929289075,35.947847593906076,102.58727065419816,,,,,,
574.6000000000621,T04,STATION_EVENT,RECEIVE_ROUTE_ASSIGNED,1897.0143929289075,35.947847593906076,102.58727065419816,,,,,,
574.7000000000621,T04,STATION_EVENT,STOP_TARGET_ASSIGNED,1898.0102072235343,35.75078161922918,101.58560707109245,,,,,,
574.7000000000621,T04,STATION_EVENT,RECEIVE_ROUTE_ASSIGNED,1898.0102072235343,35.75078161922918,101.58560707109245,,,,,,
574.8000000000621,T04,STATION_EVENT,STOP_TARGET_ASSIGNED,1899.0005080892815,35.55088071457174,100.58979277646563,,,,,,
574.8000000000621,T04,STATION_EVENT,RECEIVE_ROUTE_ASSIGNED,1899.0005080892815,35.55088071457174,100.58979277646563,,,,,,
574.9000000000622,T04,STATION_EVENT,STOP_TARGET_ASSIGNED,1899.9856313592745,35.377994724927525,99.59949191071837,,,,,,
574.9000000000622,T04,STATION_EVENT,RECEIVE_ROUTE_ASSIGNED,1899.9856313592745,35.377994724927525,99.59949191071837,,,,,,
575.0000000000622,T04,STATION_EVENT,STOP_TARGET_ASSIGNED,1900.965577419327,35.1781215988534,98.61436864072539,,,,,,
575.0000000000622,T04,STATION_EVENT,RECEIVE_ROUTE_ASSIGNED,1900.965577419327,35.1781215988534,98.61436864072539,,,,,,
575.1000000000622,T04,STATION_EVENT,STOP_TARGET_ASSIGNED,1901.939596654074,34.95126330293398,97.63442258067289,,,,,,
575.1000000000622,T04,STATION_EVENT,RECEIVE_ROUTE_ASSIGNED,1901.939596654074,34.95126330293398,97.63442258067289,,,,,,
575.2000000000622,T04,STATION_EVENT,STOP_TARGET_ASSIGNED,1902.9076895025262,34.75142178562868,96.66040334592594,,,,,,
575.2000000000622,T04,STATION_EVENT,RECEIVE_ROUTE_ASSIGNED,1902.9076895025262,34.75142178562868,96.66040334592594,,,,,,
575.3000000000623,T04,STATION_EVENT,STOP_TARGET_ASSIGNED,1903.870156603897,34.54620951306228,95.69231049747373,,,,,,
575.3000000000623,T04,STATION_EVENT,RECEIVE_ROUTE_ASSIGNED,1903.870156603897,34.54620951306228,95.69231049747373,,,,,,
575.4000000000623,T04,STATION_EVENT,STOP_TARGET_ASSIGNED,1904.8272985738467,34.36801232332787,94.72984339610298,,,,,,
575.4000000000623,T04,STATION_EVENT,RECEIVE_ROUTE_ASSIGNED,1904.8272985738467,34.36801232332787,94.72984339610298,,,,,,
575.5000000000623,T04,STATION_EVENT,STOP_TARGET_ASSIGNED,1905.7791158032387,34.16282819289547,93.77270142615316,,,,,,
575.5000000000623,T04,STATION_EVENT,RECEIVE_ROUTE_ASSIGNED,1905.7791158032387,34.16282819289547,93.77270142615316,,,,,,
575.6000000000623,T04,STATION_EVENT,STOP_TARGET_ASSIGNED,1906.7248586816931,33.930659055819255,92.8208841967612,,,,,,
575.6000000000623,T04,STATION_EVENT,RECEIVE_ROUTE_ASSIGNED,1906.7248586816931,33.930659055819255,92.8208841967612,,,,,,
575.7000000000623,T04,STATION_EVENT,STOP_TARGET_ASSIGNED,1907.6645276522956,33.72550682755516,91.87514131830676,,,,,,
575.7000000000623,T04,STATION_EVENT,RECEIVE_ROUTE_ASSIGNED,1907.6645276522956,33.72550682755516,91.87514131830676,,,,,,
575.8000000000624,T04,STATION_EVENT,STOP_TARGET_ASSIGNED,1908.598383994944,33.51214984313198,90.93547234770426,,,,,,
575.8000000000624,T04,STATION_EVENT,RECEIVE_ROUTE_ASSIGNED,1908.598383994944,33.51214984313198,90.93547234770426,,,,,,
575.9000000000624,T04,STATION_EVENT,STOP_TARGET_ASSIGNED,1909.5266889690986,33.325808295994186,90.0016160050559,,,,,,
575.9000000000624,T04,STATION_EVENT,RECEIVE_ROUTE_ASSIGNED,1909.5266889690986,33.325808295994186,90.0016160050559,,,,,,
576.0000000000624,T04,STATION_EVENT,STOP_TARGET_ASSIGNED,1910.4494429758497,33.11248019008194,89.07331103090132,,,,,,
576.0000000000624,T04,STATION_EVENT,RECEIVE_ROUTE_ASSIGNED,1910.4494429758497,33.11248019008194,89.07331103090132,,,,,,
576.1000000000624,T04,STATION_EVENT,STOP_TARGET_ASSIGNED,1911.3658964149429,32.87216742462798,88.1505570241502,,,,,,
576.1000000000624,T04,STATION_EVENT,RECEIVE_ROUTE_ASSIGNED,1911.3658964149429,32.87216742462798,88.1505570241502,,,,,,
576.2000000000625,T04,STATION_EVENT,STOP_TARGET_ASSIGNED,1912.2760497386118,32.658871879539234,87.23410358505703,,,,,,
576.2000000000625,T04,STATION_EVENT,RECEIVE_ROUTE_ASSIGNED,1912.2760497386118,32.658871879539234,87.23410358505703,,,,,,
576.3000000000625,T04,STATION_EVENT,STOP_TARGET_ASSIGNED,1913.1801233268961,32.43442647692176,86.32395026138806,,,,,,
576.3000000000625,T04,STATION_EVENT,RECEIVE_ROUTE_ASSIGNED,1913.1801233268961,32.43442647692176,86.32395026138806,,,,,,
576.4000000000625,T04,STATION_EVENT,STOP_TARGET_ASSIGNED,1914.0783375424992,32.236997046499795,85.41987667310377,,,,,,
576.4000000000625,T04,STATION_EVENT,RECEIVE_ROUTE_ASSIGNED,1914.0783375424992,32.236997046499795,85.41987667310377,,,,,,
576.5000000000625,T04,STATION_EVENT,STOP_TARGET_ASSIGNED,1914.9706928017488,32.01258161946473,84.52166245750072,,,,,,
576.5000000000625,T04,STATION_EVENT,RECEIVE_ROUTE_ASSIGNED,1914.9706928017488,32.01258161946473,84.52166245750072,,,,,,
576.6000000000626,T04,STATION_EVENT,STOP_TARGET_ASSIGNED,1915.8564395194817,31.761182057301088,83.62930719825113,,,,,,
576.6000000000626,T04,STATION_EVENT,RECEIVE_ROUTE_ASSIGNED,1915.8564395194817,31.761182057301088,83.62930719825113,,,,,,
576.7000000000626,T04,STATION_EVENT,STOP_TARGET_ASSIGNED,1916.7355781619606,31.536800201175595,82.74356048051823,,,,,,
576.7000000000626,T04,STATION_EVENT,RECEIVE_ROUTE_ASSIGNED,1916.7355781619606,31.536800201175595,82.74356048051823,,,,,,
576.8000000000626,T04,STATION_EVENT,STOP_TARGET_ASSIGNED,1917.6083346409284,31.30166628451144,81.86442183803933,,,,,,
576.8000000000626,T04,STATION_EVENT,RECEIVE_ROUTE_ASSIGNED,1917.6083346409284,31.30166628451144,81.86442183803933,,,,,,
576.9000000000626,T04,STATION_EVENT,STOP_TARGET_ASSIGNED,1918.4749348505206,31.093548806120335,80.99166535907148,,,,,,
576.9000000000626,T04,STATION_EVENT,RECEIVE_ROUTE_ASSIGNED,1918.4749348505206,31.093548806120335,80.99166535907148,,,,,,
577.0000000000626,T04,STATION_EVENT,STOP_TARGET_ASSIGNED,1919.3353792204116,30.85844582602699,80.12506514947927,,,,,,
577.0000000000626,T04,STATION_EVENT,RECEIVE_ROUTE_ASSIGNED,1919.3353792204116,30.85844582602699,80.12506514947927,,,,,,
577.1000000000627,T04,STATION_EVENT,STATION_LINE_OCCUPIED,1920.1896681786377,30.650359166259374,79.26462077958831,,,,,,
588.5000000000653,T04,STATION_STATE,final_approach,1975.0186426174573,9.799035261732328,23.853618316311213,,,,,,
588.5000000000653,T04,EOA_UPDATE,STATION_STOP_TARGET,1975.0186426174573,9.799035261732328,23.853618316311213,,,,,,
611.2000000000704,T04,STATION_STATE,aligned_stop,2000.0,0.0,-1.1457286559348177,,,,,,
611.2000000000704,T04,STATION_STATE,dwell_started,2000.0,0.0,-1.1457286559348177,,,,,,
611.2000000000704,T04,EOA_UPDATE,SAFETY_RESTRICTION,2000.0,0.0,-1.1457286559348177,,,,,,
